2026-09-17T09:00:04.878+09:00  INFO 1 --- [item-bank-api] [nio-8080-exec-5] c.example.common.GlobalExceptionHandler  : not found: 문항이 없습니다: id=47 (/api/items/47)
2026-09-17T09:00:08.779+09:00  INFO 1 --- [item-bank-api] [nio-8080-exec-2] c.example.common.GlobalExceptionHandler  : no handler for /api/unit
2026-09-17T09:00:53.270+09:00  INFO 1 --- [item-bank-api] [nio-8080-exec-1] c.example.common.GlobalExceptionHandler  : no handler for /api/unit
2026-09-17T09:01:03.844+09:00  INFO 1 --- [item-bank-api] [nio-8080-exec-1] c.example.common.GlobalExceptionHandler  : no handler for /api/unit
2026-09-17T09:01:28.110+09:00  INFO 1 --- [item-bank-api] [io-8080-exec-10] com.example.assignment.ReportService     : built class report for class 2: 3 distributions, 10 submissions
2026-09-17T09:01:32.509+09:00  INFO 1 --- [item-bank-api] [nio-8080-exec-9] com.example.assignment.ReportService     : built class report for class 1: 3 distributions, 10 submissions
2026-09-17T09:01:37.584+09:00  INFO 1 --- [item-bank-api] [nio-8080-exec-1] c.example.common.GlobalExceptionHandler  : no handler for /favicon.ico
2026-09-17T09:02:02.312+09:00  INFO 1 --- [item-bank-api] [nio-8080-exec-7] c.example.common.GlobalExceptionHandler  : no handler for /apple-touch-icon.png
2026-09-17T09:02:23.490+09:00  INFO 1 --- [item-bank-api] [nio-8080-exec-8] c.example.common.GlobalExceptionHandler  : bad request: Method parameter 'id': Failed to convert value of type 'java.lang.String' to required type 'java.lang.Integer'; For input string: "undefined" (/api/items/undefined)
2026-09-17T09:02:33.814+09:00  INFO 1 --- [item-bank-api] [nio-8080-exec-2] c.example.common.GlobalExceptionHandler  : not found: 문항이 없습니다: id=60 (/api/items/60)
2026-09-17T09:02:59.641+09:00  INFO 1 --- [item-bank-api] [nio-8080-exec-1] c.example.common.GlobalExceptionHandler  : no handler for /apple-touch-icon.png
2026-09-17T09:03:00.642+09:00  INFO 1 --- [item-bank-api] [nio-8080-exec-7] c.example.common.GlobalExceptionHandler  : no handler for /apple-touch-icon.png
2026-09-17T09:03:36.468+09:00  INFO 1 --- [item-bank-api] [nio-8080-exec-3] c.example.common.GlobalExceptionHandler  : no handler for /api/unit
2026-09-17T09:03:47.832+09:00  INFO 1 --- [item-bank-api] [nio-8080-exec-5] c.example.common.GlobalExceptionHandler  : no handler for /favicon.ico
2026-09-17T09:03:51.197+09:00  INFO 1 --- [item-bank-api] [nio-8080-exec-2] c.example.common.GlobalExceptionHandler  : no handler for /api/item/12
2026-09-17T09:03:53.850+09:00  INFO 1 --- [item-bank-api] [nio-8080-exec-3] c.example.common.GlobalExceptionHandler  : not found: 단원이 없습니다: code=M7-1 (/api/units/M7-1/items)
2026-09-17T09:04:06.320+09:00  INFO 1 --- [item-bank-api] [nio-8080-exec-7] c.example.common.GlobalExceptionHandler  : not found: 문항이 없습니다: id=40 (/api/items/40)
2026-09-17T09:04:07.462+09:00  INFO 1 --- [item-bank-api] [nio-8080-exec-9] c.example.common.GlobalExceptionHandler  : no handler for /api/unit
2026-09-17T09:04:15.573+09:00  INFO 1 --- [item-bank-api] [nio-8080-exec-7] c.example.common.GlobalExceptionHandler  : no handler for /apple-touch-icon.png
2026-09-17T09:04:20.847+09:00  INFO 1 --- [item-bank-api] [nio-8080-exec-2] c.example.common.GlobalExceptionHandler  : not found: 문항이 없습니다: id=63 (/api/items/63)
2026-09-17T09:04:46.296+09:00  INFO 1 --- [item-bank-api] [nio-8080-exec-3] c.example.common.GlobalExceptionHandler  : no handler for /robots.txt
2026-09-17T09:05:23.457+09:00  INFO 1 --- [item-bank-api] [nio-8080-exec-1] c.example.common.GlobalExceptionHandler  : not found: 문항이 없습니다: id=40 (/api/items/40)
2026-09-17T09:05:35.140+09:00  INFO 1 --- [item-bank-api] [nio-8080-exec-6] c.example.common.GlobalExceptionHandler  : no handler for /favicon.ico
2026-09-17T09:06:17.884+09:00  WARN 1 --- [item-bank-api] [nio-8080-exec-7] c.example.common.GlobalExceptionHandler  : state conflict: 마감된 과제는 재배포할 수 없습니다: distributionId=3 (/api/distributions/3/redistribute)
2026-09-17T09:06:22.064+09:00  INFO 1 --- [item-bank-api] [nio-8080-exec-1] c.example.common.GlobalExceptionHandler  : no handler for /apple-touch-icon.png
2026-09-17T09:06:39.190+09:00  INFO 1 --- [item-bank-api] [nio-8080-exec-2] c.example.common.GlobalExceptionHandler  : not found: 배포가 없습니다: id=15 (/api/distributions/15)
2026-09-17T09:06:50.058+09:00  INFO 1 --- [item-bank-api] [io-8080-exec-10] c.example.common.GlobalExceptionHandler  : not found: 문항이 없습니다: id=42 (/api/items/42)
2026-09-17T09:07:01.507+09:00  INFO 1 --- [item-bank-api] [nio-8080-exec-1] c.e.assignment.DistributionService       : redistributed distribution 8 (assignment 6, class 2) reason=STU-1003 결석으로 재배포
2026-09-17T09:07:26.895+09:00  INFO 1 --- [item-bank-api] [nio-8080-exec-2] c.example.common.GlobalExceptionHandler  : no handler for /api/unit
2026-09-17T09:07:28.688+09:00  INFO 1 --- [item-bank-api] [nio-8080-exec-4] c.example.common.GlobalExceptionHandler  : not found: 문항이 없습니다: id=42 (/api/items/42)
2026-09-17T09:07:42.480+09:00  INFO 1 --- [item-bank-api] [nio-8080-exec-7] c.example.common.GlobalExceptionHandler  : bad request: Method parameter 'id': Failed to convert value of type 'java.lang.String' to required type 'java.lang.Integer'; For input string: "null" (/api/items/null)
2026-09-17T09:07:55.777+09:00  INFO 1 --- [item-bank-api] [nio-8080-exec-4] c.example.common.GlobalExceptionHandler  : no handler for /api/item/12
2026-09-17T09:08:13.750+09:00  INFO 1 --- [item-bank-api] [io-8080-exec-10] c.example.common.GlobalExceptionHandler  : not found: 문항이 없습니다: id=45 (/api/items/45)
2026-09-17T09:08:28.660+09:00  INFO 1 --- [item-bank-api] [nio-8080-exec-7] c.example.common.GlobalExceptionHandler  : not found: 배포가 없습니다: id=14 (/api/distributions/14)
2026-09-17T09:08:56.608+09:00  INFO 1 --- [item-bank-api] [nio-8080-exec-6] c.example.common.GlobalExceptionHandler  : not found: 문항이 없습니다: id=41 (/api/items/41)
2026-09-17T09:10:17.995+09:00  INFO 1 --- [item-bank-api] [nio-8080-exec-4] c.example.common.GlobalExceptionHandler  : not found: 배포가 없습니다: id=10 (/api/distributions/10)
2026-09-17T09:10:57.977+09:00  INFO 1 --- [item-bank-api] [nio-8080-exec-9] c.example.common.GlobalExceptionHandler  : no handler for /favicon.ico
2026-09-17T09:10:59.336+09:00  INFO 1 --- [item-bank-api] [nio-8080-exec-6] c.example.common.GlobalExceptionHandler  : no handler for /api/item/12
2026-09-17T09:11:16.337+09:00  INFO 1 --- [item-bank-api] [nio-8080-exec-4] c.example.common.GlobalExceptionHandler  : not found: 문항이 없습니다: id=46 (/api/items/46)
2026-09-17T09:11:30.080+09:00  INFO 1 --- [item-bank-api] [nio-8080-exec-9] c.example.common.GlobalExceptionHandler  : not found: 문항이 없습니다: id=39 (/api/items/39)
2026-09-17T09:11:33.729+09:00  INFO 1 --- [item-bank-api] [nio-8080-exec-7] c.example.common.GlobalExceptionHandler  : no handler for /apple-touch-icon.png
2026-09-17T09:11:53.023+09:00  INFO 1 --- [item-bank-api] [nio-8080-exec-4] c.example.common.GlobalExceptionHandler  : no handler for /api/item/12
2026-09-17T09:11:58.357+09:00  INFO 1 --- [item-bank-api] [io-8080-exec-10] c.example.common.GlobalExceptionHandler  : no handler for /api/unit
2026-09-17T09:13:00.548+09:00  INFO 1 --- [item-bank-api] [nio-8080-exec-8] c.example.common.GlobalExceptionHandler  : no handler for /favicon.ico
2026-09-17T09:13:24.680+09:00  INFO 1 --- [item-bank-api] [nio-8080-exec-2] c.example.common.GlobalExceptionHandler  : no handler for /robots.txt
2026-09-17T09:13:51.215+09:00  INFO 1 --- [item-bank-api] [nio-8080-exec-6] c.example.common.GlobalExceptionHandler  : no handler for /favicon.ico
2026-09-17T09:14:14.946+09:00  INFO 1 --- [item-bank-api] [nio-8080-exec-6] c.example.common.GlobalExceptionHandler  : no handler for /favicon.ico
2026-09-17T09:14:18.659+09:00  INFO 1 --- [item-bank-api] [io-8080-exec-10] c.example.common.GlobalExceptionHandler  : no handler for /favicon.ico
2026-09-17T09:14:20.652+09:00  INFO 1 --- [item-bank-api] [nio-8080-exec-4] c.example.common.GlobalExceptionHandler  : not found: 문항이 없습니다: id=52 (/api/items/52)
2026-09-17T09:14:29.951+09:00  INFO 1 --- [item-bank-api] [io-8080-exec-10] c.example.common.GlobalExceptionHandler  : not found: 문항이 없습니다: id=40 (/api/items/40)
2026-09-17T09:14:36.060+09:00  INFO 1 --- [item-bank-api] [io-8080-exec-10] c.example.common.GlobalExceptionHandler  : no handler for /api/unit
2026-09-17T09:14:39.117+09:00  INFO 1 --- [item-bank-api] [io-8080-exec-10] c.example.common.GlobalExceptionHandler  : no handler for /favicon.ico
2026-09-17T09:14:45.135+09:00  INFO 1 --- [item-bank-api] [nio-8080-exec-5] c.example.common.GlobalExceptionHandler  : no handler for /api/unit
2026-09-17T09:14:56.927+09:00  INFO 1 --- [item-bank-api] [nio-8080-exec-8] c.example.common.GlobalExceptionHandler  : no handler for /api/item/12
2026-09-17T09:15:20.558+09:00  INFO 1 --- [item-bank-api] [nio-8080-exec-8] c.example.common.GlobalExceptionHandler  : no handler for /api/item/12
2026-09-17T09:15:22.837+09:00  INFO 1 --- [item-bank-api] [nio-8080-exec-1] c.example.common.GlobalExceptionHandler  : no handler for /api/item/12
2026-09-17T09:15:38.992+09:00  INFO 1 --- [item-bank-api] [nio-8080-exec-9] c.example.common.GlobalExceptionHandler  : no handler for /robots.txt
2026-09-17T09:15:46.219+09:00  INFO 1 --- [item-bank-api] [nio-8080-exec-2] c.example.common.GlobalExceptionHandler  : not found: 문항이 없습니다: id=55 (/api/items/55)
2026-09-17T09:15:53.787+09:00  INFO 1 --- [item-bank-api] [nio-8080-exec-1] c.e.assignment.DistributionService       : redistributed distribution 43 (assignment 6, class 1) reason=STU-1003 결석으로 재배포
2026-09-17T09:15:57.335+09:00  INFO 1 --- [item-bank-api] [nio-8080-exec-6] c.example.common.GlobalExceptionHandler  : not found: 문항이 없습니다: id=61 (/api/items/61)
2026-09-17T09:15:59.557+09:00  INFO 1 --- [item-bank-api] [nio-8080-exec-7] c.example.common.GlobalExceptionHandler  : no handler for /apple-touch-icon.png
2026-09-17T09:16:03.942+09:00  INFO 1 --- [item-bank-api] [io-8080-exec-10] c.example.common.GlobalExceptionHandler  : no handler for /api/item/12
2026-09-17T09:16:18.221+09:00  INFO 1 --- [item-bank-api] [io-8080-exec-10] c.example.common.GlobalExceptionHandler  : no handler for /robots.txt
2026-09-17T09:16:22.063+09:00  INFO 1 --- [item-bank-api] [nio-8080-exec-8] c.example.common.GlobalExceptionHandler  : no handler for /favicon.ico
2026-09-17T09:16:43.027+09:00  INFO 1 --- [item-bank-api] [nio-8080-exec-6] c.example.common.GlobalExceptionHandler  : not found: 문항이 없습니다: id=59 (/api/items/59)
2026-09-17T09:16:53.259+09:00  INFO 1 --- [item-bank-api] [nio-8080-exec-6] com.example.assignment.ReportService     : built class report for class 1: 3 distributions, 10 submissions
2026-09-17T09:17:13.596+09:00  INFO 1 --- [item-bank-api] [io-8080-exec-10] c.example.common.GlobalExceptionHandler  : no handler for /favicon.ico
2026-09-17T09:18:22.592+09:00  INFO 1 --- [item-bank-api] [nio-8080-exec-7] c.example.common.GlobalExceptionHandler  : no handler for /apple-touch-icon.png
2026-09-17T09:18:24.646+09:00  INFO 1 --- [item-bank-api] [nio-8080-exec-3] c.example.common.GlobalExceptionHandler  : no handler for /favicon.ico
2026-09-17T09:18:25.741+09:00  INFO 1 --- [item-bank-api] [nio-8080-exec-1] c.example.common.GlobalExceptionHandler  : not found: 배포가 없습니다: id=13 (/api/distributions/13)
2026-09-17T09:19:08.356+09:00  INFO 1 --- [item-bank-api] [nio-8080-exec-4] c.example.common.GlobalExceptionHandler  : no handler for /favicon.ico
2026-09-17T09:19:10.786+09:00  INFO 1 --- [item-bank-api] [nio-8080-exec-1] c.example.common.GlobalExceptionHandler  : no handler for /robots.txt
2026-09-17T09:19:20.117+09:00  INFO 1 --- [item-bank-api] [nio-8080-exec-8] c.example.common.GlobalExceptionHandler  : not found: 배포가 없습니다: id=12 (/api/distributions/12)
2026-09-17T09:19:30.382+09:00  INFO 1 --- [item-bank-api] [nio-8080-exec-7] c.example.common.GlobalExceptionHandler  : no handler for /api/item/12
2026-09-17T09:19:45.671+09:00  INFO 1 --- [item-bank-api] [nio-8080-exec-1] c.example.common.GlobalExceptionHandler  : not found: 문항이 없습니다: id=40 (/api/items/40)
2026-09-17T09:19:52.789+09:00  INFO 1 --- [item-bank-api] [nio-8080-exec-8] c.example.common.GlobalExceptionHandler  : not found: 단원이 없습니다: code=M7-1 (/api/units/M7-1/items)
2026-09-17T09:20:17.057+09:00  INFO 1 --- [item-bank-api] [nio-8080-exec-1] c.example.common.GlobalExceptionHandler  : no handler for /api/item/12
2026-09-17T09:21:40.402+09:00  INFO 1 --- [item-bank-api] [nio-8080-exec-6] c.example.common.GlobalExceptionHandler  : no handler for /api/unit
2026-09-17T09:21:41.201+09:00  INFO 1 --- [item-bank-api] [nio-8080-exec-5] c.example.common.GlobalExceptionHandler  : no handler for /apple-touch-icon.png
2026-09-17T09:22:03.018+09:00  INFO 1 --- [item-bank-api] [nio-8080-exec-7] c.example.common.GlobalExceptionHandler  : no handler for /robots.txt
2026-09-17T09:23:17.130+09:00  INFO 1 --- [item-bank-api] [nio-8080-exec-2] c.example.common.GlobalExceptionHandler  : no handler for /robots.txt
2026-09-17T09:23:17.829+09:00  INFO 1 --- [item-bank-api] [nio-8080-exec-7] c.example.common.GlobalExceptionHandler  : not found: 문항이 없습니다: id=33 (/api/items/33)
2026-09-17T09:23:55.288+09:00  INFO 1 --- [item-bank-api] [nio-8080-exec-7] c.example.common.GlobalExceptionHandler  : not found: 문항이 없습니다: id=36 (/api/items/36)
2026-09-17T09:23:56.658+09:00  INFO 1 --- [item-bank-api] [nio-8080-exec-2] c.example.common.GlobalExceptionHandler  : no handler for /robots.txt
2026-09-17T09:24:09.535+09:00  INFO 1 --- [item-bank-api] [nio-8080-exec-1] c.example.common.GlobalExceptionHandler  : not found: 문항이 없습니다: id=49 (/api/items/49)
2026-09-17T09:24:17.054+09:00  INFO 1 --- [item-bank-api] [nio-8080-exec-6] c.example.common.GlobalExceptionHandler  : no handler for /robots.txt
2026-09-17T09:24:17.872+09:00  INFO 1 --- [item-bank-api] [nio-8080-exec-9] c.example.common.GlobalExceptionHandler  : no handler for /api/unit
2026-09-17T09:24:19.159+09:00  INFO 1 --- [item-bank-api] [io-8080-exec-10] c.example.common.GlobalExceptionHandler  : no handler for /api/unit
2026-09-17T09:24:24.911+09:00  INFO 1 --- [item-bank-api] [nio-8080-exec-6] c.example.common.GlobalExceptionHandler  : no handler for /api/unit
2026-09-17T09:24:40.876+09:00  INFO 1 --- [item-bank-api] [nio-8080-exec-5] c.example.common.GlobalExceptionHandler  : no handler for /favicon.ico
2026-09-17T09:24:57.503+09:00  INFO 1 --- [item-bank-api] [nio-8080-exec-6] c.example.common.GlobalExceptionHandler  : no handler for /api/item/12
2026-09-17T09:25:30.180+09:00  INFO 1 --- [item-bank-api] [nio-8080-exec-7] c.example.common.GlobalExceptionHandler  : no handler for /apple-touch-icon.png
2026-09-17T09:25:36.294+09:00  INFO 1 --- [item-bank-api] [nio-8080-exec-4] c.example.common.GlobalExceptionHandler  : not found: 문항이 없습니다: id=45 (/api/items/45)
2026-09-17T09:25:41.027+09:00  INFO 1 --- [item-bank-api] [nio-8080-exec-6] c.example.common.GlobalExceptionHandler  : no handler for /favicon.ico
2026-09-17T09:25:43.732+09:00  INFO 1 --- [item-bank-api] [nio-8080-exec-2] c.example.common.GlobalExceptionHandler  : no handler for /favicon.ico
2026-09-17T09:25:44.170+09:00  INFO 1 --- [item-bank-api] [nio-8080-exec-2] c.example.common.GlobalExceptionHandler  : not found: 단원이 없습니다: code=M7-1 (/api/units/M7-1/items)
2026-09-17T09:25:53.421+09:00  INFO 1 --- [item-bank-api] [io-8080-exec-10] c.example.common.GlobalExceptionHandler  : no handler for /apple-touch-icon.png
2026-09-17T09:26:14.868+09:00  INFO 1 --- [item-bank-api] [nio-8080-exec-9] c.example.common.GlobalExceptionHandler  : not found: 단원이 없습니다: code=M7-1 (/api/units/M7-1/items)
2026-09-17T09:26:18.604+09:00  INFO 1 --- [item-bank-api] [nio-8080-exec-3] c.example.common.GlobalExceptionHandler  : bad request: Method parameter 'id': Failed to convert value of type 'java.lang.String' to required type 'java.lang.Integer'; For input string: "null" (/api/items/null)
2026-09-17T09:26:30.892+09:00  INFO 1 --- [item-bank-api] [io-8080-exec-10] c.example.common.GlobalExceptionHandler  : no handler for /favicon.ico
2026-09-17T09:26:39.818+09:00  INFO 1 --- [item-bank-api] [nio-8080-exec-8] c.example.common.GlobalExceptionHandler  : not found: 배포가 없습니다: id=14 (/api/distributions/14)
2026-09-17T09:26:49.094+09:00  INFO 1 --- [item-bank-api] [nio-8080-exec-8] c.example.common.GlobalExceptionHandler  : no handler for /robots.txt
2026-09-17T09:26:54.439+09:00  INFO 1 --- [item-bank-api] [nio-8080-exec-4] c.example.common.GlobalExceptionHandler  : not found: 문항이 없습니다: id=51 (/api/items/51)
2026-09-17T09:27:11.984+09:00  INFO 1 --- [item-bank-api] [nio-8080-exec-5] com.example.assignment.ReportService     : built class report for class 2: 3 distributions, 10 submissions
2026-09-17T09:27:31.055+09:00  WARN 1 --- [item-bank-api] [io-8080-exec-10] c.example.common.GlobalExceptionHandler  : state conflict: 마감된 과제는 재배포할 수 없습니다: distributionId=3 (/api/distributions/3/redistribute)
2026-09-17T09:27:51.895+09:00  INFO 1 --- [item-bank-api] [nio-8080-exec-4] c.example.common.GlobalExceptionHandler  : not found: 문항이 없습니다: id=61 (/api/items/61)
2026-09-17T09:27:52.399+09:00  INFO 1 --- [item-bank-api] [nio-8080-exec-9] c.example.common.GlobalExceptionHandler  : no handler for /apple-touch-icon.png
2026-09-17T09:29:02.641+09:00  INFO 1 --- [item-bank-api] [nio-8080-exec-3] c.example.common.GlobalExceptionHandler  : no handler for /robots.txt
2026-09-17T09:30:11.431+09:00  INFO 1 --- [item-bank-api] [nio-8080-exec-6] c.example.common.GlobalExceptionHandler  : not found: 문항이 없습니다: id=40 (/api/items/40)
2026-09-17T09:30:18.256+09:00  INFO 1 --- [item-bank-api] [nio-8080-exec-2] c.example.common.GlobalExceptionHandler  : not found: 단원이 없습니다: code=M7-1 (/api/units/M7-1/items)
2026-09-17T09:30:48.242+09:00  INFO 1 --- [item-bank-api] [nio-8080-exec-5] c.example.common.GlobalExceptionHandler  : not found: 문항이 없습니다: id=58 (/api/items/58)
2026-09-17T09:30:48.762+09:00  INFO 1 --- [item-bank-api] [nio-8080-exec-7] c.example.common.GlobalExceptionHandler  : no handler for /favicon.ico
2026-09-17T09:30:51.420+09:00  INFO 1 --- [item-bank-api] [nio-8080-exec-5] c.example.common.GlobalExceptionHandler  : no handler for /robots.txt
2026-09-17T09:30:57.511+09:00  INFO 1 --- [item-bank-api] [nio-8080-exec-1] com.example.assignment.ReportService     : built class report for class 2: 3 distributions, 10 submissions
2026-09-17T09:30:58.821+09:00  INFO 1 --- [item-bank-api] [io-8080-exec-10] c.example.common.GlobalExceptionHandler  : no handler for /api/unit
2026-09-17T09:31:29.294+09:00  INFO 1 --- [item-bank-api] [nio-8080-exec-1] c.example.common.GlobalExceptionHandler  : no handler for /api/unit
2026-09-17T09:31:34.553+09:00  INFO 1 --- [item-bank-api] [nio-8080-exec-2] c.example.common.GlobalExceptionHandler  : no handler for /api/item/12
2026-09-17T09:31:52.127+09:00  INFO 1 --- [item-bank-api] [nio-8080-exec-7] c.example.common.GlobalExceptionHandler  : no handler for /robots.txt
2026-09-17T09:32:39.489+09:00  INFO 1 --- [item-bank-api] [nio-8080-exec-8] c.example.common.GlobalExceptionHandler  : no handler for /robots.txt
2026-09-17T09:32:57.794+09:00  INFO 1 --- [item-bank-api] [nio-8080-exec-3] c.example.common.GlobalExceptionHandler  : no handler for /apple-touch-icon.png
2026-09-17T09:33:36.121+09:00  INFO 1 --- [item-bank-api] [nio-8080-exec-4] c.example.common.GlobalExceptionHandler  : not found: 문항이 없습니다: id=37 (/api/items/37)
2026-09-17T09:33:59.109+09:00  INFO 1 --- [item-bank-api] [nio-8080-exec-3] com.example.assignment.ReportService     : built class report for class 1: 3 distributions, 10 submissions
2026-09-17T09:34:52.113+09:00  INFO 1 --- [item-bank-api] [nio-8080-exec-1] c.example.common.GlobalExceptionHandler  : not found: 문항이 없습니다: id=38 (/api/items/38)
2026-09-17T09:35:23.767+09:00  INFO 1 --- [item-bank-api] [io-8080-exec-10] c.example.common.GlobalExceptionHandler  : not found: 문항이 없습니다: id=52 (/api/items/52)
2026-09-17T09:35:29.632+09:00  INFO 1 --- [item-bank-api] [nio-8080-exec-6] c.example.common.GlobalExceptionHandler  : no handler for /apple-touch-icon.png
2026-09-17T09:35:34.958+09:00  INFO 1 --- [item-bank-api] [nio-8080-exec-2] c.example.common.GlobalExceptionHandler  : not found: 배포가 없습니다: id=11 (/api/distributions/11)
2026-09-17T09:35:50.525+09:00  INFO 1 --- [item-bank-api] [nio-8080-exec-8] c.example.common.GlobalExceptionHandler  : no handler for /robots.txt
2026-09-17T09:36:03.488+09:00  INFO 1 --- [item-bank-api] [io-8080-exec-10] c.e.assignment.DistributionService       : redistributed distribution 44 (assignment 5, class 2) reason=null
2026-09-17T09:36:12.046+09:00  WARN 1 --- [item-bank-api] [nio-8080-exec-6] c.example.common.GlobalExceptionHandler  : state conflict: 마감된 과제는 재배포할 수 없습니다: distributionId=3 (/api/distributions/3/redistribute)
2026-09-17T09:36:27.031+09:00  INFO 1 --- [item-bank-api] [nio-8080-exec-1] c.example.common.GlobalExceptionHandler  : not found: 문항이 없습니다: id=54 (/api/items/54)
2026-09-17T09:36:44.221+09:00  INFO 1 --- [item-bank-api] [nio-8080-exec-6] c.example.common.GlobalExceptionHandler  : bad request: Method parameter 'id': Failed to convert value of type 'java.lang.String' to required type 'java.lang.Integer'; For input string: "undefined" (/api/items/undefined)
2026-09-17T09:36:45.490+09:00  INFO 1 --- [item-bank-api] [nio-8080-exec-1] c.example.common.GlobalExceptionHandler  : not found: 문항이 없습니다: id=40 (/api/items/40)
2026-09-17T09:36:49.630+09:00  INFO 1 --- [item-bank-api] [nio-8080-exec-4] c.example.common.GlobalExceptionHandler  : no handler for /api/unit
2026-09-17T09:36:50.344+09:00  INFO 1 --- [item-bank-api] [nio-8080-exec-5] c.example.common.GlobalExceptionHandler  : no handler for /api/unit
2026-09-17T09:37:44.961+09:00  INFO 1 --- [item-bank-api] [nio-8080-exec-4] c.example.common.GlobalExceptionHandler  : no handler for /api/item/12
2026-09-17T09:37:45.256+09:00  INFO 1 --- [item-bank-api] [nio-8080-exec-5] c.example.common.GlobalExceptionHandler  : not found: 문항이 없습니다: id=31 (/api/items/31)
2026-09-17T09:37:47.229+09:00  INFO 1 --- [item-bank-api] [nio-8080-exec-6] c.example.common.GlobalExceptionHandler  : no handler for /favicon.ico
2026-09-17T09:38:03.758+09:00  INFO 1 --- [item-bank-api] [nio-8080-exec-4] c.e.assignment.DistributionService       : redistributed distribution 5 (assignment 3, class 3) reason=STU-1003 보충 제출 기회
2026-09-17T09:38:35.870+09:00  INFO 1 --- [item-bank-api] [io-8080-exec-10] c.example.common.GlobalExceptionHandler  : no handler for /favicon.ico
2026-09-17T09:38:48.805+09:00  INFO 1 --- [item-bank-api] [nio-8080-exec-1] c.example.common.GlobalExceptionHandler  : no handler for /api/unit
2026-09-17T09:38:59.317+09:00  INFO 1 --- [item-bank-api] [nio-8080-exec-4] c.example.common.GlobalExceptionHandler  : not found: 문항이 없습니다: id=46 (/api/items/46)
2026-09-17T09:39:04.423+09:00  INFO 1 --- [item-bank-api] [nio-8080-exec-4] c.example.common.GlobalExceptionHandler  : no handler for /api/unit
2026-09-17T09:39:42.755+09:00  INFO 1 --- [item-bank-api] [nio-8080-exec-2] c.example.common.GlobalExceptionHandler  : no handler for /api/unit
2026-09-17T09:40:15.887+09:00  INFO 1 --- [item-bank-api] [nio-8080-exec-6] c.example.common.GlobalExceptionHandler  : no handler for /api/unit
2026-09-17T09:40:26.939+09:00  INFO 1 --- [item-bank-api] [nio-8080-exec-8] c.example.common.GlobalExceptionHandler  : no handler for /api/unit
2026-09-17T09:40:51.926+09:00  INFO 1 --- [item-bank-api] [nio-8080-exec-8] c.example.common.GlobalExceptionHandler  : no handler for /robots.txt
2026-09-17T09:41:04.339+09:00  INFO 1 --- [item-bank-api] [nio-8080-exec-9] c.example.common.GlobalExceptionHandler  : not found: 단원이 없습니다: code=M7-1 (/api/units/M7-1/items)
2026-09-17T09:41:08.678+09:00  INFO 1 --- [item-bank-api] [nio-8080-exec-1] c.example.common.GlobalExceptionHandler  : no handler for /api/item/12
2026-09-17T09:41:38.001+09:00  INFO 1 --- [item-bank-api] [nio-8080-exec-4] c.example.common.GlobalExceptionHandler  : no handler for /favicon.ico
2026-09-17T09:41:38.381+09:00  INFO 1 --- [item-bank-api] [nio-8080-exec-2] c.example.common.GlobalExceptionHandler  : no handler for /api/item/12
2026-09-17T09:42:21.154+09:00  INFO 1 --- [item-bank-api] [nio-8080-exec-9] c.example.common.GlobalExceptionHandler  : no handler for /apple-touch-icon.png
2026-09-17T09:42:30.773+09:00  INFO 1 --- [item-bank-api] [nio-8080-exec-1] c.example.common.GlobalExceptionHandler  : no handler for /api/unit
2026-09-17T09:42:44.071+09:00  INFO 1 --- [item-bank-api] [io-8080-exec-10] c.example.common.GlobalExceptionHandler  : not found: 단원이 없습니다: code=M7-1 (/api/units/M7-1/items)
2026-09-17T09:42:47.631+09:00  INFO 1 --- [item-bank-api] [nio-8080-exec-4] c.example.common.GlobalExceptionHandler  : no handler for /robots.txt
2026-09-17T09:43:03.879+09:00  INFO 1 --- [item-bank-api] [nio-8080-exec-2] c.example.common.GlobalExceptionHandler  : no handler for /favicon.ico
2026-09-17T09:43:05.938+09:00  INFO 1 --- [item-bank-api] [nio-8080-exec-1] c.example.common.GlobalExceptionHandler  : no handler for /favicon.ico
2026-09-17T09:43:32.398+09:00  INFO 1 --- [item-bank-api] [nio-8080-exec-7] c.example.common.GlobalExceptionHandler  : no handler for /favicon.ico
2026-09-17T09:43:55.660+09:00  INFO 1 --- [item-bank-api] [nio-8080-exec-8] c.example.common.GlobalExceptionHandler  : no handler for /api/unit
2026-09-17T09:43:58.133+09:00  INFO 1 --- [item-bank-api] [nio-8080-exec-2] c.e.assignment.DistributionService       : redistributed distribution 6 (assignment 4, class 3) reason=STU-1003 보충 제출 기회
2026-09-17T09:44:24.960+09:00  WARN 1 --- [item-bank-api] [nio-8080-exec-1] c.example.common.GlobalExceptionHandler  : state conflict: 마감된 과제는 재배포할 수 없습니다: distributionId=2 (/api/distributions/2/redistribute)
2026-09-17T09:44:42.485+09:00  INFO 1 --- [item-bank-api] [nio-8080-exec-9] c.example.common.GlobalExceptionHandler  : no handler for /favicon.ico
2026-09-17T09:44:54.360+09:00  INFO 1 --- [item-bank-api] [nio-8080-exec-8] c.example.common.GlobalExceptionHandler  : not found: 문항이 없습니다: id=44 (/api/items/44)
2026-09-17T09:45:10.608+09:00  INFO 1 --- [item-bank-api] [nio-8080-exec-5] c.e.assignment.DistributionService       : redistributed distribution 43 (assignment 6, class 1) reason=보강 수업 후 재배포
2026-09-17T09:45:21.153+09:00  INFO 1 --- [item-bank-api] [nio-8080-exec-4] c.example.common.GlobalExceptionHandler  : not found: 문항이 없습니다: id=51 (/api/items/51)
2026-09-17T09:45:31.588+09:00  INFO 1 --- [item-bank-api] [nio-8080-exec-6] c.example.common.GlobalExceptionHandler  : no handler for /robots.txt
2026-09-17T09:45:32.742+09:00  INFO 1 --- [item-bank-api] [nio-8080-exec-5] c.example.common.GlobalExceptionHandler  : not found: 문항이 없습니다: id=57 (/api/items/57)
2026-09-17T09:45:32.801+09:00  INFO 1 --- [item-bank-api] [nio-8080-exec-1] c.example.common.GlobalExceptionHandler  : no handler for /favicon.ico
2026-09-17T09:45:39.667+09:00  INFO 1 --- [item-bank-api] [nio-8080-exec-4] c.example.common.GlobalExceptionHandler  : no handler for /favicon.ico
2026-09-17T09:45:42.956+09:00  INFO 1 --- [item-bank-api] [nio-8080-exec-6] c.example.common.GlobalExceptionHandler  : bad request: Method parameter 'id': Failed to convert value of type 'java.lang.String' to required type 'java.lang.Integer'; For input string: "NaN" (/api/items/NaN)
2026-09-17T09:46:01.312+09:00  INFO 1 --- [item-bank-api] [nio-8080-exec-3] c.example.common.GlobalExceptionHandler  : not found: 단원이 없습니다: code=M7-1 (/api/units/M7-1/items)
2026-09-17T09:46:27.421+09:00  INFO 1 --- [item-bank-api] [nio-8080-exec-8] c.example.common.GlobalExceptionHandler  : not found: 문항이 없습니다: id=42 (/api/items/42)
2026-09-17T09:46:46.929+09:00  INFO 1 --- [item-bank-api] [nio-8080-exec-3] c.example.common.GlobalExceptionHandler  : no handler for /apple-touch-icon.png
2026-09-17T09:47:11.497+09:00  INFO 1 --- [item-bank-api] [nio-8080-exec-6] c.example.common.GlobalExceptionHandler  : not found: 문항이 없습니다: id=35 (/api/items/35)
2026-09-17T09:47:39.061+09:00  INFO 1 --- [item-bank-api] [nio-8080-exec-2] c.example.common.GlobalExceptionHandler  : not found: 배포가 없습니다: id=11 (/api/distributions/11)
2026-09-17T09:48:08.685+09:00  INFO 1 --- [item-bank-api] [nio-8080-exec-2] c.example.common.GlobalExceptionHandler  : no handler for /robots.txt
2026-09-17T09:48:20.517+09:00  INFO 1 --- [item-bank-api] [nio-8080-exec-7] c.example.common.GlobalExceptionHandler  : bad request: Method parameter 'id': Failed to convert value of type 'java.lang.String' to required type 'java.lang.Integer'; For input string: "NaN" (/api/items/NaN)
2026-09-17T09:48:45.056+09:00  INFO 1 --- [item-bank-api] [nio-8080-exec-9] c.example.common.GlobalExceptionHandler  : no handler for /api/unit
2026-09-17T09:48:48.555+09:00  INFO 1 --- [item-bank-api] [nio-8080-exec-6] c.example.common.GlobalExceptionHandler  : no handler for /robots.txt
2026-09-17T09:49:16.656+09:00  INFO 1 --- [item-bank-api] [nio-8080-exec-4] com.example.assignment.ReportService     : built class report for class 2: 3 distributions, 10 submissions
2026-09-17T09:49:20.318+09:00  INFO 1 --- [item-bank-api] [nio-8080-exec-7] c.example.common.GlobalExceptionHandler  : no handler for /api/unit
2026-09-17T09:49:29.248+09:00  INFO 1 --- [item-bank-api] [nio-8080-exec-9] c.example.common.GlobalExceptionHandler  : not found: 단원이 없습니다: code=M7-1 (/api/units/M7-1/items)
2026-09-17T09:49:31.352+09:00  INFO 1 --- [item-bank-api] [nio-8080-exec-4] c.example.common.GlobalExceptionHandler  : no handler for /robots.txt
2026-09-17T09:50:10.105+09:00  INFO 1 --- [item-bank-api] [nio-8080-exec-9] c.example.common.GlobalExceptionHandler  : not found: 문항이 없습니다: id=51 (/api/items/51)
2026-09-17T09:50:20.690+09:00  INFO 1 --- [item-bank-api] [nio-8080-exec-1] c.example.common.GlobalExceptionHandler  : no handler for /robots.txt
2026-09-17T09:50:31.485+09:00  INFO 1 --- [item-bank-api] [io-8080-exec-10] c.e.assignment.DistributionService       : redistributed distribution 44 (assignment 5, class 2) reason=보강 수업 후 재배포
2026-09-17T09:50:42.537+09:00  INFO 1 --- [item-bank-api] [nio-8080-exec-6] c.example.common.GlobalExceptionHandler  : no handler for /apple-touch-icon.png
2026-09-17T09:50:46.957+09:00  INFO 1 --- [item-bank-api] [nio-8080-exec-7] com.example.assignment.ReportService     : built class report for class 2: 3 distributions, 10 submissions
2026-09-17T09:51:16.116+09:00  INFO 1 --- [item-bank-api] [nio-8080-exec-1] c.example.common.GlobalExceptionHandler  : no handler for /robots.txt
2026-09-17T09:51:25.275+09:00  INFO 1 --- [item-bank-api] [nio-8080-exec-3] com.example.assignment.ReportService     : built class report for class 1: 3 distributions, 10 submissions
2026-09-17T09:51:37.703+09:00  INFO 1 --- [item-bank-api] [nio-8080-exec-4] c.example.common.GlobalExceptionHandler  : no handler for /api/item/12
2026-09-17T09:51:40.855+09:00  INFO 1 --- [item-bank-api] [io-8080-exec-10] c.example.common.GlobalExceptionHandler  : no handler for /favicon.ico
2026-09-17T09:51:48.874+09:00  INFO 1 --- [item-bank-api] [nio-8080-exec-3] c.example.common.GlobalExceptionHandler  : no handler for /api/item/12
2026-09-17T09:52:14.247+09:00  INFO 1 --- [item-bank-api] [nio-8080-exec-2] c.example.common.GlobalExceptionHandler  : no handler for /apple-touch-icon.png
2026-09-17T09:52:17.335+09:00 ERROR 1 --- [item-bank-api] [nio-8080-exec-8] c.example.common.GlobalExceptionHandler  : unhandled exception on /api/distributions/41/redistribute
org.springframework.orm.jpa.JpaObjectRetrievalFailureException: Entity `com.example.assignment.Assignment` with identifier value `9` does not exist
	at org.springframework.orm.jpa.EntityManagerFactoryUtils.convertJpaAccessExceptionIfPossible(EntityManagerFactoryUtils.java:379)
	at org.springframework.orm.jpa.vendor.HibernateJpaDialect.translateExceptionIfPossible(HibernateJpaDialect.java:246)
	at org.springframework.orm.jpa.AbstractEntityManagerFactoryBean.translateExceptionIfPossible(AbstractEntityManagerFactoryBean.java:560)
	at org.springframework.dao.support.ChainedPersistenceExceptionTranslator.translateExceptionIfPossible(ChainedPersistenceExceptionTranslator.java:61)
	at org.springframework.dao.support.DataAccessUtils.translateIfNecessary(DataAccessUtils.java:343)
	at org.springframework.dao.support.PersistenceExceptionTranslationInterceptor.invoke(PersistenceExceptionTranslationInterceptor.java:160)
	at org.springframework.aop.framework.ReflectiveMethodInvocation.proceed(ReflectiveMethodInvocation.java:184)
	at org.springframework.aop.framework.JdkDynamicAopProxy.invoke(JdkDynamicAopProxy.java:223)
	at jdk.proxy2/jdk.proxy2.$Proxy141.findWithDetailsById(Unknown Source)
	at com.example.assignment.DistributionService.loadOrThrow(DistributionService.java:65)
	at com.example.assignment.DistributionService.redistribute(DistributionService.java:51)
	at java.base/jdk.internal.reflect.DirectMethodHandleAccessor.invoke(DirectMethodHandleAccessor.java:103)
	at java.base/java.lang.reflect.Method.invoke(Method.java:580)
	at org.springframework.transaction.interceptor.TransactionAspectSupport.invokeWithinTransaction(TransactionAspectSupport.java:392)
	at org.springframework.transaction.interceptor.TransactionInterceptor.invoke(TransactionInterceptor.java:119)
	at org.springframework.aop.framework.ReflectiveMethodInvocation.proceed(ReflectiveMethodInvocation.java:184)
	at org.springframework.aop.framework.CglibAopProxy$DynamicAdvisedInterceptor.intercept(CglibAopProxy.java:720)
	at com.example.assignment.DistributionService$$SpringCGLIB$$0.redistribute(<generated>)
	at com.example.assignment.DistributionController.redistribute(DistributionController.java:38)
	at java.base/jdk.internal.reflect.DirectMethodHandleAccessor.invoke(DirectMethodHandleAccessor.java:103)
	at java.base/java.lang.reflect.Method.invoke(Method.java:580)
	at org.springframework.web.method.support.InvocableHandlerMethod.doInvoke(InvocableHandlerMethod.java:255)
	at org.springframework.web.method.support.InvocableHandlerMethod.invokeForRequest(InvocableHandlerMethod.java:188)
	at org.springframework.web.servlet.mvc.method.annotation.ServletInvocableHandlerMethod.invokeAndHandle(ServletInvocableHandlerMethod.java:118)
	at org.springframework.web.servlet.mvc.method.annotation.RequestMappingHandlerAdapter.invokeHandlerMethod(RequestMappingHandlerAdapter.java:926)
	at org.springframework.web.servlet.DispatcherServlet.doDispatch(DispatcherServlet.java:1089)
	at org.springframework.web.servlet.FrameworkServlet.processRequest(FrameworkServlet.java:1014)
	... 44 more
Caused by: org.hibernate.FetchNotFoundException: Entity `com.example.assignment.Assignment` with identifier value `9` does not exist
	at org.hibernate.internal.SessionFactoryImpl$1.handleEntityNotFound(SessionFactoryImpl.java:305)
	at org.hibernate.sql.results.graph.entity.internal.EntityInitializerImpl.resolveInstance(EntityInitializerImpl.java:1027)
	at org.hibernate.sql.results.internal.InitializersList.resolveInstances(InitializersList.java:48)
	at org.hibernate.sql.results.internal.RowProcessingStateStandardImpl.finishRowProcessing(RowProcessingStateStandardImpl.java:141)
	at org.hibernate.sql.results.spi.ListResultsConsumer.consume(ListResultsConsumer.java:200)
	at org.hibernate.query.sqm.internal.ConcreteSqmSelectQueryPlan.executeQuery(ConcreteSqmSelectQueryPlan.java:370)
	... 73 common frames omitted
2026-09-17T09:52:30.869+09:00 ERROR 1 --- [item-bank-api] [nio-8080-exec-4] c.example.common.GlobalExceptionHandler  : unhandled exception on /api/distributions/41/redistribute
org.springframework.orm.jpa.JpaObjectRetrievalFailureException: Entity `com.example.assignment.Assignment` with identifier value `9` does not exist
	at org.springframework.orm.jpa.EntityManagerFactoryUtils.convertJpaAccessExceptionIfPossible(EntityManagerFactoryUtils.java:379)
	at org.springframework.orm.jpa.vendor.HibernateJpaDialect.translateExceptionIfPossible(HibernateJpaDialect.java:246)
	at org.springframework.orm.jpa.AbstractEntityManagerFactoryBean.translateExceptionIfPossible(AbstractEntityManagerFactoryBean.java:560)
	at org.springframework.dao.support.ChainedPersistenceExceptionTranslator.translateExceptionIfPossible(ChainedPersistenceExceptionTranslator.java:61)
	at org.springframework.dao.support.DataAccessUtils.translateIfNecessary(DataAccessUtils.java:343)
	at org.springframework.dao.support.PersistenceExceptionTranslationInterceptor.invoke(PersistenceExceptionTranslationInterceptor.java:160)
	at org.springframework.aop.framework.ReflectiveMethodInvocation.proceed(ReflectiveMethodInvocation.java:184)
	at org.springframework.aop.framework.JdkDynamicAopProxy.invoke(JdkDynamicAopProxy.java:223)
	at jdk.proxy2/jdk.proxy2.$Proxy141.findWithDetailsById(Unknown Source)
	at com.example.assignment.DistributionService.loadOrThrow(DistributionService.java:65)
	at com.example.assignment.DistributionService.redistribute(DistributionService.java:51)
	at java.base/jdk.internal.reflect.DirectMethodHandleAccessor.invoke(DirectMethodHandleAccessor.java:103)
	at java.base/java.lang.reflect.Method.invoke(Method.java:580)
	at org.springframework.transaction.interceptor.TransactionAspectSupport.invokeWithinTransaction(TransactionAspectSupport.java:392)
	at org.springframework.transaction.interceptor.TransactionInterceptor.invoke(TransactionInterceptor.java:119)
	at org.springframework.aop.framework.ReflectiveMethodInvocation.proceed(ReflectiveMethodInvocation.java:184)
	at org.springframework.aop.framework.CglibAopProxy$DynamicAdvisedInterceptor.intercept(CglibAopProxy.java:720)
	at com.example.assignment.DistributionService$$SpringCGLIB$$0.redistribute(<generated>)
	at com.example.assignment.DistributionController.redistribute(DistributionController.java:38)
	at java.base/jdk.internal.reflect.DirectMethodHandleAccessor.invoke(DirectMethodHandleAccessor.java:103)
	at java.base/java.lang.reflect.Method.invoke(Method.java:580)
	at org.springframework.web.method.support.InvocableHandlerMethod.doInvoke(InvocableHandlerMethod.java:255)
	at org.springframework.web.method.support.InvocableHandlerMethod.invokeForRequest(InvocableHandlerMethod.java:188)
	at org.springframework.web.servlet.mvc.method.annotation.ServletInvocableHandlerMethod.invokeAndHandle(ServletInvocableHandlerMethod.java:118)
	at org.springframework.web.servlet.mvc.method.annotation.RequestMappingHandlerAdapter.invokeHandlerMethod(RequestMappingHandlerAdapter.java:926)
	at org.springframework.web.servlet.DispatcherServlet.doDispatch(DispatcherServlet.java:1089)
	at org.springframework.web.servlet.FrameworkServlet.processRequest(FrameworkServlet.java:1014)
	... 44 more
Caused by: org.hibernate.FetchNotFoundException: Entity `com.example.assignment.Assignment` with identifier value `9` does not exist
	at org.hibernate.internal.SessionFactoryImpl$1.handleEntityNotFound(SessionFactoryImpl.java:305)
	at org.hibernate.sql.results.graph.entity.internal.EntityInitializerImpl.resolveInstance(EntityInitializerImpl.java:1027)
	at org.hibernate.sql.results.internal.InitializersList.resolveInstances(InitializersList.java:48)
	at org.hibernate.sql.results.internal.RowProcessingStateStandardImpl.finishRowProcessing(RowProcessingStateStandardImpl.java:141)
	at org.hibernate.sql.results.spi.ListResultsConsumer.consume(ListResultsConsumer.java:200)
	at org.hibernate.query.sqm.internal.ConcreteSqmSelectQueryPlan.executeQuery(ConcreteSqmSelectQueryPlan.java:370)
	... 73 common frames omitted
2026-09-17T09:52:41.283+09:00 ERROR 1 --- [item-bank-api] [nio-8080-exec-8] c.example.common.GlobalExceptionHandler  : unhandled exception on /api/distributions/41/redistribute
org.springframework.orm.jpa.JpaObjectRetrievalFailureException: Entity `com.example.assignment.Assignment` with identifier value `9` does not exist
	at org.springframework.orm.jpa.EntityManagerFactoryUtils.convertJpaAccessExceptionIfPossible(EntityManagerFactoryUtils.java:379)
	at org.springframework.orm.jpa.vendor.HibernateJpaDialect.translateExceptionIfPossible(HibernateJpaDialect.java:246)
	at org.springframework.orm.jpa.AbstractEntityManagerFactoryBean.translateExceptionIfPossible(AbstractEntityManagerFactoryBean.java:560)
	at org.springframework.dao.support.ChainedPersistenceExceptionTranslator.translateExceptionIfPossible(ChainedPersistenceExceptionTranslator.java:61)
	at org.springframework.dao.support.DataAccessUtils.translateIfNecessary(DataAccessUtils.java:343)
	at org.springframework.dao.support.PersistenceExceptionTranslationInterceptor.invoke(PersistenceExceptionTranslationInterceptor.java:160)
	at org.springframework.aop.framework.ReflectiveMethodInvocation.proceed(ReflectiveMethodInvocation.java:184)
	at org.springframework.aop.framework.JdkDynamicAopProxy.invoke(JdkDynamicAopProxy.java:223)
	at jdk.proxy2/jdk.proxy2.$Proxy141.findWithDetailsById(Unknown Source)
	at com.example.assignment.DistributionService.loadOrThrow(DistributionService.java:65)
	at com.example.assignment.DistributionService.redistribute(DistributionService.java:51)
	at java.base/jdk.internal.reflect.DirectMethodHandleAccessor.invoke(DirectMethodHandleAccessor.java:103)
	at java.base/java.lang.reflect.Method.invoke(Method.java:580)
	at org.springframework.transaction.interceptor.TransactionAspectSupport.invokeWithinTransaction(TransactionAspectSupport.java:392)
	at org.springframework.transaction.interceptor.TransactionInterceptor.invoke(TransactionInterceptor.java:119)
	at org.springframework.aop.framework.ReflectiveMethodInvocation.proceed(ReflectiveMethodInvocation.java:184)
	at org.springframework.aop.framework.CglibAopProxy$DynamicAdvisedInterceptor.intercept(CglibAopProxy.java:720)
	at com.example.assignment.DistributionService$$SpringCGLIB$$0.redistribute(<generated>)
	at com.example.assignment.DistributionController.redistribute(DistributionController.java:38)
	at java.base/jdk.internal.reflect.DirectMethodHandleAccessor.invoke(DirectMethodHandleAccessor.java:103)
	at java.base/java.lang.reflect.Method.invoke(Method.java:580)
	at org.springframework.web.method.support.InvocableHandlerMethod.doInvoke(InvocableHandlerMethod.java:255)
	at org.springframework.web.method.support.InvocableHandlerMethod.invokeForRequest(InvocableHandlerMethod.java:188)
	at org.springframework.web.servlet.mvc.method.annotation.ServletInvocableHandlerMethod.invokeAndHandle(ServletInvocableHandlerMethod.java:118)
	at org.springframework.web.servlet.mvc.method.annotation.RequestMappingHandlerAdapter.invokeHandlerMethod(RequestMappingHandlerAdapter.java:926)
	at org.springframework.web.servlet.DispatcherServlet.doDispatch(DispatcherServlet.java:1089)
	at org.springframework.web.servlet.FrameworkServlet.processRequest(FrameworkServlet.java:1014)
	... 44 more
Caused by: org.hibernate.FetchNotFoundException: Entity `com.example.assignment.Assignment` with identifier value `9` does not exist
	at org.hibernate.internal.SessionFactoryImpl$1.handleEntityNotFound(SessionFactoryImpl.java:305)
	at org.hibernate.sql.results.graph.entity.internal.EntityInitializerImpl.resolveInstance(EntityInitializerImpl.java:1027)
	at org.hibernate.sql.results.internal.InitializersList.resolveInstances(InitializersList.java:48)
	at org.hibernate.sql.results.internal.RowProcessingStateStandardImpl.finishRowProcessing(RowProcessingStateStandardImpl.java:141)
	at org.hibernate.sql.results.spi.ListResultsConsumer.consume(ListResultsConsumer.java:200)
	at org.hibernate.query.sqm.internal.ConcreteSqmSelectQueryPlan.executeQuery(ConcreteSqmSelectQueryPlan.java:370)
	... 73 common frames omitted
2026-09-17T09:52:42.235+09:00  INFO 1 --- [item-bank-api] [nio-8080-exec-2] c.e.assignment.DistributionService       : redistributed distribution 44 (assignment 5, class 2) reason=null
2026-09-17T09:53:01.599+09:00  INFO 1 --- [item-bank-api] [nio-8080-exec-9] c.e.assignment.DistributionService       : redistributed distribution 44 (assignment 5, class 2) reason=STU-1003 결석으로 재배포
2026-09-17T09:53:05.236+09:00  INFO 1 --- [item-bank-api] [nio-8080-exec-5] c.example.common.GlobalExceptionHandler  : no handler for /api/item/12
2026-09-17T09:53:17.002+09:00  INFO 1 --- [item-bank-api] [nio-8080-exec-7] c.example.common.GlobalExceptionHandler  : no handler for /api/unit
2026-09-17T09:53:27.841+09:00  INFO 1 --- [item-bank-api] [nio-8080-exec-4] c.example.common.GlobalExceptionHandler  : no handler for /api/unit
2026-09-17T09:53:46.712+09:00  INFO 1 --- [item-bank-api] [nio-8080-exec-1] c.example.common.GlobalExceptionHandler  : not found: 문항이 없습니다: id=48 (/api/items/48)
2026-09-17T09:53:50.406+09:00  INFO 1 --- [item-bank-api] [nio-8080-exec-2] c.example.common.GlobalExceptionHandler  : no handler for /api/item/12
2026-09-17T09:54:15.882+09:00  INFO 1 --- [item-bank-api] [nio-8080-exec-1] c.example.common.GlobalExceptionHandler  : no handler for /apple-touch-icon.png
2026-09-17T09:54:20.205+09:00  INFO 1 --- [item-bank-api] [nio-8080-exec-1] c.example.common.GlobalExceptionHandler  : not found: 배포가 없습니다: id=11 (/api/distributions/11)
2026-09-17T09:54:34.421+09:00  INFO 1 --- [item-bank-api] [io-8080-exec-10] c.example.common.GlobalExceptionHandler  : not found: 배포가 없습니다: id=11 (/api/distributions/11)
2026-09-17T09:54:35.692+09:00  INFO 1 --- [item-bank-api] [nio-8080-exec-1] c.example.common.GlobalExceptionHandler  : no handler for /api/item/12
2026-09-17T09:54:37.886+09:00  INFO 1 --- [item-bank-api] [nio-8080-exec-9] c.e.assignment.DistributionService       : redistributed distribution 7 (assignment 5, class 3) reason=STU-1007 요청 — 제출 화면 오류
2026-09-17T09:54:57.137+09:00  INFO 1 --- [item-bank-api] [nio-8080-exec-5] c.example.common.GlobalExceptionHandler  : no handler for /apple-touch-icon.png
2026-09-17T09:55:01.119+09:00  INFO 1 --- [item-bank-api] [nio-8080-exec-4] c.example.common.GlobalExceptionHandler  : no handler for /api/unit
2026-09-17T09:55:10.641+09:00  INFO 1 --- [item-bank-api] [nio-8080-exec-6] c.example.common.GlobalExceptionHandler  : not found: 배포가 없습니다: id=9 (/api/distributions/9)
2026-09-17T09:55:26.608+09:00  INFO 1 --- [item-bank-api] [nio-8080-exec-9] c.example.common.GlobalExceptionHandler  : not found: 배포가 없습니다: id=9 (/api/distributions/9)
2026-09-17T09:55:33.714+09:00  INFO 1 --- [item-bank-api] [nio-8080-exec-2] c.example.common.GlobalExceptionHandler  : no handler for /api/unit
2026-09-17T09:55:40.108+09:00  INFO 1 --- [item-bank-api] [nio-8080-exec-9] c.example.common.GlobalExceptionHandler  : not found: 배포가 없습니다: id=10 (/api/distributions/10)
2026-09-17T09:55:41.800+09:00  INFO 1 --- [item-bank-api] [nio-8080-exec-6] c.example.common.GlobalExceptionHandler  : no handler for /favicon.ico
2026-09-17T09:55:50.839+09:00  INFO 1 --- [item-bank-api] [nio-8080-exec-9] com.example.assignment.ReportService     : built class report for class 3: 3 distributions, 10 submissions
2026-09-17T09:56:36.166+09:00  INFO 1 --- [item-bank-api] [nio-8080-exec-2] c.example.common.GlobalExceptionHandler  : not found: 문항이 없습니다: id=46 (/api/items/46)
2026-09-17T09:56:50.951+09:00  INFO 1 --- [item-bank-api] [nio-8080-exec-2] c.example.common.GlobalExceptionHandler  : not found: 문항이 없습니다: id=54 (/api/items/54)
2026-09-17T09:56:54.520+09:00  INFO 1 --- [item-bank-api] [io-8080-exec-10] c.example.common.GlobalExceptionHandler  : no handler for /robots.txt
2026-09-17T09:57:06.650+09:00  INFO 1 --- [item-bank-api] [nio-8080-exec-1] c.example.common.GlobalExceptionHandler  : no handler for /api/unit
2026-09-17T09:57:07.591+09:00  INFO 1 --- [item-bank-api] [nio-8080-exec-3] c.example.common.GlobalExceptionHandler  : not found: 단원이 없습니다: code=M7-1 (/api/units/M7-1/items)
2026-09-17T09:57:26.139+09:00  INFO 1 --- [item-bank-api] [nio-8080-exec-8] com.example.assignment.ReportService     : built class report for class 1: 3 distributions, 10 submissions
2026-09-17T09:57:35.079+09:00  INFO 1 --- [item-bank-api] [nio-8080-exec-4] c.example.common.GlobalExceptionHandler  : no handler for /robots.txt
2026-09-17T09:57:59.617+09:00  INFO 1 --- [item-bank-api] [nio-8080-exec-8] c.example.common.GlobalExceptionHandler  : no handler for /favicon.ico
2026-09-17T09:58:07.391+09:00  INFO 1 --- [item-bank-api] [nio-8080-exec-6] c.example.common.GlobalExceptionHandler  : no handler for /favicon.ico
2026-09-17T09:58:16.968+09:00  INFO 1 --- [item-bank-api] [nio-8080-exec-2] c.example.common.GlobalExceptionHandler  : no handler for /api/item/12
2026-09-17T09:58:25.210+09:00  INFO 1 --- [item-bank-api] [nio-8080-exec-4] c.example.common.GlobalExceptionHandler  : no handler for /api/unit
2026-09-17T09:59:02.308+09:00  INFO 1 --- [item-bank-api] [nio-8080-exec-2] c.example.common.GlobalExceptionHandler  : no handler for /api/item/12
2026-09-17T09:59:12.038+09:00  INFO 1 --- [item-bank-api] [nio-8080-exec-9] c.example.common.GlobalExceptionHandler  : no handler for /apple-touch-icon.png
2026-09-17T09:59:13.878+09:00  INFO 1 --- [item-bank-api] [nio-8080-exec-1] c.example.common.GlobalExceptionHandler  : no handler for /apple-touch-icon.png
2026-09-17T09:59:23.827+09:00  INFO 1 --- [item-bank-api] [nio-8080-exec-9] c.example.common.GlobalExceptionHandler  : not found: 문항이 없습니다: id=60 (/api/items/60)
2026-09-17T09:59:45.544+09:00  INFO 1 --- [item-bank-api] [nio-8080-exec-1] c.example.common.GlobalExceptionHandler  : no handler for /api/item/12
2026-09-17T09:59:59.010+09:00  INFO 1 --- [item-bank-api] [nio-8080-exec-5] c.example.common.GlobalExceptionHandler  : not found: 문항이 없습니다: id=48 (/api/items/48)
2026-09-17T10:00:47.817+09:00  INFO 1 --- [item-bank-api] [nio-8080-exec-4] c.example.common.GlobalExceptionHandler  : not found: 문항이 없습니다: id=46 (/api/items/46)
2026-09-17T10:01:35.335+09:00  INFO 1 --- [item-bank-api] [nio-8080-exec-6] c.example.common.GlobalExceptionHandler  : not found: 배포가 없습니다: id=10 (/api/distributions/10)
2026-09-17T10:01:39.537+09:00  INFO 1 --- [item-bank-api] [nio-8080-exec-8] c.example.common.GlobalExceptionHandler  : no handler for /apple-touch-icon.png
2026-09-17T10:01:48.312+09:00  INFO 1 --- [item-bank-api] [nio-8080-exec-1] c.e.assignment.DistributionService       : redistributed distribution 7 (assignment 5, class 3) reason=보강 수업 후 재배포
2026-09-17T10:02:06.060+09:00  INFO 1 --- [item-bank-api] [nio-8080-exec-2] c.example.common.GlobalExceptionHandler  : not found: 문항이 없습니다: id=59 (/api/items/59)
2026-09-17T10:02:20.849+09:00  INFO 1 --- [item-bank-api] [nio-8080-exec-6] c.example.common.GlobalExceptionHandler  : no handler for /robots.txt
2026-09-17T10:02:33.846+09:00  INFO 1 --- [item-bank-api] [nio-8080-exec-9] c.example.common.GlobalExceptionHandler  : not found: 문항이 없습니다: id=55 (/api/items/55)
2026-09-17T10:02:51.082+09:00  INFO 1 --- [item-bank-api] [nio-8080-exec-2] com.example.assignment.ReportService     : built class report for class 2: 3 distributions, 10 submissions
2026-09-17T10:02:52.020+09:00  INFO 1 --- [item-bank-api] [nio-8080-exec-1] c.example.common.GlobalExceptionHandler  : no handler for /favicon.ico
2026-09-17T10:02:58.723+09:00  INFO 1 --- [item-bank-api] [nio-8080-exec-6] c.example.common.GlobalExceptionHandler  : not found: 배포가 없습니다: id=12 (/api/distributions/12)
2026-09-17T10:03:10.339+09:00  INFO 1 --- [item-bank-api] [nio-8080-exec-3] c.example.common.GlobalExceptionHandler  : no handler for /robots.txt
2026-09-17T10:03:55.552+09:00  INFO 1 --- [item-bank-api] [nio-8080-exec-7] c.example.common.GlobalExceptionHandler  : not found: 문항이 없습니다: id=57 (/api/items/57)
2026-09-17T10:04:25.851+09:00  INFO 1 --- [item-bank-api] [nio-8080-exec-9] c.example.common.GlobalExceptionHandler  : no handler for /favicon.ico
2026-09-17T10:04:37.269+09:00  INFO 1 --- [item-bank-api] [nio-8080-exec-1] com.example.assignment.ReportService     : built class report for class 1: 3 distributions, 10 submissions
2026-09-17T10:04:44.910+09:00  INFO 1 --- [item-bank-api] [nio-8080-exec-8] c.example.common.GlobalExceptionHandler  : no handler for /api/unit
2026-09-17T10:05:34.376+09:00  INFO 1 --- [item-bank-api] [nio-8080-exec-7] c.example.common.GlobalExceptionHandler  : no handler for /robots.txt
2026-09-17T10:05:38.762+09:00  INFO 1 --- [item-bank-api] [nio-8080-exec-6] c.example.common.GlobalExceptionHandler  : not found: 배포가 없습니다: id=9 (/api/distributions/9)
2026-09-17T10:05:43.584+09:00  INFO 1 --- [item-bank-api] [nio-8080-exec-4] c.example.common.GlobalExceptionHandler  : no handler for /robots.txt
2026-09-17T10:06:21.599+09:00  INFO 1 --- [item-bank-api] [nio-8080-exec-1] c.example.common.GlobalExceptionHandler  : no handler for /robots.txt
2026-09-17T10:06:49.603+09:00  INFO 1 --- [item-bank-api] [nio-8080-exec-5] c.example.common.GlobalExceptionHandler  : no handler for /favicon.ico
2026-09-17T10:06:57.094+09:00  INFO 1 --- [item-bank-api] [nio-8080-exec-2] c.example.common.GlobalExceptionHandler  : no handler for /favicon.ico
2026-09-17T10:07:09.699+09:00  INFO 1 --- [item-bank-api] [nio-8080-exec-8] c.example.common.GlobalExceptionHandler  : not found: 문항이 없습니다: id=64 (/api/items/64)
2026-09-17T10:07:20.467+09:00  INFO 1 --- [item-bank-api] [nio-8080-exec-3] c.example.common.GlobalExceptionHandler  : not found: 배포가 없습니다: id=14 (/api/distributions/14)
2026-09-17T10:07:36.287+09:00  WARN 1 --- [item-bank-api] [nio-8080-exec-2] c.example.common.GlobalExceptionHandler  : state conflict: 마감된 과제는 재배포할 수 없습니다: distributionId=1 (/api/distributions/1/redistribute)
2026-09-17T10:07:39.566+09:00  INFO 1 --- [item-bank-api] [nio-8080-exec-3] c.example.common.GlobalExceptionHandler  : no handler for /robots.txt
2026-09-17T10:07:55.620+09:00  INFO 1 --- [item-bank-api] [nio-8080-exec-9] com.example.assignment.ReportService     : built class report for class 1: 3 distributions, 10 submissions
2026-09-17T10:08:12.868+09:00  INFO 1 --- [item-bank-api] [nio-8080-exec-2] c.example.common.GlobalExceptionHandler  : no handler for /apple-touch-icon.png
2026-09-17T10:08:27.255+09:00  INFO 1 --- [item-bank-api] [nio-8080-exec-8] c.example.common.GlobalExceptionHandler  : no handler for /robots.txt
2026-09-17T10:08:54.720+09:00  INFO 1 --- [item-bank-api] [nio-8080-exec-8] c.example.common.GlobalExceptionHandler  : no handler for /api/item/12
2026-09-17T10:09:30.730+09:00  INFO 1 --- [item-bank-api] [nio-8080-exec-2] c.example.common.GlobalExceptionHandler  : no handler for /api/item/12
2026-09-17T10:09:51.143+09:00  WARN 1 --- [item-bank-api] [nio-8080-exec-3] c.example.common.GlobalExceptionHandler  : state conflict: 마감된 과제는 재배포할 수 없습니다: distributionId=2 (/api/distributions/2/redistribute)
2026-09-17T10:09:58.494+09:00  INFO 1 --- [item-bank-api] [nio-8080-exec-2] c.example.common.GlobalExceptionHandler  : no handler for /apple-touch-icon.png
2026-09-17T10:10:20.875+09:00  INFO 1 --- [item-bank-api] [nio-8080-exec-5] c.example.common.GlobalExceptionHandler  : no handler for /api/item/12
2026-09-17T10:10:44.277+09:00  INFO 1 --- [item-bank-api] [nio-8080-exec-1] c.e.assignment.DistributionService       : redistributed distribution 5 (assignment 3, class 3) reason=STU-1007 요청 — 제출 화면 오류
2026-09-17T10:10:46.840+09:00  INFO 1 --- [item-bank-api] [nio-8080-exec-2] c.example.common.GlobalExceptionHandler  : no handler for /api/unit
2026-09-17T10:11:38.822+09:00  INFO 1 --- [item-bank-api] [nio-8080-exec-6] com.example.assignment.ReportService     : built class report for class 1: 3 distributions, 10 submissions
2026-09-17T10:11:44.754+09:00  INFO 1 --- [item-bank-api] [io-8080-exec-10] c.example.common.GlobalExceptionHandler  : not found: 문항이 없습니다: id=46 (/api/items/46)
2026-09-17T10:11:48.561+09:00  INFO 1 --- [item-bank-api] [nio-8080-exec-9] c.example.common.GlobalExceptionHandler  : not found: 배포가 없습니다: id=15 (/api/distributions/15)
2026-09-17T10:11:50.373+09:00  INFO 1 --- [item-bank-api] [nio-8080-exec-4] c.example.common.GlobalExceptionHandler  : no handler for /apple-touch-icon.png
2026-09-17T10:12:15.363+09:00  INFO 1 --- [item-bank-api] [nio-8080-exec-5] c.example.common.GlobalExceptionHandler  : not found: 문항이 없습니다: id=41 (/api/items/41)
2026-09-17T10:12:15.901+09:00  INFO 1 --- [item-bank-api] [nio-8080-exec-7] c.example.common.GlobalExceptionHandler  : no handler for /api/unit
2026-09-17T10:12:34.531+09:00  INFO 1 --- [item-bank-api] [nio-8080-exec-7] c.example.common.GlobalExceptionHandler  : no handler for /apple-touch-icon.png
2026-09-17T10:12:58.779+09:00  INFO 1 --- [item-bank-api] [nio-8080-exec-4] com.example.assignment.ReportService     : built class report for class 3: 3 distributions, 10 submissions
2026-09-17T10:13:03.731+09:00  INFO 1 --- [item-bank-api] [nio-8080-exec-4] c.example.common.GlobalExceptionHandler  : not found: 배포가 없습니다: id=15 (/api/distributions/15)
2026-09-17T10:13:47.380+09:00  INFO 1 --- [item-bank-api] [nio-8080-exec-6] c.example.common.GlobalExceptionHandler  : no handler for /api/item/12
2026-09-17T10:14:12.068+09:00  INFO 1 --- [item-bank-api] [nio-8080-exec-7] c.example.common.GlobalExceptionHandler  : not found: 배포가 없습니다: id=13 (/api/distributions/13)
2026-09-17T10:15:01.168+09:00  INFO 1 --- [item-bank-api] [nio-8080-exec-8] c.example.common.GlobalExceptionHandler  : not found: 문항이 없습니다: id=48 (/api/items/48)
2026-09-17T10:15:06.368+09:00  INFO 1 --- [item-bank-api] [nio-8080-exec-3] c.example.common.GlobalExceptionHandler  : not found: 문항이 없습니다: id=31 (/api/items/31)
2026-09-17T10:15:13.100+09:00  INFO 1 --- [item-bank-api] [nio-8080-exec-1] c.example.common.GlobalExceptionHandler  : no handler for /api/item/12
2026-09-17T10:15:28.301+09:00  INFO 1 --- [item-bank-api] [nio-8080-exec-2] c.example.common.GlobalExceptionHandler  : not found: 배포가 없습니다: id=9 (/api/distributions/9)
2026-09-17T10:15:32.148+09:00  INFO 1 --- [item-bank-api] [nio-8080-exec-3] c.example.common.GlobalExceptionHandler  : not found: 문항이 없습니다: id=51 (/api/items/51)
2026-09-17T10:15:51.665+09:00  INFO 1 --- [item-bank-api] [io-8080-exec-10] c.example.common.GlobalExceptionHandler  : no handler for /apple-touch-icon.png
2026-09-17T10:16:01.442+09:00  INFO 1 --- [item-bank-api] [nio-8080-exec-2] c.example.common.GlobalExceptionHandler  : no handler for /api/item/12
2026-09-17T10:16:20.238+09:00  INFO 1 --- [item-bank-api] [nio-8080-exec-2] c.example.common.GlobalExceptionHandler  : not found: 문항이 없습니다: id=50 (/api/items/50)
2026-09-17T10:16:25.702+09:00  INFO 1 --- [item-bank-api] [nio-8080-exec-8] c.example.common.GlobalExceptionHandler  : not found: 문항이 없습니다: id=61 (/api/items/61)
2026-09-17T10:16:55.689+09:00  INFO 1 --- [item-bank-api] [io-8080-exec-10] c.example.common.GlobalExceptionHandler  : no handler for /apple-touch-icon.png
2026-09-17T10:17:00.890+09:00  INFO 1 --- [item-bank-api] [nio-8080-exec-4] c.example.common.GlobalExceptionHandler  : not found: 배포가 없습니다: id=11 (/api/distributions/11)
2026-09-17T10:17:09.547+09:00  INFO 1 --- [item-bank-api] [io-8080-exec-10] c.example.common.GlobalExceptionHandler  : not found: 문항이 없습니다: id=42 (/api/items/42)
2026-09-17T10:17:26.011+09:00  INFO 1 --- [item-bank-api] [nio-8080-exec-2] c.example.common.GlobalExceptionHandler  : no handler for /apple-touch-icon.png
2026-09-17T10:17:58.911+09:00  INFO 1 --- [item-bank-api] [nio-8080-exec-7] c.example.common.GlobalExceptionHandler  : not found: 문항이 없습니다: id=60 (/api/items/60)
2026-09-17T10:18:24.411+09:00  INFO 1 --- [item-bank-api] [nio-8080-exec-1] c.example.common.GlobalExceptionHandler  : not found: 문항이 없습니다: id=33 (/api/items/33)
2026-09-17T10:18:25.615+09:00  INFO 1 --- [item-bank-api] [nio-8080-exec-9] c.example.common.GlobalExceptionHandler  : not found: 배포가 없습니다: id=15 (/api/distributions/15)
2026-09-17T10:18:31.598+09:00  INFO 1 --- [item-bank-api] [nio-8080-exec-5] c.example.common.GlobalExceptionHandler  : no handler for /api/item/12
2026-09-17T10:18:43.602+09:00  INFO 1 --- [item-bank-api] [nio-8080-exec-2] c.example.common.GlobalExceptionHandler  : not found: 배포가 없습니다: id=13 (/api/distributions/13)
2026-09-17T10:19:01.747+09:00  INFO 1 --- [item-bank-api] [nio-8080-exec-9] c.example.common.GlobalExceptionHandler  : no handler for /apple-touch-icon.png
2026-09-17T10:19:13.687+09:00  INFO 1 --- [item-bank-api] [nio-8080-exec-2] c.e.assignment.DistributionService       : redistributed distribution 44 (assignment 5, class 2) reason=null
2026-09-17T10:19:32.206+09:00  INFO 1 --- [item-bank-api] [nio-8080-exec-4] c.example.common.GlobalExceptionHandler  : not found: 문항이 없습니다: id=45 (/api/items/45)
2026-09-17T10:19:44.641+09:00  INFO 1 --- [item-bank-api] [nio-8080-exec-3] c.example.common.GlobalExceptionHandler  : no handler for /apple-touch-icon.png
2026-09-17T10:19:46.061+09:00  INFO 1 --- [item-bank-api] [nio-8080-exec-7] c.example.common.GlobalExceptionHandler  : not found: 배포가 없습니다: id=12 (/api/distributions/12)
2026-09-17T10:19:46.214+09:00  INFO 1 --- [item-bank-api] [nio-8080-exec-9] c.example.common.GlobalExceptionHandler  : not found: 배포가 없습니다: id=11 (/api/distributions/11)
2026-09-17T10:19:53.749+09:00  INFO 1 --- [item-bank-api] [io-8080-exec-10] com.example.assignment.ReportService     : built class report for class 2: 3 distributions, 10 submissions
2026-09-17T10:20:29.895+09:00  INFO 1 --- [item-bank-api] [io-8080-exec-10] c.example.common.GlobalExceptionHandler  : not found: 문항이 없습니다: id=32 (/api/items/32)
2026-09-17T10:20:34.488+09:00  INFO 1 --- [item-bank-api] [nio-8080-exec-3] c.example.common.GlobalExceptionHandler  : no handler for /apple-touch-icon.png
2026-09-17T10:20:45.547+09:00  INFO 1 --- [item-bank-api] [nio-8080-exec-4] c.example.common.GlobalExceptionHandler  : no handler for /favicon.ico
2026-09-17T10:20:52.115+09:00  INFO 1 --- [item-bank-api] [nio-8080-exec-4] c.example.common.GlobalExceptionHandler  : no handler for /api/unit
2026-09-17T10:21:04.535+09:00  INFO 1 --- [item-bank-api] [nio-8080-exec-2] c.example.common.GlobalExceptionHandler  : no handler for /apple-touch-icon.png
2026-09-17T10:21:45.336+09:00  INFO 1 --- [item-bank-api] [nio-8080-exec-7] c.example.common.GlobalExceptionHandler  : no handler for /api/unit
2026-09-17T10:21:52.603+09:00  INFO 1 --- [item-bank-api] [nio-8080-exec-4] c.example.common.GlobalExceptionHandler  : no handler for /favicon.ico
2026-09-17T10:21:55.550+09:00  INFO 1 --- [item-bank-api] [nio-8080-exec-1] c.example.common.GlobalExceptionHandler  : not found: 문항이 없습니다: id=40 (/api/items/40)
2026-09-17T10:22:21.125+09:00  WARN 1 --- [item-bank-api] [io-8080-exec-10] c.example.common.GlobalExceptionHandler  : state conflict: 마감된 과제는 재배포할 수 없습니다: distributionId=2 (/api/distributions/2/redistribute)
2026-09-17T10:22:26.222+09:00  INFO 1 --- [item-bank-api] [nio-8080-exec-9] c.example.common.GlobalExceptionHandler  : no handler for /robots.txt
2026-09-17T10:22:59.257+09:00  INFO 1 --- [item-bank-api] [nio-8080-exec-7] c.example.common.GlobalExceptionHandler  : no handler for /apple-touch-icon.png
2026-09-17T10:23:44.509+09:00  INFO 1 --- [item-bank-api] [io-8080-exec-10] c.example.common.GlobalExceptionHandler  : not found: 문항이 없습니다: id=31 (/api/items/31)
2026-09-17T10:24:02.121+09:00  INFO 1 --- [item-bank-api] [nio-8080-exec-4] c.example.common.GlobalExceptionHandler  : no handler for /api/unit
2026-09-17T10:24:18.329+09:00  INFO 1 --- [item-bank-api] [nio-8080-exec-1] c.example.common.GlobalExceptionHandler  : no handler for /robots.txt
2026-09-17T10:24:50.858+09:00  INFO 1 --- [item-bank-api] [nio-8080-exec-1] c.example.common.GlobalExceptionHandler  : not found: 배포가 없습니다: id=14 (/api/distributions/14)
2026-09-17T10:24:55.543+09:00  INFO 1 --- [item-bank-api] [nio-8080-exec-1] c.example.common.GlobalExceptionHandler  : not found: 배포가 없습니다: id=11 (/api/distributions/11)
2026-09-17T10:25:36.933+09:00  INFO 1 --- [item-bank-api] [nio-8080-exec-5] c.example.common.GlobalExceptionHandler  : no handler for /api/item/12
2026-09-17T10:25:50.682+09:00  INFO 1 --- [item-bank-api] [nio-8080-exec-6] c.example.common.GlobalExceptionHandler  : no handler for /api/unit
2026-09-17T10:26:02.518+09:00  INFO 1 --- [item-bank-api] [nio-8080-exec-7] c.example.common.GlobalExceptionHandler  : no handler for /apple-touch-icon.png
2026-09-17T10:26:26.710+09:00  INFO 1 --- [item-bank-api] [nio-8080-exec-7] c.example.common.GlobalExceptionHandler  : not found: 문항이 없습니다: id=56 (/api/items/56)
2026-09-17T10:26:39.919+09:00  INFO 1 --- [item-bank-api] [nio-8080-exec-9] c.example.common.GlobalExceptionHandler  : no handler for /robots.txt
2026-09-17T10:26:45.870+09:00  INFO 1 --- [item-bank-api] [nio-8080-exec-9] c.e.assignment.DistributionService       : redistributed distribution 44 (assignment 5, class 2) reason=null
2026-09-17T10:27:03.089+09:00  INFO 1 --- [item-bank-api] [nio-8080-exec-2] c.e.assignment.DistributionService       : redistributed distribution 6 (assignment 4, class 3) reason=보강 수업 후 재배포
2026-09-17T10:27:03.272+09:00  INFO 1 --- [item-bank-api] [nio-8080-exec-6] com.example.assignment.ReportService     : built class report for class 3: 3 distributions, 10 submissions
2026-09-17T10:27:05.622+09:00  INFO 1 --- [item-bank-api] [nio-8080-exec-7] c.example.common.GlobalExceptionHandler  : not found: 배포가 없습니다: id=15 (/api/distributions/15)
2026-09-17T10:27:47.109+09:00  INFO 1 --- [item-bank-api] [nio-8080-exec-3] c.example.common.GlobalExceptionHandler  : not found: 문항이 없습니다: id=52 (/api/items/52)
2026-09-17T10:27:54.358+09:00  INFO 1 --- [item-bank-api] [nio-8080-exec-8] c.example.common.GlobalExceptionHandler  : no handler for /api/item/12
2026-09-17T10:28:38.686+09:00  INFO 1 --- [item-bank-api] [nio-8080-exec-8] c.example.common.GlobalExceptionHandler  : no handler for /robots.txt
2026-09-17T10:28:45.108+09:00  INFO 1 --- [item-bank-api] [nio-8080-exec-9] c.example.common.GlobalExceptionHandler  : no handler for /apple-touch-icon.png
2026-09-17T10:29:02.830+09:00  INFO 1 --- [item-bank-api] [nio-8080-exec-3] c.example.common.GlobalExceptionHandler  : no handler for /favicon.ico
2026-09-17T10:29:07.890+09:00  INFO 1 --- [item-bank-api] [nio-8080-exec-5] c.example.common.GlobalExceptionHandler  : not found: 배포가 없습니다: id=15 (/api/distributions/15)
2026-09-17T10:30:08.233+09:00  INFO 1 --- [item-bank-api] [nio-8080-exec-8] c.example.common.GlobalExceptionHandler  : no handler for /apple-touch-icon.png
2026-09-17T10:30:22.452+09:00  INFO 1 --- [item-bank-api] [nio-8080-exec-3] c.example.common.GlobalExceptionHandler  : no handler for /robots.txt
2026-09-17T10:30:28.395+09:00  INFO 1 --- [item-bank-api] [nio-8080-exec-9] c.example.common.GlobalExceptionHandler  : not found: 문항이 없습니다: id=52 (/api/items/52)
2026-09-17T10:31:05.554+09:00  INFO 1 --- [item-bank-api] [nio-8080-exec-2] c.example.common.GlobalExceptionHandler  : no handler for /api/unit
2026-09-17T10:31:05.909+09:00 ERROR 1 --- [item-bank-api] [nio-8080-exec-6] c.example.common.GlobalExceptionHandler  : unhandled exception on /api/distributions/41
org.springframework.orm.jpa.JpaObjectRetrievalFailureException: Entity `com.example.assignment.Assignment` with identifier value `9` does not exist
	at org.springframework.orm.jpa.EntityManagerFactoryUtils.convertJpaAccessExceptionIfPossible(EntityManagerFactoryUtils.java:379)
	at org.springframework.orm.jpa.vendor.HibernateJpaDialect.translateExceptionIfPossible(HibernateJpaDialect.java:246)
	at org.springframework.orm.jpa.AbstractEntityManagerFactoryBean.translateExceptionIfPossible(AbstractEntityManagerFactoryBean.java:560)
	at org.springframework.dao.support.ChainedPersistenceExceptionTranslator.translateExceptionIfPossible(ChainedPersistenceExceptionTranslator.java:61)
	at org.springframework.dao.support.DataAccessUtils.translateIfNecessary(DataAccessUtils.java:343)
	at org.springframework.dao.support.PersistenceExceptionTranslationInterceptor.invoke(PersistenceExceptionTranslationInterceptor.java:160)
	at org.springframework.aop.framework.ReflectiveMethodInvocation.proceed(ReflectiveMethodInvocation.java:184)
	at org.springframework.aop.framework.JdkDynamicAopProxy.invoke(JdkDynamicAopProxy.java:223)
	at jdk.proxy2/jdk.proxy2.$Proxy141.findWithDetailsById(Unknown Source)
	at com.example.assignment.DistributionService.loadOrThrow(DistributionService.java:65)
	at com.example.assignment.DistributionService.getDistribution(DistributionService.java:32)
	at java.base/jdk.internal.reflect.DirectMethodHandleAccessor.invoke(DirectMethodHandleAccessor.java:103)
	at java.base/java.lang.reflect.Method.invoke(Method.java:580)
	at org.springframework.transaction.interceptor.TransactionAspectSupport.invokeWithinTransaction(TransactionAspectSupport.java:392)
	at org.springframework.transaction.interceptor.TransactionInterceptor.invoke(TransactionInterceptor.java:119)
	at org.springframework.aop.framework.ReflectiveMethodInvocation.proceed(ReflectiveMethodInvocation.java:184)
	at org.springframework.aop.framework.CglibAopProxy$DynamicAdvisedInterceptor.intercept(CglibAopProxy.java:720)
	at com.example.assignment.DistributionService$$SpringCGLIB$$0.getDistribution(<generated>)
	at com.example.assignment.DistributionController.getDistribution(DistributionController.java:26)
	at java.base/jdk.internal.reflect.DirectMethodHandleAccessor.invoke(DirectMethodHandleAccessor.java:103)
	at java.base/java.lang.reflect.Method.invoke(Method.java:580)
	at org.springframework.web.method.support.InvocableHandlerMethod.doInvoke(InvocableHandlerMethod.java:255)
	at org.springframework.web.method.support.InvocableHandlerMethod.invokeForRequest(InvocableHandlerMethod.java:188)
	at org.springframework.web.servlet.mvc.method.annotation.ServletInvocableHandlerMethod.invokeAndHandle(ServletInvocableHandlerMethod.java:118)
	at org.springframework.web.servlet.mvc.method.annotation.RequestMappingHandlerAdapter.invokeHandlerMethod(RequestMappingHandlerAdapter.java:926)
	at org.springframework.web.servlet.DispatcherServlet.doDispatch(DispatcherServlet.java:1089)
	at org.springframework.web.servlet.FrameworkServlet.processRequest(FrameworkServlet.java:1014)
	... 44 more
Caused by: org.hibernate.FetchNotFoundException: Entity `com.example.assignment.Assignment` with identifier value `9` does not exist
	at org.hibernate.internal.SessionFactoryImpl$1.handleEntityNotFound(SessionFactoryImpl.java:305)
	at org.hibernate.sql.results.graph.entity.internal.EntityInitializerImpl.resolveInstance(EntityInitializerImpl.java:1027)
	at org.hibernate.sql.results.internal.InitializersList.resolveInstances(InitializersList.java:48)
	at org.hibernate.sql.results.internal.RowProcessingStateStandardImpl.finishRowProcessing(RowProcessingStateStandardImpl.java:141)
	at org.hibernate.sql.results.spi.ListResultsConsumer.consume(ListResultsConsumer.java:200)
	at org.hibernate.query.sqm.internal.ConcreteSqmSelectQueryPlan.executeQuery(ConcreteSqmSelectQueryPlan.java:370)
	... 73 common frames omitted
2026-09-17T10:31:07.099+09:00  INFO 1 --- [item-bank-api] [nio-8080-exec-5] c.example.common.GlobalExceptionHandler  : no handler for /apple-touch-icon.png
2026-09-17T10:31:47.145+09:00  INFO 1 --- [item-bank-api] [nio-8080-exec-1] c.example.common.GlobalExceptionHandler  : no handler for /favicon.ico
2026-09-17T10:32:05.250+09:00  INFO 1 --- [item-bank-api] [nio-8080-exec-3] c.example.common.GlobalExceptionHandler  : no handler for /robots.txt
2026-09-17T10:32:06.727+09:00  INFO 1 --- [item-bank-api] [nio-8080-exec-7] c.example.common.GlobalExceptionHandler  : not found: 문항이 없습니다: id=56 (/api/items/56)
2026-09-17T10:32:18.106+09:00  INFO 1 --- [item-bank-api] [nio-8080-exec-1] c.example.common.GlobalExceptionHandler  : no handler for /robots.txt
2026-09-17T10:32:31.594+09:00  INFO 1 --- [item-bank-api] [nio-8080-exec-7] c.example.common.GlobalExceptionHandler  : not found: 문항이 없습니다: id=53 (/api/items/53)
2026-09-17T10:32:46.525+09:00  INFO 1 --- [item-bank-api] [nio-8080-exec-3] c.example.common.GlobalExceptionHandler  : no handler for /robots.txt
2026-09-17T10:32:49.091+09:00  INFO 1 --- [item-bank-api] [nio-8080-exec-3] c.example.common.GlobalExceptionHandler  : no handler for /api/unit
2026-09-17T10:33:10.993+09:00  INFO 1 --- [item-bank-api] [nio-8080-exec-9] c.example.common.GlobalExceptionHandler  : not found: 배포가 없습니다: id=15 (/api/distributions/15)
2026-09-17T10:33:34.252+09:00  INFO 1 --- [item-bank-api] [nio-8080-exec-7] c.example.common.GlobalExceptionHandler  : no handler for /api/item/12
2026-09-17T10:33:40.839+09:00  INFO 1 --- [item-bank-api] [nio-8080-exec-5] c.example.common.GlobalExceptionHandler  : no handler for /apple-touch-icon.png
2026-09-17T10:33:52.212+09:00  INFO 1 --- [item-bank-api] [nio-8080-exec-6] c.e.assignment.DistributionService       : redistributed distribution 8 (assignment 6, class 2) reason=STU-1003 보충 제출 기회
2026-09-17T10:34:01.089+09:00  INFO 1 --- [item-bank-api] [nio-8080-exec-6] c.example.common.GlobalExceptionHandler  : no handler for /api/item/12
2026-09-17T10:35:27.262+09:00  INFO 1 --- [item-bank-api] [nio-8080-exec-2] c.example.common.GlobalExceptionHandler  : no handler for /api/unit
2026-09-17T10:35:29.218+09:00  INFO 1 --- [item-bank-api] [nio-8080-exec-7] c.example.common.GlobalExceptionHandler  : no handler for /apple-touch-icon.png
2026-09-17T10:35:45.066+09:00  INFO 1 --- [item-bank-api] [nio-8080-exec-9] c.e.assignment.DistributionService       : redistributed distribution 44 (assignment 5, class 2) reason=보강 수업 후 재배포
2026-09-17T10:35:51.132+09:00  INFO 1 --- [item-bank-api] [nio-8080-exec-5] c.example.common.GlobalExceptionHandler  : no handler for /favicon.ico
2026-09-17T10:35:56.608+09:00  INFO 1 --- [item-bank-api] [nio-8080-exec-6] c.e.assignment.DistributionService       : redistributed distribution 44 (assignment 5, class 2) reason=STU-1003 보충 제출 기회
2026-09-17T10:36:04.379+09:00  INFO 1 --- [item-bank-api] [nio-8080-exec-8] c.example.common.GlobalExceptionHandler  : no handler for /robots.txt
2026-09-17T10:36:12.523+09:00  INFO 1 --- [item-bank-api] [nio-8080-exec-9] c.example.common.GlobalExceptionHandler  : not found: 문항이 없습니다: id=41 (/api/items/41)
2026-09-17T10:36:14.266+09:00  INFO 1 --- [item-bank-api] [nio-8080-exec-2] c.example.common.GlobalExceptionHandler  : not found: 문항이 없습니다: id=43 (/api/items/43)
2026-09-17T10:36:16.930+09:00  INFO 1 --- [item-bank-api] [nio-8080-exec-5] c.e.assignment.DistributionService       : redistributed distribution 42 (assignment 4, class 1) reason=STU-1003 결석으로 재배포
2026-09-17T10:36:22.831+09:00  INFO 1 --- [item-bank-api] [nio-8080-exec-3] c.example.common.GlobalExceptionHandler  : no handler for /apple-touch-icon.png
2026-09-17T10:37:05.557+09:00  INFO 1 --- [item-bank-api] [nio-8080-exec-7] c.example.common.GlobalExceptionHandler  : not found: 배포가 없습니다: id=9 (/api/distributions/9)
2026-09-17T10:37:12.064+09:00  INFO 1 --- [item-bank-api] [nio-8080-exec-3] c.example.common.GlobalExceptionHandler  : not found: 문항이 없습니다: id=56 (/api/items/56)
2026-09-17T10:37:15.842+09:00  INFO 1 --- [item-bank-api] [nio-8080-exec-3] c.example.common.GlobalExceptionHandler  : not found: 문항이 없습니다: id=54 (/api/items/54)
2026-09-17T10:38:32.231+09:00  INFO 1 --- [item-bank-api] [nio-8080-exec-5] c.example.common.GlobalExceptionHandler  : not found: 배포가 없습니다: id=12 (/api/distributions/12)
2026-09-17T10:38:47.284+09:00  INFO 1 --- [item-bank-api] [nio-8080-exec-7] c.example.common.GlobalExceptionHandler  : no handler for /api/unit
2026-09-17T10:38:49.240+09:00  INFO 1 --- [item-bank-api] [nio-8080-exec-9] c.example.common.GlobalExceptionHandler  : not found: 문항이 없습니다: id=33 (/api/items/33)
2026-09-17T10:39:21.905+09:00  INFO 1 --- [item-bank-api] [nio-8080-exec-6] c.example.common.GlobalExceptionHandler  : not found: 배포가 없습니다: id=15 (/api/distributions/15)
2026-09-17T10:39:29.165+09:00  INFO 1 --- [item-bank-api] [nio-8080-exec-1] c.example.common.GlobalExceptionHandler  : no handler for /api/item/12
2026-09-17T10:39:39.092+09:00  INFO 1 --- [item-bank-api] [nio-8080-exec-8] c.example.common.GlobalExceptionHandler  : no handler for /apple-touch-icon.png
2026-09-17T10:40:14.502+09:00  INFO 1 --- [item-bank-api] [nio-8080-exec-5] c.example.common.GlobalExceptionHandler  : no handler for /api/unit
2026-09-17T10:40:26.003+09:00  INFO 1 --- [item-bank-api] [nio-8080-exec-4] c.example.common.GlobalExceptionHandler  : no handler for /robots.txt
2026-09-17T10:41:08.251+09:00  INFO 1 --- [item-bank-api] [nio-8080-exec-4] c.example.common.GlobalExceptionHandler  : not found: 배포가 없습니다: id=15 (/api/distributions/15)
2026-09-17T10:42:19.615+09:00  INFO 1 --- [item-bank-api] [io-8080-exec-10] c.example.common.GlobalExceptionHandler  : not found: 문항이 없습니다: id=45 (/api/items/45)
2026-09-17T10:42:26.822+09:00  INFO 1 --- [item-bank-api] [io-8080-exec-10] c.e.assignment.DistributionService       : redistributed distribution 42 (assignment 4, class 1) reason=STU-1003 결석으로 재배포
2026-09-17T10:42:33.348+09:00  INFO 1 --- [item-bank-api] [nio-8080-exec-6] c.example.common.GlobalExceptionHandler  : no handler for /apple-touch-icon.png
2026-09-17T10:42:57.997+09:00  INFO 1 --- [item-bank-api] [nio-8080-exec-5] c.example.common.GlobalExceptionHandler  : no handler for /robots.txt
2026-09-17T10:43:24.531+09:00  INFO 1 --- [item-bank-api] [nio-8080-exec-8] c.example.common.GlobalExceptionHandler  : no handler for /api/item/12
2026-09-17T10:43:32.914+09:00  INFO 1 --- [item-bank-api] [nio-8080-exec-3] c.example.common.GlobalExceptionHandler  : no handler for /api/item/12
2026-09-17T10:43:45.047+09:00  INFO 1 --- [item-bank-api] [nio-8080-exec-4] c.example.common.GlobalExceptionHandler  : not found: 단원이 없습니다: code=M7-1 (/api/units/M7-1/items)
2026-09-17T10:43:55.476+09:00  INFO 1 --- [item-bank-api] [nio-8080-exec-7] c.example.common.GlobalExceptionHandler  : bad request: Method parameter 'id': Failed to convert value of type 'java.lang.String' to required type 'java.lang.Integer'; For input string: "undefined" (/api/items/undefined)
2026-09-17T10:45:02.339+09:00  INFO 1 --- [item-bank-api] [nio-8080-exec-5] c.example.common.GlobalExceptionHandler  : not found: 배포가 없습니다: id=10 (/api/distributions/10)
2026-09-17T10:45:18.306+09:00  INFO 1 --- [item-bank-api] [nio-8080-exec-2] com.example.assignment.ReportService     : built class report for class 2: 3 distributions, 10 submissions
2026-09-17T10:45:42.661+09:00  INFO 1 --- [item-bank-api] [nio-8080-exec-3] c.example.common.GlobalExceptionHandler  : no handler for /apple-touch-icon.png
2026-09-17T10:45:42.959+09:00  INFO 1 --- [item-bank-api] [nio-8080-exec-3] c.example.common.GlobalExceptionHandler  : no handler for /api/item/12
2026-09-17T10:45:56.642+09:00  INFO 1 --- [item-bank-api] [nio-8080-exec-9] c.example.common.GlobalExceptionHandler  : no handler for /apple-touch-icon.png
2026-09-17T10:46:05.714+09:00  INFO 1 --- [item-bank-api] [nio-8080-exec-6] c.example.common.GlobalExceptionHandler  : not found: 문항이 없습니다: id=35 (/api/items/35)
2026-09-17T10:46:29.291+09:00  INFO 1 --- [item-bank-api] [nio-8080-exec-6] c.example.common.GlobalExceptionHandler  : not found: 배포가 없습니다: id=10 (/api/distributions/10)
2026-09-17T10:47:59.562+09:00  INFO 1 --- [item-bank-api] [nio-8080-exec-5] c.example.common.GlobalExceptionHandler  : no handler for /robots.txt
2026-09-17T10:48:15.064+09:00  INFO 1 --- [item-bank-api] [nio-8080-exec-7] c.example.common.GlobalExceptionHandler  : no handler for /api/item/12
2026-09-17T10:48:21.370+09:00  INFO 1 --- [item-bank-api] [nio-8080-exec-6] c.example.common.GlobalExceptionHandler  : not found: 문항이 없습니다: id=35 (/api/items/35)
2026-09-17T10:49:18.816+09:00  INFO 1 --- [item-bank-api] [nio-8080-exec-1] c.example.common.GlobalExceptionHandler  : no handler for /api/item/12
2026-09-17T10:49:34.103+09:00  INFO 1 --- [item-bank-api] [nio-8080-exec-3] com.example.assignment.ReportService     : built class report for class 2: 3 distributions, 10 submissions
2026-09-17T10:49:41.027+09:00  INFO 1 --- [item-bank-api] [nio-8080-exec-5] c.example.common.GlobalExceptionHandler  : no handler for /api/unit
2026-09-17T10:49:45.268+09:00  WARN 1 --- [item-bank-api] [nio-8080-exec-5] c.example.common.GlobalExceptionHandler  : state conflict: 마감된 과제는 재배포할 수 없습니다: distributionId=2 (/api/distributions/2/redistribute)
2026-09-17T10:50:03.839+09:00  INFO 1 --- [item-bank-api] [nio-8080-exec-6] c.example.common.GlobalExceptionHandler  : no handler for /api/unit
2026-09-17T10:50:17.573+09:00  INFO 1 --- [item-bank-api] [io-8080-exec-10] c.example.common.GlobalExceptionHandler  : no handler for /api/item/12
2026-09-17T10:50:34.709+09:00  INFO 1 --- [item-bank-api] [nio-8080-exec-4] c.example.common.GlobalExceptionHandler  : not found: 단원이 없습니다: code=M7-1 (/api/units/M7-1/items)
2026-09-17T10:50:45.337+09:00  WARN 1 --- [item-bank-api] [nio-8080-exec-3] c.example.common.GlobalExceptionHandler  : state conflict: 마감된 과제는 재배포할 수 없습니다: distributionId=1 (/api/distributions/1/redistribute)
2026-09-17T10:50:58.911+09:00  WARN 1 --- [item-bank-api] [nio-8080-exec-3] c.example.common.GlobalExceptionHandler  : state conflict: 마감된 과제는 재배포할 수 없습니다: distributionId=2 (/api/distributions/2/redistribute)
2026-09-17T10:51:03.035+09:00  INFO 1 --- [item-bank-api] [nio-8080-exec-3] c.example.common.GlobalExceptionHandler  : not found: 문항이 없습니다: id=52 (/api/items/52)
2026-09-17T10:51:10.432+09:00  INFO 1 --- [item-bank-api] [nio-8080-exec-9] c.example.common.GlobalExceptionHandler  : not found: 문항이 없습니다: id=49 (/api/items/49)
2026-09-17T10:51:11.886+09:00  WARN 1 --- [item-bank-api] [nio-8080-exec-4] c.example.common.GlobalExceptionHandler  : state conflict: 마감된 과제는 재배포할 수 없습니다: distributionId=2 (/api/distributions/2/redistribute)
2026-09-17T10:51:26.989+09:00  INFO 1 --- [item-bank-api] [nio-8080-exec-1] c.example.common.GlobalExceptionHandler  : no handler for /api/item/12
2026-09-17T10:51:34.069+09:00  INFO 1 --- [item-bank-api] [nio-8080-exec-7] c.example.common.GlobalExceptionHandler  : no handler for /api/item/12
2026-09-17T10:51:56.142+09:00  INFO 1 --- [item-bank-api] [nio-8080-exec-5] com.example.assignment.ReportService     : built class report for class 2: 3 distributions, 10 submissions
2026-09-17T10:51:57.840+09:00  INFO 1 --- [item-bank-api] [nio-8080-exec-8] c.example.common.GlobalExceptionHandler  : no handler for /api/unit
2026-09-17T10:52:00.678+09:00  INFO 1 --- [item-bank-api] [nio-8080-exec-3] c.example.common.GlobalExceptionHandler  : no handler for /api/unit
2026-09-17T10:52:23.161+09:00  INFO 1 --- [item-bank-api] [nio-8080-exec-8] com.example.assignment.ReportService     : built class report for class 3: 3 distributions, 10 submissions
2026-09-17T10:52:34.866+09:00  INFO 1 --- [item-bank-api] [io-8080-exec-10] c.e.assignment.DistributionService       : redistributed distribution 42 (assignment 4, class 1) reason=STU-1007 요청 — 제출 화면 오류
2026-09-17T10:52:43.789+09:00  INFO 1 --- [item-bank-api] [nio-8080-exec-9] c.example.common.GlobalExceptionHandler  : no handler for /api/item/12
2026-09-17T10:52:50.303+09:00  INFO 1 --- [item-bank-api] [nio-8080-exec-9] c.example.common.GlobalExceptionHandler  : no handler for /api/item/12
2026-09-17T10:52:58.848+09:00  INFO 1 --- [item-bank-api] [nio-8080-exec-6] c.example.common.GlobalExceptionHandler  : no handler for /robots.txt
2026-09-17T10:53:24.029+09:00  INFO 1 --- [item-bank-api] [nio-8080-exec-7] c.example.common.GlobalExceptionHandler  : no handler for /api/unit
2026-09-17T10:53:40.848+09:00  INFO 1 --- [item-bank-api] [nio-8080-exec-6] c.example.common.GlobalExceptionHandler  : no handler for /favicon.ico
2026-09-17T10:53:47.828+09:00  INFO 1 --- [item-bank-api] [nio-8080-exec-6] c.example.common.GlobalExceptionHandler  : not found: 문항이 없습니다: id=61 (/api/items/61)
2026-09-17T10:53:49.233+09:00  INFO 1 --- [item-bank-api] [nio-8080-exec-4] c.example.common.GlobalExceptionHandler  : not found: 문항이 없습니다: id=49 (/api/items/49)
2026-09-17T10:54:07.639+09:00  INFO 1 --- [item-bank-api] [nio-8080-exec-1] c.example.common.GlobalExceptionHandler  : not found: 문항이 없습니다: id=56 (/api/items/56)
2026-09-17T10:54:07.663+09:00  INFO 1 --- [item-bank-api] [io-8080-exec-10] c.example.common.GlobalExceptionHandler  : not found: 단원이 없습니다: code=M7-1 (/api/units/M7-1/items)
2026-09-17T10:54:13.889+09:00  INFO 1 --- [item-bank-api] [nio-8080-exec-5] c.example.common.GlobalExceptionHandler  : no handler for /api/unit
2026-09-17T10:54:28.912+09:00  INFO 1 --- [item-bank-api] [nio-8080-exec-5] c.example.common.GlobalExceptionHandler  : no handler for /api/unit
2026-09-17T10:54:35.650+09:00  INFO 1 --- [item-bank-api] [nio-8080-exec-1] c.example.common.GlobalExceptionHandler  : no handler for /api/item/12
2026-09-17T10:54:38.506+09:00  WARN 1 --- [item-bank-api] [nio-8080-exec-3] c.example.common.GlobalExceptionHandler  : state conflict: 마감된 과제는 재배포할 수 없습니다: distributionId=1 (/api/distributions/1/redistribute)
2026-09-17T10:54:57.748+09:00  INFO 1 --- [item-bank-api] [nio-8080-exec-7] c.example.common.GlobalExceptionHandler  : no handler for /api/unit
2026-09-17T10:55:39.468+09:00  INFO 1 --- [item-bank-api] [nio-8080-exec-2] c.example.common.GlobalExceptionHandler  : no handler for /favicon.ico
2026-09-17T10:56:01.574+09:00  INFO 1 --- [item-bank-api] [nio-8080-exec-1] c.example.common.GlobalExceptionHandler  : no handler for /robots.txt
2026-09-17T10:56:13.746+09:00  INFO 1 --- [item-bank-api] [io-8080-exec-10] c.example.common.GlobalExceptionHandler  : not found: 문항이 없습니다: id=60 (/api/items/60)
2026-09-17T10:56:17.287+09:00  INFO 1 --- [item-bank-api] [io-8080-exec-10] c.example.common.GlobalExceptionHandler  : bad request: Method parameter 'id': Failed to convert value of type 'java.lang.String' to required type 'java.lang.Integer'; For input string: "undefined" (/api/items/undefined)
2026-09-17T10:57:26.462+09:00  INFO 1 --- [item-bank-api] [nio-8080-exec-8] c.example.common.GlobalExceptionHandler  : not found: 문항이 없습니다: id=55 (/api/items/55)
2026-09-17T10:57:39.869+09:00  INFO 1 --- [item-bank-api] [nio-8080-exec-7] c.example.common.GlobalExceptionHandler  : not found: 배포가 없습니다: id=14 (/api/distributions/14)
2026-09-17T10:57:39.874+09:00  INFO 1 --- [item-bank-api] [nio-8080-exec-9] c.example.common.GlobalExceptionHandler  : not found: 문항이 없습니다: id=38 (/api/items/38)
2026-09-17T10:57:46.926+09:00  INFO 1 --- [item-bank-api] [nio-8080-exec-5] c.example.common.GlobalExceptionHandler  : not found: 문항이 없습니다: id=57 (/api/items/57)
2026-09-17T10:58:03.160+09:00  INFO 1 --- [item-bank-api] [nio-8080-exec-6] c.example.common.GlobalExceptionHandler  : not found: 문항이 없습니다: id=44 (/api/items/44)
2026-09-17T10:58:55.205+09:00  INFO 1 --- [item-bank-api] [nio-8080-exec-9] c.example.common.GlobalExceptionHandler  : not found: 배포가 없습니다: id=13 (/api/distributions/13)
2026-09-17T10:59:02.990+09:00  INFO 1 --- [item-bank-api] [nio-8080-exec-5] c.e.assignment.DistributionService       : redistributed distribution 43 (assignment 6, class 1) reason=STU-1003 결석으로 재배포
2026-09-17T10:59:14.443+09:00  INFO 1 --- [item-bank-api] [nio-8080-exec-8] c.example.common.GlobalExceptionHandler  : no handler for /api/unit
2026-09-17T10:59:34.027+09:00  INFO 1 --- [item-bank-api] [nio-8080-exec-4] com.example.assignment.ReportService     : built class report for class 2: 3 distributions, 10 submissions
2026-09-17T10:59:39.079+09:00  INFO 1 --- [item-bank-api] [nio-8080-exec-2] c.example.common.GlobalExceptionHandler  : no handler for /robots.txt
2026-09-17T10:59:54.306+09:00  INFO 1 --- [item-bank-api] [nio-8080-exec-9] c.example.common.GlobalExceptionHandler  : not found: 문항이 없습니다: id=51 (/api/items/51)
2026-09-17T11:00:07.665+09:00  INFO 1 --- [item-bank-api] [nio-8080-exec-8] c.example.common.GlobalExceptionHandler  : no handler for /apple-touch-icon.png
2026-09-17T11:00:46.346+09:00  INFO 1 --- [item-bank-api] [nio-8080-exec-3] c.example.common.GlobalExceptionHandler  : not found: 문항이 없습니다: id=57 (/api/items/57)
2026-09-17T11:00:51.414+09:00  WARN 1 --- [item-bank-api] [nio-8080-exec-8] c.example.common.GlobalExceptionHandler  : state conflict: 마감된 과제는 재배포할 수 없습니다: distributionId=1 (/api/distributions/1/redistribute)
2026-09-17T11:00:54.604+09:00  INFO 1 --- [item-bank-api] [nio-8080-exec-2] c.example.common.GlobalExceptionHandler  : no handler for /api/unit
2026-09-17T11:01:01.404+09:00  INFO 1 --- [item-bank-api] [nio-8080-exec-6] c.example.common.GlobalExceptionHandler  : not found: 문항이 없습니다: id=34 (/api/items/34)
2026-09-17T11:01:01.924+09:00  INFO 1 --- [item-bank-api] [nio-8080-exec-3] c.example.common.GlobalExceptionHandler  : no handler for /apple-touch-icon.png
2026-09-17T11:01:29.649+09:00  INFO 1 --- [item-bank-api] [nio-8080-exec-2] c.example.common.GlobalExceptionHandler  : not found: 배포가 없습니다: id=15 (/api/distributions/15)
2026-09-17T11:01:48.418+09:00  INFO 1 --- [item-bank-api] [nio-8080-exec-6] c.example.common.GlobalExceptionHandler  : no handler for /favicon.ico
2026-09-17T11:01:50.489+09:00  INFO 1 --- [item-bank-api] [nio-8080-exec-9] c.example.common.GlobalExceptionHandler  : no handler for /api/unit
2026-09-17T11:02:15.494+09:00  INFO 1 --- [item-bank-api] [io-8080-exec-10] c.example.common.GlobalExceptionHandler  : no handler for /robots.txt
2026-09-17T11:03:12.084+09:00  INFO 1 --- [item-bank-api] [nio-8080-exec-5] c.example.common.GlobalExceptionHandler  : no handler for /api/item/12
2026-09-17T11:03:14.653+09:00  INFO 1 --- [item-bank-api] [nio-8080-exec-1] c.example.common.GlobalExceptionHandler  : no handler for /robots.txt
2026-09-17T11:03:20.221+09:00  INFO 1 --- [item-bank-api] [nio-8080-exec-7] c.example.common.GlobalExceptionHandler  : no handler for /favicon.ico
2026-09-17T11:03:57.635+09:00  INFO 1 --- [item-bank-api] [io-8080-exec-10] c.e.assignment.DistributionService       : redistributed distribution 6 (assignment 4, class 3) reason=STU-1007 요청 — 제출 화면 오류
2026-09-17T11:04:00.235+09:00  INFO 1 --- [item-bank-api] [nio-8080-exec-7] c.e.assignment.DistributionService       : redistributed distribution 7 (assignment 5, class 3) reason=STU-1003 결석으로 재배포
2026-09-17T11:04:22.815+09:00  INFO 1 --- [item-bank-api] [nio-8080-exec-6] c.example.common.GlobalExceptionHandler  : no handler for /favicon.ico
2026-09-17T11:04:43.926+09:00  INFO 1 --- [item-bank-api] [nio-8080-exec-6] c.example.common.GlobalExceptionHandler  : no handler for /api/unit
2026-09-17T11:04:52.876+09:00  INFO 1 --- [item-bank-api] [nio-8080-exec-5] c.example.common.GlobalExceptionHandler  : no handler for /favicon.ico
2026-09-17T11:05:11.695+09:00  INFO 1 --- [item-bank-api] [nio-8080-exec-5] c.example.common.GlobalExceptionHandler  : no handler for /api/item/12
2026-09-17T11:05:12.053+09:00  WARN 1 --- [item-bank-api] [nio-8080-exec-9] c.example.common.GlobalExceptionHandler  : state conflict: 마감된 과제는 재배포할 수 없습니다: distributionId=3 (/api/distributions/3/redistribute)
2026-09-17T11:05:14.218+09:00  INFO 1 --- [item-bank-api] [nio-8080-exec-1] c.example.common.GlobalExceptionHandler  : not found: 문항이 없습니다: id=64 (/api/items/64)
2026-09-17T11:05:16.219+09:00  INFO 1 --- [item-bank-api] [nio-8080-exec-7] c.example.common.GlobalExceptionHandler  : no handler for /favicon.ico
2026-09-17T11:05:27.083+09:00  INFO 1 --- [item-bank-api] [nio-8080-exec-9] c.example.common.GlobalExceptionHandler  : not found: 배포가 없습니다: id=9 (/api/distributions/9)
2026-09-17T11:05:28.144+09:00  INFO 1 --- [item-bank-api] [nio-8080-exec-3] c.example.common.GlobalExceptionHandler  : no handler for /api/item/12
2026-09-17T11:05:28.240+09:00  INFO 1 --- [item-bank-api] [nio-8080-exec-7] c.example.common.GlobalExceptionHandler  : not found: 문항이 없습니다: id=34 (/api/items/34)
2026-09-17T11:05:48.365+09:00  INFO 1 --- [item-bank-api] [nio-8080-exec-1] c.example.common.GlobalExceptionHandler  : no handler for /apple-touch-icon.png
2026-09-17T11:05:50.365+09:00  INFO 1 --- [item-bank-api] [nio-8080-exec-2] c.example.common.GlobalExceptionHandler  : no handler for /robots.txt
2026-09-17T11:06:07.968+09:00  INFO 1 --- [item-bank-api] [nio-8080-exec-9] c.example.common.GlobalExceptionHandler  : no handler for /favicon.ico
2026-09-17T11:06:09.207+09:00  INFO 1 --- [item-bank-api] [nio-8080-exec-4] c.example.common.GlobalExceptionHandler  : not found: 문항이 없습니다: id=45 (/api/items/45)
2026-09-17T11:06:56.068+09:00  INFO 1 --- [item-bank-api] [io-8080-exec-10] c.example.common.GlobalExceptionHandler  : no handler for /favicon.ico
2026-09-17T11:07:23.256+09:00  INFO 1 --- [item-bank-api] [io-8080-exec-10] c.example.common.GlobalExceptionHandler  : not found: 단원이 없습니다: code=M7-1 (/api/units/M7-1/items)
2026-09-17T11:07:53.295+09:00  INFO 1 --- [item-bank-api] [nio-8080-exec-3] c.example.common.GlobalExceptionHandler  : no handler for /apple-touch-icon.png
2026-09-17T11:07:55.182+09:00  INFO 1 --- [item-bank-api] [nio-8080-exec-5] com.example.assignment.ReportService     : built class report for class 1: 3 distributions, 10 submissions
2026-09-17T11:07:55.739+09:00  INFO 1 --- [item-bank-api] [io-8080-exec-10] c.example.common.GlobalExceptionHandler  : not found: 단원이 없습니다: code=M7-1 (/api/units/M7-1/items)
2026-09-17T11:08:06.998+09:00  INFO 1 --- [item-bank-api] [nio-8080-exec-5] c.example.common.GlobalExceptionHandler  : no handler for /api/unit
2026-09-17T11:08:21.935+09:00  INFO 1 --- [item-bank-api] [nio-8080-exec-2] c.example.common.GlobalExceptionHandler  : no handler for /api/item/12
2026-09-17T11:09:05.498+09:00  INFO 1 --- [item-bank-api] [nio-8080-exec-3] c.example.common.GlobalExceptionHandler  : not found: 문항이 없습니다: id=44 (/api/items/44)
2026-09-17T11:09:11.108+09:00  INFO 1 --- [item-bank-api] [nio-8080-exec-3] c.example.common.GlobalExceptionHandler  : no handler for /api/unit
2026-09-17T11:09:21.536+09:00  INFO 1 --- [item-bank-api] [nio-8080-exec-3] c.example.common.GlobalExceptionHandler  : not found: 배포가 없습니다: id=10 (/api/distributions/10)
2026-09-17T11:09:43.751+09:00  INFO 1 --- [item-bank-api] [io-8080-exec-10] c.example.common.GlobalExceptionHandler  : no handler for /robots.txt
2026-09-17T11:09:55.101+09:00  INFO 1 --- [item-bank-api] [nio-8080-exec-6] c.example.common.GlobalExceptionHandler  : not found: 배포가 없습니다: id=13 (/api/distributions/13)
2026-09-17T11:10:09.133+09:00  INFO 1 --- [item-bank-api] [nio-8080-exec-5] c.example.common.GlobalExceptionHandler  : no handler for /api/item/12
2026-09-17T11:10:10.060+09:00  INFO 1 --- [item-bank-api] [io-8080-exec-10] c.example.common.GlobalExceptionHandler  : no handler for /api/unit
2026-09-17T11:11:09.557+09:00  INFO 1 --- [item-bank-api] [nio-8080-exec-6] c.example.common.GlobalExceptionHandler  : no handler for /api/unit
2026-09-17T11:11:12.524+09:00  INFO 1 --- [item-bank-api] [nio-8080-exec-8] c.example.common.GlobalExceptionHandler  : no handler for /api/item/12
2026-09-17T11:11:18.999+09:00  INFO 1 --- [item-bank-api] [nio-8080-exec-1] c.example.common.GlobalExceptionHandler  : not found: 단원이 없습니다: code=M7-1 (/api/units/M7-1/items)
2026-09-17T11:11:32.507+09:00  INFO 1 --- [item-bank-api] [nio-8080-exec-3] c.example.common.GlobalExceptionHandler  : not found: 배포가 없습니다: id=14 (/api/distributions/14)
2026-09-17T11:11:48.330+09:00  INFO 1 --- [item-bank-api] [nio-8080-exec-4] c.e.assignment.DistributionService       : redistributed distribution 7 (assignment 5, class 3) reason=보강 수업 후 재배포
2026-09-17T11:11:49.566+09:00  INFO 1 --- [item-bank-api] [nio-8080-exec-9] c.example.common.GlobalExceptionHandler  : not found: 문항이 없습니다: id=40 (/api/items/40)
2026-09-17T11:12:18.610+09:00  INFO 1 --- [item-bank-api] [io-8080-exec-10] c.example.common.GlobalExceptionHandler  : not found: 문항이 없습니다: id=43 (/api/items/43)
2026-09-17T11:13:59.468+09:00  INFO 1 --- [item-bank-api] [nio-8080-exec-6] c.example.common.GlobalExceptionHandler  : no handler for /robots.txt
2026-09-17T11:14:00.010+09:00  INFO 1 --- [item-bank-api] [nio-8080-exec-9] c.example.common.GlobalExceptionHandler  : no handler for /api/item/12
2026-09-17T11:14:08.108+09:00  INFO 1 --- [item-bank-api] [nio-8080-exec-4] c.example.common.GlobalExceptionHandler  : no handler for /api/unit
2026-09-17T11:14:23.195+09:00  INFO 1 --- [item-bank-api] [nio-8080-exec-3] c.example.common.GlobalExceptionHandler  : no handler for /api/item/12
2026-09-17T11:14:25.968+09:00  INFO 1 --- [item-bank-api] [io-8080-exec-10] c.example.common.GlobalExceptionHandler  : no handler for /api/unit
2026-09-17T11:14:28.063+09:00  INFO 1 --- [item-bank-api] [nio-8080-exec-5] c.example.common.GlobalExceptionHandler  : not found: 문항이 없습니다: id=62 (/api/items/62)
2026-09-17T11:14:29.051+09:00  INFO 1 --- [item-bank-api] [nio-8080-exec-7] c.example.common.GlobalExceptionHandler  : no handler for /api/item/12
2026-09-17T11:14:35.458+09:00  INFO 1 --- [item-bank-api] [nio-8080-exec-8] c.example.common.GlobalExceptionHandler  : not found: 문항이 없습니다: id=32 (/api/items/32)
2026-09-17T11:14:46.362+09:00  INFO 1 --- [item-bank-api] [nio-8080-exec-5] c.example.common.GlobalExceptionHandler  : not found: 문항이 없습니다: id=54 (/api/items/54)
2026-09-17T11:16:11.698+09:00  INFO 1 --- [item-bank-api] [io-8080-exec-10] c.example.common.GlobalExceptionHandler  : not found: 배포가 없습니다: id=12 (/api/distributions/12)
2026-09-17T11:16:15.657+09:00  INFO 1 --- [item-bank-api] [nio-8080-exec-7] c.example.common.GlobalExceptionHandler  : no handler for /api/unit
2026-09-17T11:16:41.133+09:00  INFO 1 --- [item-bank-api] [io-8080-exec-10] c.example.common.GlobalExceptionHandler  : not found: 문항이 없습니다: id=53 (/api/items/53)
2026-09-17T11:17:19.416+09:00  INFO 1 --- [item-bank-api] [nio-8080-exec-6] c.example.common.GlobalExceptionHandler  : not found: 단원이 없습니다: code=M7-1 (/api/units/M7-1/items)
2026-09-17T11:17:28.241+09:00  INFO 1 --- [item-bank-api] [nio-8080-exec-3] c.example.common.GlobalExceptionHandler  : no handler for /api/unit
2026-09-17T11:17:30.577+09:00  INFO 1 --- [item-bank-api] [nio-8080-exec-7] c.example.common.GlobalExceptionHandler  : no handler for /favicon.ico
2026-09-17T11:17:40.814+09:00 ERROR 1 --- [item-bank-api] [nio-8080-exec-7] c.example.common.GlobalExceptionHandler  : unhandled exception on /api/distributions/41/redistribute
org.springframework.orm.jpa.JpaObjectRetrievalFailureException: Entity `com.example.assignment.Assignment` with identifier value `9` does not exist
	at org.springframework.orm.jpa.EntityManagerFactoryUtils.convertJpaAccessExceptionIfPossible(EntityManagerFactoryUtils.java:379)
	at org.springframework.orm.jpa.vendor.HibernateJpaDialect.translateExceptionIfPossible(HibernateJpaDialect.java:246)
	at org.springframework.orm.jpa.AbstractEntityManagerFactoryBean.translateExceptionIfPossible(AbstractEntityManagerFactoryBean.java:560)
	at org.springframework.dao.support.ChainedPersistenceExceptionTranslator.translateExceptionIfPossible(ChainedPersistenceExceptionTranslator.java:61)
	at org.springframework.dao.support.DataAccessUtils.translateIfNecessary(DataAccessUtils.java:343)
	at org.springframework.dao.support.PersistenceExceptionTranslationInterceptor.invoke(PersistenceExceptionTranslationInterceptor.java:160)
	at org.springframework.aop.framework.ReflectiveMethodInvocation.proceed(ReflectiveMethodInvocation.java:184)
	at org.springframework.aop.framework.JdkDynamicAopProxy.invoke(JdkDynamicAopProxy.java:223)
	at jdk.proxy2/jdk.proxy2.$Proxy141.findWithDetailsById(Unknown Source)
	at com.example.assignment.DistributionService.loadOrThrow(DistributionService.java:65)
	at com.example.assignment.DistributionService.redistribute(DistributionService.java:51)
	at java.base/jdk.internal.reflect.DirectMethodHandleAccessor.invoke(DirectMethodHandleAccessor.java:103)
	at java.base/java.lang.reflect.Method.invoke(Method.java:580)
	at org.springframework.transaction.interceptor.TransactionAspectSupport.invokeWithinTransaction(TransactionAspectSupport.java:392)
	at org.springframework.transaction.interceptor.TransactionInterceptor.invoke(TransactionInterceptor.java:119)
	at org.springframework.aop.framework.ReflectiveMethodInvocation.proceed(ReflectiveMethodInvocation.java:184)
	at org.springframework.aop.framework.CglibAopProxy$DynamicAdvisedInterceptor.intercept(CglibAopProxy.java:720)
	at com.example.assignment.DistributionService$$SpringCGLIB$$0.redistribute(<generated>)
	at com.example.assignment.DistributionController.redistribute(DistributionController.java:38)
	at java.base/jdk.internal.reflect.DirectMethodHandleAccessor.invoke(DirectMethodHandleAccessor.java:103)
	at java.base/java.lang.reflect.Method.invoke(Method.java:580)
	at org.springframework.web.method.support.InvocableHandlerMethod.doInvoke(InvocableHandlerMethod.java:255)
	at org.springframework.web.method.support.InvocableHandlerMethod.invokeForRequest(InvocableHandlerMethod.java:188)
	at org.springframework.web.servlet.mvc.method.annotation.ServletInvocableHandlerMethod.invokeAndHandle(ServletInvocableHandlerMethod.java:118)
	at org.springframework.web.servlet.mvc.method.annotation.RequestMappingHandlerAdapter.invokeHandlerMethod(RequestMappingHandlerAdapter.java:926)
	at org.springframework.web.servlet.DispatcherServlet.doDispatch(DispatcherServlet.java:1089)
	at org.springframework.web.servlet.FrameworkServlet.processRequest(FrameworkServlet.java:1014)
	... 44 more
Caused by: org.hibernate.FetchNotFoundException: Entity `com.example.assignment.Assignment` with identifier value `9` does not exist
	at org.hibernate.internal.SessionFactoryImpl$1.handleEntityNotFound(SessionFactoryImpl.java:305)
	at org.hibernate.sql.results.graph.entity.internal.EntityInitializerImpl.resolveInstance(EntityInitializerImpl.java:1027)
	at org.hibernate.sql.results.internal.InitializersList.resolveInstances(InitializersList.java:48)
	at org.hibernate.sql.results.internal.RowProcessingStateStandardImpl.finishRowProcessing(RowProcessingStateStandardImpl.java:141)
	at org.hibernate.sql.results.spi.ListResultsConsumer.consume(ListResultsConsumer.java:200)
	at org.hibernate.query.sqm.internal.ConcreteSqmSelectQueryPlan.executeQuery(ConcreteSqmSelectQueryPlan.java:370)
	... 73 common frames omitted
2026-09-17T11:17:41.521+09:00  INFO 1 --- [item-bank-api] [nio-8080-exec-3] c.example.common.GlobalExceptionHandler  : no handler for /robots.txt
2026-09-17T11:17:45.387+09:00  INFO 1 --- [item-bank-api] [io-8080-exec-10] c.example.common.GlobalExceptionHandler  : not found: 배포가 없습니다: id=10 (/api/distributions/10)
2026-09-17T11:18:01.527+09:00 ERROR 1 --- [item-bank-api] [nio-8080-exec-4] c.example.common.GlobalExceptionHandler  : unhandled exception on /api/distributions/41/redistribute
org.springframework.orm.jpa.JpaObjectRetrievalFailureException: Entity `com.example.assignment.Assignment` with identifier value `9` does not exist
	at org.springframework.orm.jpa.EntityManagerFactoryUtils.convertJpaAccessExceptionIfPossible(EntityManagerFactoryUtils.java:379)
	at org.springframework.orm.jpa.vendor.HibernateJpaDialect.translateExceptionIfPossible(HibernateJpaDialect.java:246)
	at org.springframework.orm.jpa.AbstractEntityManagerFactoryBean.translateExceptionIfPossible(AbstractEntityManagerFactoryBean.java:560)
	at org.springframework.dao.support.ChainedPersistenceExceptionTranslator.translateExceptionIfPossible(ChainedPersistenceExceptionTranslator.java:61)
	at org.springframework.dao.support.DataAccessUtils.translateIfNecessary(DataAccessUtils.java:343)
	at org.springframework.dao.support.PersistenceExceptionTranslationInterceptor.invoke(PersistenceExceptionTranslationInterceptor.java:160)
	at org.springframework.aop.framework.ReflectiveMethodInvocation.proceed(ReflectiveMethodInvocation.java:184)
	at org.springframework.aop.framework.JdkDynamicAopProxy.invoke(JdkDynamicAopProxy.java:223)
	at jdk.proxy2/jdk.proxy2.$Proxy141.findWithDetailsById(Unknown Source)
	at com.example.assignment.DistributionService.loadOrThrow(DistributionService.java:65)
	at com.example.assignment.DistributionService.redistribute(DistributionService.java:51)
	at java.base/jdk.internal.reflect.DirectMethodHandleAccessor.invoke(DirectMethodHandleAccessor.java:103)
	at java.base/java.lang.reflect.Method.invoke(Method.java:580)
	at org.springframework.transaction.interceptor.TransactionAspectSupport.invokeWithinTransaction(TransactionAspectSupport.java:392)
	at org.springframework.transaction.interceptor.TransactionInterceptor.invoke(TransactionInterceptor.java:119)
	at org.springframework.aop.framework.ReflectiveMethodInvocation.proceed(ReflectiveMethodInvocation.java:184)
	at org.springframework.aop.framework.CglibAopProxy$DynamicAdvisedInterceptor.intercept(CglibAopProxy.java:720)
	at com.example.assignment.DistributionService$$SpringCGLIB$$0.redistribute(<generated>)
	at com.example.assignment.DistributionController.redistribute(DistributionController.java:38)
	at java.base/jdk.internal.reflect.DirectMethodHandleAccessor.invoke(DirectMethodHandleAccessor.java:103)
	at java.base/java.lang.reflect.Method.invoke(Method.java:580)
	at org.springframework.web.method.support.InvocableHandlerMethod.doInvoke(InvocableHandlerMethod.java:255)
	at org.springframework.web.method.support.InvocableHandlerMethod.invokeForRequest(InvocableHandlerMethod.java:188)
	at org.springframework.web.servlet.mvc.method.annotation.ServletInvocableHandlerMethod.invokeAndHandle(ServletInvocableHandlerMethod.java:118)
	at org.springframework.web.servlet.mvc.method.annotation.RequestMappingHandlerAdapter.invokeHandlerMethod(RequestMappingHandlerAdapter.java:926)
	at org.springframework.web.servlet.DispatcherServlet.doDispatch(DispatcherServlet.java:1089)
	at org.springframework.web.servlet.FrameworkServlet.processRequest(FrameworkServlet.java:1014)
	... 44 more
Caused by: org.hibernate.FetchNotFoundException: Entity `com.example.assignment.Assignment` with identifier value `9` does not exist
	at org.hibernate.internal.SessionFactoryImpl$1.handleEntityNotFound(SessionFactoryImpl.java:305)
	at org.hibernate.sql.results.graph.entity.internal.EntityInitializerImpl.resolveInstance(EntityInitializerImpl.java:1027)
	at org.hibernate.sql.results.internal.InitializersList.resolveInstances(InitializersList.java:48)
	at org.hibernate.sql.results.internal.RowProcessingStateStandardImpl.finishRowProcessing(RowProcessingStateStandardImpl.java:141)
	at org.hibernate.sql.results.spi.ListResultsConsumer.consume(ListResultsConsumer.java:200)
	at org.hibernate.query.sqm.internal.ConcreteSqmSelectQueryPlan.executeQuery(ConcreteSqmSelectQueryPlan.java:370)
	... 73 common frames omitted
2026-09-17T11:18:02.638+09:00 ERROR 1 --- [item-bank-api] [nio-8080-exec-7] c.example.common.GlobalExceptionHandler  : unhandled exception on /api/distributions/41/redistribute
org.springframework.orm.jpa.JpaObjectRetrievalFailureException: Entity `com.example.assignment.Assignment` with identifier value `9` does not exist
	at org.springframework.orm.jpa.EntityManagerFactoryUtils.convertJpaAccessExceptionIfPossible(EntityManagerFactoryUtils.java:379)
	at org.springframework.orm.jpa.vendor.HibernateJpaDialect.translateExceptionIfPossible(HibernateJpaDialect.java:246)
	at org.springframework.orm.jpa.AbstractEntityManagerFactoryBean.translateExceptionIfPossible(AbstractEntityManagerFactoryBean.java:560)
	at org.springframework.dao.support.ChainedPersistenceExceptionTranslator.translateExceptionIfPossible(ChainedPersistenceExceptionTranslator.java:61)
	at org.springframework.dao.support.DataAccessUtils.translateIfNecessary(DataAccessUtils.java:343)
	at org.springframework.dao.support.PersistenceExceptionTranslationInterceptor.invoke(PersistenceExceptionTranslationInterceptor.java:160)
	at org.springframework.aop.framework.ReflectiveMethodInvocation.proceed(ReflectiveMethodInvocation.java:184)
	at org.springframework.aop.framework.JdkDynamicAopProxy.invoke(JdkDynamicAopProxy.java:223)
	at jdk.proxy2/jdk.proxy2.$Proxy141.findWithDetailsById(Unknown Source)
	at com.example.assignment.DistributionService.loadOrThrow(DistributionService.java:65)
	at com.example.assignment.DistributionService.redistribute(DistributionService.java:51)
	at java.base/jdk.internal.reflect.DirectMethodHandleAccessor.invoke(DirectMethodHandleAccessor.java:103)
	at java.base/java.lang.reflect.Method.invoke(Method.java:580)
	at org.springframework.transaction.interceptor.TransactionAspectSupport.invokeWithinTransaction(TransactionAspectSupport.java:392)
	at org.springframework.transaction.interceptor.TransactionInterceptor.invoke(TransactionInterceptor.java:119)
	at org.springframework.aop.framework.ReflectiveMethodInvocation.proceed(ReflectiveMethodInvocation.java:184)
	at org.springframework.aop.framework.CglibAopProxy$DynamicAdvisedInterceptor.intercept(CglibAopProxy.java:720)
	at com.example.assignment.DistributionService$$SpringCGLIB$$0.redistribute(<generated>)
	at com.example.assignment.DistributionController.redistribute(DistributionController.java:38)
	at java.base/jdk.internal.reflect.DirectMethodHandleAccessor.invoke(DirectMethodHandleAccessor.java:103)
	at java.base/java.lang.reflect.Method.invoke(Method.java:580)
	at org.springframework.web.method.support.InvocableHandlerMethod.doInvoke(InvocableHandlerMethod.java:255)
	at org.springframework.web.method.support.InvocableHandlerMethod.invokeForRequest(InvocableHandlerMethod.java:188)
	at org.springframework.web.servlet.mvc.method.annotation.ServletInvocableHandlerMethod.invokeAndHandle(ServletInvocableHandlerMethod.java:118)
	at org.springframework.web.servlet.mvc.method.annotation.RequestMappingHandlerAdapter.invokeHandlerMethod(RequestMappingHandlerAdapter.java:926)
	at org.springframework.web.servlet.DispatcherServlet.doDispatch(DispatcherServlet.java:1089)
	at org.springframework.web.servlet.FrameworkServlet.processRequest(FrameworkServlet.java:1014)
	... 44 more
Caused by: org.hibernate.FetchNotFoundException: Entity `com.example.assignment.Assignment` with identifier value `9` does not exist
	at org.hibernate.internal.SessionFactoryImpl$1.handleEntityNotFound(SessionFactoryImpl.java:305)
	at org.hibernate.sql.results.graph.entity.internal.EntityInitializerImpl.resolveInstance(EntityInitializerImpl.java:1027)
	at org.hibernate.sql.results.internal.InitializersList.resolveInstances(InitializersList.java:48)
	at org.hibernate.sql.results.internal.RowProcessingStateStandardImpl.finishRowProcessing(RowProcessingStateStandardImpl.java:141)
	at org.hibernate.sql.results.spi.ListResultsConsumer.consume(ListResultsConsumer.java:200)
	at org.hibernate.query.sqm.internal.ConcreteSqmSelectQueryPlan.executeQuery(ConcreteSqmSelectQueryPlan.java:370)
	... 73 common frames omitted
2026-09-17T11:18:18.284+09:00  INFO 1 --- [item-bank-api] [nio-8080-exec-9] c.example.common.GlobalExceptionHandler  : not found: 배포가 없습니다: id=11 (/api/distributions/11)
2026-09-17T11:20:09.095+09:00  INFO 1 --- [item-bank-api] [nio-8080-exec-2] c.example.common.GlobalExceptionHandler  : no handler for /apple-touch-icon.png
2026-09-17T11:20:45.947+09:00  INFO 1 --- [item-bank-api] [nio-8080-exec-7] c.example.common.GlobalExceptionHandler  : not found: 배포가 없습니다: id=13 (/api/distributions/13)
2026-09-17T11:20:51.274+09:00  INFO 1 --- [item-bank-api] [nio-8080-exec-6] c.example.common.GlobalExceptionHandler  : not found: 문항이 없습니다: id=37 (/api/items/37)
2026-09-17T11:21:33.201+09:00  INFO 1 --- [item-bank-api] [nio-8080-exec-6] c.example.common.GlobalExceptionHandler  : no handler for /favicon.ico
2026-09-17T11:21:49.934+09:00  INFO 1 --- [item-bank-api] [nio-8080-exec-3] com.example.assignment.ReportService     : built class report for class 2: 3 distributions, 10 submissions
2026-09-17T11:22:33.469+09:00  INFO 1 --- [item-bank-api] [nio-8080-exec-6] c.example.common.GlobalExceptionHandler  : not found: 문항이 없습니다: id=58 (/api/items/58)
2026-09-17T11:22:42.818+09:00  INFO 1 --- [item-bank-api] [nio-8080-exec-1] c.example.common.GlobalExceptionHandler  : no handler for /favicon.ico
2026-09-17T11:22:54.515+09:00  INFO 1 --- [item-bank-api] [nio-8080-exec-7] c.example.common.GlobalExceptionHandler  : not found: 문항이 없습니다: id=42 (/api/items/42)
2026-09-17T11:22:57.335+09:00  INFO 1 --- [item-bank-api] [nio-8080-exec-4] c.example.common.GlobalExceptionHandler  : no handler for /api/item/12
2026-09-17T11:23:20.355+09:00  INFO 1 --- [item-bank-api] [nio-8080-exec-8] c.example.common.GlobalExceptionHandler  : no handler for /robots.txt
2026-09-17T11:23:45.774+09:00  INFO 1 --- [item-bank-api] [nio-8080-exec-1] c.example.common.GlobalExceptionHandler  : no handler for /apple-touch-icon.png
2026-09-17T11:24:01.371+09:00  INFO 1 --- [item-bank-api] [nio-8080-exec-7] c.example.common.GlobalExceptionHandler  : bad request: Method parameter 'id': Failed to convert value of type 'java.lang.String' to required type 'java.lang.Integer'; For input string: "NaN" (/api/items/NaN)
2026-09-17T11:24:24.414+09:00  INFO 1 --- [item-bank-api] [nio-8080-exec-1] c.example.common.GlobalExceptionHandler  : no handler for /api/item/12
2026-09-17T11:24:33.479+09:00  INFO 1 --- [item-bank-api] [nio-8080-exec-3] c.example.common.GlobalExceptionHandler  : not found: 배포가 없습니다: id=10 (/api/distributions/10)
2026-09-17T11:24:33.935+09:00  INFO 1 --- [item-bank-api] [nio-8080-exec-2] com.example.assignment.ReportService     : built class report for class 3: 3 distributions, 10 submissions
2026-09-17T11:24:34.320+09:00  INFO 1 --- [item-bank-api] [nio-8080-exec-7] c.example.common.GlobalExceptionHandler  : no handler for /api/item/12
2026-09-17T11:25:07.659+09:00  INFO 1 --- [item-bank-api] [nio-8080-exec-5] c.example.common.GlobalExceptionHandler  : no handler for /robots.txt
2026-09-17T11:25:35.062+09:00  INFO 1 --- [item-bank-api] [nio-8080-exec-9] c.example.common.GlobalExceptionHandler  : no handler for /favicon.ico
2026-09-17T11:26:20.038+09:00  INFO 1 --- [item-bank-api] [io-8080-exec-10] c.example.common.GlobalExceptionHandler  : no handler for /apple-touch-icon.png
2026-09-17T11:26:25.141+09:00  INFO 1 --- [item-bank-api] [nio-8080-exec-5] c.e.assignment.DistributionService       : redistributed distribution 8 (assignment 6, class 2) reason=null
2026-09-17T11:27:06.321+09:00  INFO 1 --- [item-bank-api] [nio-8080-exec-5] c.example.common.GlobalExceptionHandler  : no handler for /favicon.ico
2026-09-17T11:27:28.390+09:00  INFO 1 --- [item-bank-api] [io-8080-exec-10] c.example.common.GlobalExceptionHandler  : bad request: Method parameter 'id': Failed to convert value of type 'java.lang.String' to required type 'java.lang.Integer'; For input string: "NaN" (/api/items/NaN)
2026-09-17T11:27:56.715+09:00  INFO 1 --- [item-bank-api] [nio-8080-exec-8] c.example.common.GlobalExceptionHandler  : not found: 문항이 없습니다: id=55 (/api/items/55)
2026-09-17T11:28:14.496+09:00  INFO 1 --- [item-bank-api] [nio-8080-exec-8] c.example.common.GlobalExceptionHandler  : not found: 문항이 없습니다: id=54 (/api/items/54)
2026-09-17T11:28:16.351+09:00  INFO 1 --- [item-bank-api] [nio-8080-exec-2] c.example.common.GlobalExceptionHandler  : no handler for /favicon.ico
2026-09-17T11:28:45.244+09:00  INFO 1 --- [item-bank-api] [io-8080-exec-10] c.example.common.GlobalExceptionHandler  : no handler for /favicon.ico
2026-09-17T11:29:00.634+09:00  INFO 1 --- [item-bank-api] [nio-8080-exec-4] c.example.common.GlobalExceptionHandler  : no handler for /apple-touch-icon.png
2026-09-17T11:29:03.441+09:00  INFO 1 --- [item-bank-api] [nio-8080-exec-3] c.example.common.GlobalExceptionHandler  : no handler for /apple-touch-icon.png
2026-09-17T11:29:32.624+09:00  INFO 1 --- [item-bank-api] [nio-8080-exec-9] c.example.common.GlobalExceptionHandler  : not found: 문항이 없습니다: id=50 (/api/items/50)
2026-09-17T11:30:05.773+09:00  INFO 1 --- [item-bank-api] [nio-8080-exec-3] c.example.common.GlobalExceptionHandler  : no handler for /robots.txt
2026-09-17T11:30:16.448+09:00  INFO 1 --- [item-bank-api] [nio-8080-exec-4] c.example.common.GlobalExceptionHandler  : no handler for /api/item/12
2026-09-17T11:30:34.700+09:00  INFO 1 --- [item-bank-api] [nio-8080-exec-6] c.example.common.GlobalExceptionHandler  : no handler for /robots.txt
2026-09-17T11:30:45.514+09:00  INFO 1 --- [item-bank-api] [io-8080-exec-10] c.example.common.GlobalExceptionHandler  : no handler for /apple-touch-icon.png
2026-09-17T11:32:10.556+09:00  INFO 1 --- [item-bank-api] [nio-8080-exec-6] c.example.common.GlobalExceptionHandler  : no handler for /api/item/12
2026-09-17T11:32:41.725+09:00  INFO 1 --- [item-bank-api] [nio-8080-exec-3] c.example.common.GlobalExceptionHandler  : not found: 배포가 없습니다: id=11 (/api/distributions/11)
2026-09-17T11:33:06.559+09:00  INFO 1 --- [item-bank-api] [nio-8080-exec-8] c.example.common.GlobalExceptionHandler  : no handler for /favicon.ico
2026-09-17T11:33:16.829+09:00  INFO 1 --- [item-bank-api] [nio-8080-exec-4] c.example.common.GlobalExceptionHandler  : not found: 문항이 없습니다: id=32 (/api/items/32)
2026-09-17T11:33:57.299+09:00  INFO 1 --- [item-bank-api] [nio-8080-exec-4] c.example.common.GlobalExceptionHandler  : no handler for /robots.txt
2026-09-17T11:34:47.301+09:00  INFO 1 --- [item-bank-api] [nio-8080-exec-2] c.example.common.GlobalExceptionHandler  : not found: 배포가 없습니다: id=11 (/api/distributions/11)
2026-09-17T11:34:51.329+09:00  INFO 1 --- [item-bank-api] [nio-8080-exec-5] c.example.common.GlobalExceptionHandler  : no handler for /apple-touch-icon.png
2026-09-17T11:35:05.656+09:00  INFO 1 --- [item-bank-api] [nio-8080-exec-8] c.example.common.GlobalExceptionHandler  : no handler for /api/item/12
2026-09-17T11:35:13.704+09:00  INFO 1 --- [item-bank-api] [nio-8080-exec-3] c.e.assignment.DistributionService       : redistributed distribution 6 (assignment 4, class 3) reason=null
2026-09-17T11:35:36.756+09:00  INFO 1 --- [item-bank-api] [nio-8080-exec-1] c.example.common.GlobalExceptionHandler  : no handler for /api/unit
2026-09-17T11:35:47.067+09:00  INFO 1 --- [item-bank-api] [nio-8080-exec-5] c.example.common.GlobalExceptionHandler  : no handler for /api/unit
2026-09-17T11:35:53.926+09:00  INFO 1 --- [item-bank-api] [nio-8080-exec-7] c.example.common.GlobalExceptionHandler  : no handler for /favicon.ico
2026-09-17T11:36:11.268+09:00  INFO 1 --- [item-bank-api] [io-8080-exec-10] c.example.common.GlobalExceptionHandler  : not found: 배포가 없습니다: id=15 (/api/distributions/15)
2026-09-17T11:36:28.324+09:00  INFO 1 --- [item-bank-api] [nio-8080-exec-9] c.example.common.GlobalExceptionHandler  : not found: 단원이 없습니다: code=M7-1 (/api/units/M7-1/items)
2026-09-17T11:36:33.664+09:00  INFO 1 --- [item-bank-api] [nio-8080-exec-5] c.example.common.GlobalExceptionHandler  : no handler for /api/item/12
2026-09-17T11:37:26.895+09:00  INFO 1 --- [item-bank-api] [nio-8080-exec-9] c.example.common.GlobalExceptionHandler  : no handler for /favicon.ico
2026-09-17T11:37:28.997+09:00  INFO 1 --- [item-bank-api] [nio-8080-exec-8] c.example.common.GlobalExceptionHandler  : bad request: Method parameter 'id': Failed to convert value of type 'java.lang.String' to required type 'java.lang.Integer'; For input string: "NaN" (/api/items/NaN)
2026-09-17T11:37:36.367+09:00  INFO 1 --- [item-bank-api] [nio-8080-exec-3] c.example.common.GlobalExceptionHandler  : no handler for /favicon.ico
2026-09-17T11:37:44.157+09:00  INFO 1 --- [item-bank-api] [nio-8080-exec-8] c.e.assignment.DistributionService       : redistributed distribution 44 (assignment 5, class 2) reason=STU-1003 결석으로 재배포
2026-09-17T11:37:51.500+09:00  INFO 1 --- [item-bank-api] [nio-8080-exec-2] c.example.common.GlobalExceptionHandler  : no handler for /favicon.ico
2026-09-17T11:38:11.063+09:00  INFO 1 --- [item-bank-api] [io-8080-exec-10] c.example.common.GlobalExceptionHandler  : not found: 배포가 없습니다: id=10 (/api/distributions/10)
2026-09-17T11:38:25.097+09:00  INFO 1 --- [item-bank-api] [nio-8080-exec-6] c.example.common.GlobalExceptionHandler  : no handler for /favicon.ico
2026-09-17T11:38:38.486+09:00  INFO 1 --- [item-bank-api] [nio-8080-exec-4] c.example.common.GlobalExceptionHandler  : no handler for /favicon.ico
2026-09-17T11:38:39.355+09:00  WARN 1 --- [item-bank-api] [nio-8080-exec-7] c.example.common.GlobalExceptionHandler  : state conflict: 마감된 과제는 재배포할 수 없습니다: distributionId=1 (/api/distributions/1/redistribute)
2026-09-17T11:39:15.137+09:00  INFO 1 --- [item-bank-api] [nio-8080-exec-1] c.example.common.GlobalExceptionHandler  : no handler for /api/item/12
2026-09-17T11:39:27.141+09:00  INFO 1 --- [item-bank-api] [nio-8080-exec-5] c.example.common.GlobalExceptionHandler  : no handler for /api/unit
2026-09-17T11:39:51.135+09:00  INFO 1 --- [item-bank-api] [nio-8080-exec-3] c.example.common.GlobalExceptionHandler  : not found: 배포가 없습니다: id=13 (/api/distributions/13)
2026-09-17T11:39:58.555+09:00  INFO 1 --- [item-bank-api] [nio-8080-exec-9] c.example.common.GlobalExceptionHandler  : no handler for /apple-touch-icon.png
2026-09-17T11:40:12.371+09:00  INFO 1 --- [item-bank-api] [io-8080-exec-10] c.example.common.GlobalExceptionHandler  : no handler for /favicon.ico
2026-09-17T11:40:40.757+09:00  INFO 1 --- [item-bank-api] [nio-8080-exec-1] c.example.common.GlobalExceptionHandler  : not found: 배포가 없습니다: id=11 (/api/distributions/11)
2026-09-17T11:40:43.426+09:00  INFO 1 --- [item-bank-api] [nio-8080-exec-3] c.example.common.GlobalExceptionHandler  : no handler for /apple-touch-icon.png
2026-09-17T11:40:55.942+09:00  INFO 1 --- [item-bank-api] [nio-8080-exec-6] c.example.common.GlobalExceptionHandler  : no handler for /api/unit
2026-09-17T11:41:01.304+09:00  INFO 1 --- [item-bank-api] [nio-8080-exec-7] c.example.common.GlobalExceptionHandler  : no handler for /robots.txt
2026-09-17T11:41:30.991+09:00  INFO 1 --- [item-bank-api] [nio-8080-exec-6] c.example.common.GlobalExceptionHandler  : no handler for /favicon.ico
2026-09-17T11:41:45.615+09:00  INFO 1 --- [item-bank-api] [nio-8080-exec-8] c.example.common.GlobalExceptionHandler  : no handler for /api/unit
2026-09-17T11:42:28.493+09:00  INFO 1 --- [item-bank-api] [nio-8080-exec-3] c.example.common.GlobalExceptionHandler  : no handler for /favicon.ico
2026-09-17T11:42:32.919+09:00  INFO 1 --- [item-bank-api] [nio-8080-exec-2] com.example.assignment.ReportService     : built class report for class 2: 3 distributions, 10 submissions
2026-09-17T11:42:39.296+09:00  INFO 1 --- [item-bank-api] [nio-8080-exec-4] c.example.common.GlobalExceptionHandler  : no handler for /favicon.ico
2026-09-17T11:42:39.853+09:00  INFO 1 --- [item-bank-api] [nio-8080-exec-8] com.example.assignment.ReportService     : built class report for class 1: 3 distributions, 10 submissions
2026-09-17T11:42:54.806+09:00  INFO 1 --- [item-bank-api] [nio-8080-exec-1] c.example.common.GlobalExceptionHandler  : no handler for /robots.txt
2026-09-17T11:43:10.144+09:00  INFO 1 --- [item-bank-api] [nio-8080-exec-7] c.example.common.GlobalExceptionHandler  : not found: 문항이 없습니다: id=33 (/api/items/33)
2026-09-17T11:43:10.791+09:00  INFO 1 --- [item-bank-api] [nio-8080-exec-6] com.example.assignment.ReportService     : built class report for class 3: 3 distributions, 10 submissions
2026-09-17T11:43:17.344+09:00  INFO 1 --- [item-bank-api] [nio-8080-exec-1] c.example.common.GlobalExceptionHandler  : not found: 단원이 없습니다: code=M7-1 (/api/units/M7-1/items)
2026-09-17T11:43:17.841+09:00  INFO 1 --- [item-bank-api] [nio-8080-exec-1] c.example.common.GlobalExceptionHandler  : no handler for /favicon.ico
2026-09-17T11:43:19.110+09:00  INFO 1 --- [item-bank-api] [nio-8080-exec-1] c.example.common.GlobalExceptionHandler  : no handler for /robots.txt
2026-09-17T11:43:39.838+09:00  INFO 1 --- [item-bank-api] [nio-8080-exec-1] c.example.common.GlobalExceptionHandler  : no handler for /apple-touch-icon.png
2026-09-17T11:44:03.579+09:00  INFO 1 --- [item-bank-api] [nio-8080-exec-8] c.example.common.GlobalExceptionHandler  : not found: 배포가 없습니다: id=15 (/api/distributions/15)
2026-09-17T11:44:23.615+09:00  INFO 1 --- [item-bank-api] [nio-8080-exec-7] c.example.common.GlobalExceptionHandler  : not found: 문항이 없습니다: id=37 (/api/items/37)
2026-09-17T11:44:30.575+09:00  INFO 1 --- [item-bank-api] [nio-8080-exec-3] c.example.common.GlobalExceptionHandler  : no handler for /apple-touch-icon.png
2026-09-17T11:44:32.552+09:00  INFO 1 --- [item-bank-api] [nio-8080-exec-2] c.example.common.GlobalExceptionHandler  : no handler for /apple-touch-icon.png
2026-09-17T11:44:49.930+09:00  INFO 1 --- [item-bank-api] [nio-8080-exec-4] c.example.common.GlobalExceptionHandler  : not found: 배포가 없습니다: id=11 (/api/distributions/11)
2026-09-17T11:45:02.389+09:00  INFO 1 --- [item-bank-api] [nio-8080-exec-5] c.example.common.GlobalExceptionHandler  : no handler for /favicon.ico
2026-09-17T11:45:16.556+09:00  WARN 1 --- [item-bank-api] [nio-8080-exec-7] c.example.common.GlobalExceptionHandler  : state conflict: 마감된 과제는 재배포할 수 없습니다: distributionId=2 (/api/distributions/2/redistribute)
2026-09-17T11:45:38.570+09:00  INFO 1 --- [item-bank-api] [nio-8080-exec-8] c.example.common.GlobalExceptionHandler  : not found: 문항이 없습니다: id=53 (/api/items/53)
2026-09-17T11:45:45.824+09:00  INFO 1 --- [item-bank-api] [nio-8080-exec-9] c.example.common.GlobalExceptionHandler  : not found: 배포가 없습니다: id=11 (/api/distributions/11)
2026-09-17T11:45:53.041+09:00  INFO 1 --- [item-bank-api] [nio-8080-exec-4] c.example.common.GlobalExceptionHandler  : not found: 배포가 없습니다: id=9 (/api/distributions/9)
2026-09-17T11:46:06.794+09:00  INFO 1 --- [item-bank-api] [io-8080-exec-10] c.example.common.GlobalExceptionHandler  : bad request: Method parameter 'id': Failed to convert value of type 'java.lang.String' to required type 'java.lang.Integer'; For input string: "undefined" (/api/items/undefined)
2026-09-17T11:46:35.337+09:00  INFO 1 --- [item-bank-api] [nio-8080-exec-5] c.example.common.GlobalExceptionHandler  : no handler for /api/item/12
2026-09-17T11:46:36.032+09:00  INFO 1 --- [item-bank-api] [nio-8080-exec-1] c.example.common.GlobalExceptionHandler  : no handler for /api/item/12
2026-09-17T11:46:36.468+09:00  INFO 1 --- [item-bank-api] [nio-8080-exec-3] c.e.assignment.DistributionService       : redistributed distribution 6 (assignment 4, class 3) reason=STU-1003 결석으로 재배포
2026-09-17T11:47:03.601+09:00  INFO 1 --- [item-bank-api] [nio-8080-exec-1] c.example.common.GlobalExceptionHandler  : no handler for /apple-touch-icon.png
2026-09-17T11:47:29.875+09:00  INFO 1 --- [item-bank-api] [nio-8080-exec-9] c.example.common.GlobalExceptionHandler  : not found: 문항이 없습니다: id=56 (/api/items/56)
2026-09-17T11:47:33.194+09:00  INFO 1 --- [item-bank-api] [nio-8080-exec-8] c.e.assignment.DistributionService       : redistributed distribution 44 (assignment 5, class 2) reason=보강 수업 후 재배포
2026-09-17T11:48:07.309+09:00  INFO 1 --- [item-bank-api] [nio-8080-exec-4] c.example.common.GlobalExceptionHandler  : no handler for /robots.txt
2026-09-17T11:48:19.891+09:00  INFO 1 --- [item-bank-api] [nio-8080-exec-9] c.example.common.GlobalExceptionHandler  : no handler for /favicon.ico
2026-09-17T11:48:53.202+09:00  INFO 1 --- [item-bank-api] [nio-8080-exec-3] c.example.common.GlobalExceptionHandler  : no handler for /api/item/12
2026-09-17T11:49:15.271+09:00  INFO 1 --- [item-bank-api] [nio-8080-exec-6] c.example.common.GlobalExceptionHandler  : not found: 배포가 없습니다: id=9 (/api/distributions/9)
2026-09-17T11:49:39.414+09:00  INFO 1 --- [item-bank-api] [nio-8080-exec-5] c.example.common.GlobalExceptionHandler  : no handler for /robots.txt
2026-09-17T11:49:41.571+09:00  INFO 1 --- [item-bank-api] [nio-8080-exec-5] c.example.common.GlobalExceptionHandler  : no handler for /apple-touch-icon.png
2026-09-17T11:49:58.861+09:00  INFO 1 --- [item-bank-api] [nio-8080-exec-1] c.example.common.GlobalExceptionHandler  : no handler for /api/item/12
2026-09-17T11:50:54.189+09:00  INFO 1 --- [item-bank-api] [nio-8080-exec-4] com.example.assignment.ReportService     : built class report for class 3: 3 distributions, 10 submissions
2026-09-17T11:50:59.414+09:00  INFO 1 --- [item-bank-api] [nio-8080-exec-4] c.example.common.GlobalExceptionHandler  : not found: 문항이 없습니다: id=61 (/api/items/61)
2026-09-17T11:51:30.693+09:00  INFO 1 --- [item-bank-api] [nio-8080-exec-6] c.example.common.GlobalExceptionHandler  : no handler for /api/item/12
2026-09-17T11:51:40.293+09:00  INFO 1 --- [item-bank-api] [nio-8080-exec-5] c.example.common.GlobalExceptionHandler  : not found: 배포가 없습니다: id=15 (/api/distributions/15)
2026-09-17T11:51:43.038+09:00  INFO 1 --- [item-bank-api] [nio-8080-exec-3] c.example.common.GlobalExceptionHandler  : no handler for /api/unit
2026-09-17T11:52:07.295+09:00  INFO 1 --- [item-bank-api] [io-8080-exec-10] c.example.common.GlobalExceptionHandler  : not found: 문항이 없습니다: id=50 (/api/items/50)
2026-09-17T11:52:40.456+09:00  INFO 1 --- [item-bank-api] [nio-8080-exec-5] c.example.common.GlobalExceptionHandler  : not found: 문항이 없습니다: id=52 (/api/items/52)
2026-09-17T11:52:58.926+09:00  INFO 1 --- [item-bank-api] [nio-8080-exec-4] c.example.common.GlobalExceptionHandler  : no handler for /favicon.ico
2026-09-17T11:53:01.886+09:00  INFO 1 --- [item-bank-api] [nio-8080-exec-4] c.example.common.GlobalExceptionHandler  : no handler for /robots.txt
2026-09-17T11:53:16.069+09:00  WARN 1 --- [item-bank-api] [nio-8080-exec-3] c.example.common.GlobalExceptionHandler  : state conflict: 마감된 과제는 재배포할 수 없습니다: distributionId=3 (/api/distributions/3/redistribute)
2026-09-17T11:53:26.936+09:00  INFO 1 --- [item-bank-api] [nio-8080-exec-9] c.example.common.GlobalExceptionHandler  : not found: 문항이 없습니다: id=32 (/api/items/32)
2026-09-17T11:53:28.494+09:00  INFO 1 --- [item-bank-api] [nio-8080-exec-6] c.example.common.GlobalExceptionHandler  : no handler for /api/item/12
2026-09-17T11:53:31.866+09:00  INFO 1 --- [item-bank-api] [nio-8080-exec-2] c.example.common.GlobalExceptionHandler  : no handler for /favicon.ico
2026-09-17T11:53:39.436+09:00  INFO 1 --- [item-bank-api] [nio-8080-exec-9] c.example.common.GlobalExceptionHandler  : no handler for /robots.txt
2026-09-17T11:54:03.693+09:00  INFO 1 --- [item-bank-api] [io-8080-exec-10] c.example.common.GlobalExceptionHandler  : no handler for /api/unit
2026-09-17T11:54:04.249+09:00  INFO 1 --- [item-bank-api] [nio-8080-exec-7] c.example.common.GlobalExceptionHandler  : no handler for /api/unit
2026-09-17T11:54:08.610+09:00  WARN 1 --- [item-bank-api] [nio-8080-exec-6] c.example.common.GlobalExceptionHandler  : state conflict: 마감된 과제는 재배포할 수 없습니다: distributionId=2 (/api/distributions/2/redistribute)
2026-09-17T11:54:10.070+09:00  INFO 1 --- [item-bank-api] [nio-8080-exec-9] c.example.common.GlobalExceptionHandler  : no handler for /apple-touch-icon.png
2026-09-17T11:54:26.128+09:00  INFO 1 --- [item-bank-api] [nio-8080-exec-8] com.example.assignment.ReportService     : built class report for class 1: 3 distributions, 10 submissions
2026-09-17T11:54:26.617+09:00  WARN 1 --- [item-bank-api] [nio-8080-exec-5] c.example.common.GlobalExceptionHandler  : state conflict: 마감된 과제는 재배포할 수 없습니다: distributionId=3 (/api/distributions/3/redistribute)
2026-09-17T11:54:51.801+09:00  INFO 1 --- [item-bank-api] [nio-8080-exec-6] c.example.common.GlobalExceptionHandler  : not found: 문항이 없습니다: id=37 (/api/items/37)
2026-09-17T11:54:59.070+09:00  INFO 1 --- [item-bank-api] [nio-8080-exec-6] c.example.common.GlobalExceptionHandler  : no handler for /api/item/12
2026-09-17T11:55:19.724+09:00  INFO 1 --- [item-bank-api] [nio-8080-exec-2] c.example.common.GlobalExceptionHandler  : no handler for /api/unit
2026-09-17T11:55:46.821+09:00  INFO 1 --- [item-bank-api] [nio-8080-exec-8] com.example.assignment.ReportService     : built class report for class 1: 3 distributions, 10 submissions
2026-09-17T11:55:53.212+09:00  INFO 1 --- [item-bank-api] [nio-8080-exec-6] com.example.assignment.ReportService     : built class report for class 3: 3 distributions, 10 submissions
2026-09-17T11:55:53.642+09:00  INFO 1 --- [item-bank-api] [nio-8080-exec-3] com.example.assignment.ReportService     : built class report for class 1: 3 distributions, 10 submissions
2026-09-17T11:55:57.358+09:00  INFO 1 --- [item-bank-api] [nio-8080-exec-5] c.example.common.GlobalExceptionHandler  : not found: 배포가 없습니다: id=11 (/api/distributions/11)
2026-09-17T11:56:34.258+09:00  INFO 1 --- [item-bank-api] [nio-8080-exec-3] c.example.common.GlobalExceptionHandler  : no handler for /apple-touch-icon.png
2026-09-17T11:56:45.297+09:00  INFO 1 --- [item-bank-api] [nio-8080-exec-7] c.e.assignment.DistributionService       : redistributed distribution 44 (assignment 5, class 2) reason=보강 수업 후 재배포
2026-09-17T11:57:02.509+09:00  INFO 1 --- [item-bank-api] [nio-8080-exec-7] c.example.common.GlobalExceptionHandler  : no handler for /apple-touch-icon.png
2026-09-17T11:57:10.612+09:00  INFO 1 --- [item-bank-api] [nio-8080-exec-1] c.example.common.GlobalExceptionHandler  : not found: 단원이 없습니다: code=M7-1 (/api/units/M7-1/items)
2026-09-17T11:57:16.588+09:00  INFO 1 --- [item-bank-api] [nio-8080-exec-9] c.example.common.GlobalExceptionHandler  : no handler for /apple-touch-icon.png
2026-09-17T11:57:16.762+09:00  WARN 1 --- [item-bank-api] [nio-8080-exec-9] c.example.common.GlobalExceptionHandler  : state conflict: 마감된 과제는 재배포할 수 없습니다: distributionId=1 (/api/distributions/1/redistribute)
2026-09-17T11:57:22.968+09:00  INFO 1 --- [item-bank-api] [nio-8080-exec-6] c.example.common.GlobalExceptionHandler  : not found: 문항이 없습니다: id=35 (/api/items/35)
2026-09-17T11:57:38.508+09:00  INFO 1 --- [item-bank-api] [nio-8080-exec-5] c.example.common.GlobalExceptionHandler  : no handler for /robots.txt
2026-09-17T11:58:40.664+09:00  INFO 1 --- [item-bank-api] [nio-8080-exec-4] c.example.common.GlobalExceptionHandler  : no handler for /apple-touch-icon.png
2026-09-17T11:58:58.112+09:00  INFO 1 --- [item-bank-api] [io-8080-exec-10] c.e.assignment.DistributionService       : redistributed distribution 42 (assignment 4, class 1) reason=STU-1003 결석으로 재배포
2026-09-17T11:58:58.422+09:00  INFO 1 --- [item-bank-api] [nio-8080-exec-1] c.example.common.GlobalExceptionHandler  : no handler for /api/unit
2026-09-17T11:59:00.344+09:00  INFO 1 --- [item-bank-api] [nio-8080-exec-8] c.example.common.GlobalExceptionHandler  : not found: 문항이 없습니다: id=33 (/api/items/33)
2026-09-17T11:59:10.072+09:00  INFO 1 --- [item-bank-api] [nio-8080-exec-4] c.example.common.GlobalExceptionHandler  : no handler for /api/unit
2026-09-17T11:59:24.898+09:00  INFO 1 --- [item-bank-api] [nio-8080-exec-4] c.example.common.GlobalExceptionHandler  : no handler for /robots.txt
2026-09-17T11:59:25.086+09:00  INFO 1 --- [item-bank-api] [nio-8080-exec-2] c.example.common.GlobalExceptionHandler  : no handler for /api/item/12
2026-09-17T11:59:33.641+09:00  INFO 1 --- [item-bank-api] [nio-8080-exec-4] c.example.common.GlobalExceptionHandler  : no handler for /robots.txt
2026-09-17T11:59:40.048+09:00  INFO 1 --- [item-bank-api] [nio-8080-exec-5] c.example.common.GlobalExceptionHandler  : not found: 배포가 없습니다: id=15 (/api/distributions/15)
2026-09-17T12:00:01.331+09:00  INFO 1 --- [item-bank-api] [nio-8080-exec-3] c.example.common.GlobalExceptionHandler  : no handler for /robots.txt
2026-09-17T12:00:24.615+09:00  INFO 1 --- [item-bank-api] [nio-8080-exec-6] c.example.common.GlobalExceptionHandler  : no handler for /favicon.ico
2026-09-17T12:00:45.678+09:00  INFO 1 --- [item-bank-api] [io-8080-exec-10] c.example.common.GlobalExceptionHandler  : no handler for /favicon.ico
2026-09-17T12:00:46.351+09:00  INFO 1 --- [item-bank-api] [nio-8080-exec-7] com.example.assignment.ReportService     : built class report for class 3: 3 distributions, 10 submissions
2026-09-17T12:00:50.874+09:00  INFO 1 --- [item-bank-api] [nio-8080-exec-6] c.example.common.GlobalExceptionHandler  : not found: 문항이 없습니다: id=39 (/api/items/39)
2026-09-17T12:00:51.047+09:00  INFO 1 --- [item-bank-api] [nio-8080-exec-1] c.example.common.GlobalExceptionHandler  : no handler for /api/item/12
2026-09-17T12:00:54.833+09:00  INFO 1 --- [item-bank-api] [nio-8080-exec-8] c.example.common.GlobalExceptionHandler  : no handler for /apple-touch-icon.png
2026-09-17T12:01:00.307+09:00  INFO 1 --- [item-bank-api] [nio-8080-exec-4] c.example.common.GlobalExceptionHandler  : no handler for /api/unit
2026-09-17T12:01:11.939+09:00  INFO 1 --- [item-bank-api] [nio-8080-exec-3] c.e.assignment.DistributionService       : redistributed distribution 43 (assignment 6, class 1) reason=STU-1003 결석으로 재배포
2026-09-17T12:01:18.644+09:00  INFO 1 --- [item-bank-api] [nio-8080-exec-8] c.example.common.GlobalExceptionHandler  : no handler for /api/unit
2026-09-17T12:01:41.775+09:00  INFO 1 --- [item-bank-api] [nio-8080-exec-4] c.example.common.GlobalExceptionHandler  : not found: 문항이 없습니다: id=41 (/api/items/41)
2026-09-17T12:02:31.251+09:00  INFO 1 --- [item-bank-api] [nio-8080-exec-4] c.example.common.GlobalExceptionHandler  : not found: 문항이 없습니다: id=45 (/api/items/45)
2026-09-17T12:02:58.166+09:00  INFO 1 --- [item-bank-api] [nio-8080-exec-2] c.example.common.GlobalExceptionHandler  : no handler for /favicon.ico
2026-09-17T12:03:16.339+09:00  INFO 1 --- [item-bank-api] [nio-8080-exec-5] c.e.assignment.DistributionService       : redistributed distribution 6 (assignment 4, class 3) reason=STU-1003 결석으로 재배포
2026-09-17T12:03:48.314+09:00  INFO 1 --- [item-bank-api] [nio-8080-exec-4] c.example.common.GlobalExceptionHandler  : no handler for /api/item/12
2026-09-17T12:03:59.495+09:00  INFO 1 --- [item-bank-api] [nio-8080-exec-3] c.example.common.GlobalExceptionHandler  : no handler for /robots.txt
2026-09-17T12:04:15.199+09:00  INFO 1 --- [item-bank-api] [nio-8080-exec-1] c.example.common.GlobalExceptionHandler  : bad request: Method parameter 'id': Failed to convert value of type 'java.lang.String' to required type 'java.lang.Integer'; For input string: "NaN" (/api/items/NaN)
2026-09-17T12:04:39.759+09:00  INFO 1 --- [item-bank-api] [nio-8080-exec-2] c.example.common.GlobalExceptionHandler  : no handler for /api/unit
2026-09-17T12:04:50.222+09:00  INFO 1 --- [item-bank-api] [nio-8080-exec-8] c.e.assignment.DistributionService       : redistributed distribution 6 (assignment 4, class 3) reason=STU-1007 요청 — 제출 화면 오류
2026-09-17T12:04:53.137+09:00  INFO 1 --- [item-bank-api] [nio-8080-exec-3] c.e.assignment.DistributionService       : redistributed distribution 6 (assignment 4, class 3) reason=STU-1003 결석으로 재배포
2026-09-17T12:05:25.883+09:00  INFO 1 --- [item-bank-api] [nio-8080-exec-3] c.example.common.GlobalExceptionHandler  : no handler for /api/unit
2026-09-17T12:05:27.993+09:00  INFO 1 --- [item-bank-api] [nio-8080-exec-9] c.example.common.GlobalExceptionHandler  : no handler for /robots.txt
2026-09-17T12:06:19.596+09:00  INFO 1 --- [item-bank-api] [nio-8080-exec-1] c.e.assignment.DistributionService       : redistributed distribution 7 (assignment 5, class 3) reason=STU-1003 결석으로 재배포
2026-09-17T12:06:23.928+09:00  WARN 1 --- [item-bank-api] [nio-8080-exec-5] c.example.common.GlobalExceptionHandler  : state conflict: 마감된 과제는 재배포할 수 없습니다: distributionId=1 (/api/distributions/1/redistribute)
2026-09-17T12:07:26.902+09:00  INFO 1 --- [item-bank-api] [nio-8080-exec-4] c.example.common.GlobalExceptionHandler  : no handler for /api/item/12
2026-09-17T12:07:44.572+09:00  INFO 1 --- [item-bank-api] [nio-8080-exec-2] com.example.assignment.ReportService     : built class report for class 2: 3 distributions, 10 submissions
2026-09-17T12:08:07.914+09:00  INFO 1 --- [item-bank-api] [nio-8080-exec-7] c.example.common.GlobalExceptionHandler  : no handler for /robots.txt
2026-09-17T12:08:28.931+09:00  INFO 1 --- [item-bank-api] [nio-8080-exec-4] com.example.assignment.ReportService     : built class report for class 3: 3 distributions, 10 submissions
2026-09-17T12:08:37.795+09:00  INFO 1 --- [item-bank-api] [nio-8080-exec-7] c.example.common.GlobalExceptionHandler  : no handler for /api/item/12
2026-09-17T12:08:57.098+09:00  INFO 1 --- [item-bank-api] [io-8080-exec-10] c.example.common.GlobalExceptionHandler  : no handler for /apple-touch-icon.png
2026-09-17T12:09:08.181+09:00  INFO 1 --- [item-bank-api] [nio-8080-exec-9] c.example.common.GlobalExceptionHandler  : not found: 배포가 없습니다: id=13 (/api/distributions/13)
2026-09-17T12:09:20.563+09:00  INFO 1 --- [item-bank-api] [io-8080-exec-10] c.e.assignment.DistributionService       : redistributed distribution 43 (assignment 6, class 1) reason=STU-1003 결석으로 재배포
2026-09-17T12:09:20.665+09:00  INFO 1 --- [item-bank-api] [nio-8080-exec-6] c.example.common.GlobalExceptionHandler  : no handler for /favicon.ico
2026-09-17T12:09:24.869+09:00  INFO 1 --- [item-bank-api] [nio-8080-exec-8] c.example.common.GlobalExceptionHandler  : no handler for /favicon.ico
2026-09-17T12:09:46.211+09:00  INFO 1 --- [item-bank-api] [nio-8080-exec-8] c.example.common.GlobalExceptionHandler  : no handler for /favicon.ico
2026-09-17T12:09:51.553+09:00  INFO 1 --- [item-bank-api] [nio-8080-exec-1] c.example.common.GlobalExceptionHandler  : no handler for /favicon.ico
2026-09-17T12:09:56.567+09:00  INFO 1 --- [item-bank-api] [nio-8080-exec-4] c.e.assignment.DistributionService       : redistributed distribution 44 (assignment 5, class 2) reason=STU-1007 요청 — 제출 화면 오류
2026-09-17T12:10:04.850+09:00  INFO 1 --- [item-bank-api] [io-8080-exec-10] c.example.common.GlobalExceptionHandler  : no handler for /apple-touch-icon.png
2026-09-17T12:10:15.823+09:00  INFO 1 --- [item-bank-api] [nio-8080-exec-1] c.e.assignment.DistributionService       : redistributed distribution 43 (assignment 6, class 1) reason=보강 수업 후 재배포
2026-09-17T12:10:30.173+09:00  INFO 1 --- [item-bank-api] [nio-8080-exec-5] c.example.common.GlobalExceptionHandler  : no handler for /robots.txt
2026-09-17T12:10:34.435+09:00  INFO 1 --- [item-bank-api] [nio-8080-exec-2] c.example.common.GlobalExceptionHandler  : no handler for /favicon.ico
2026-09-17T12:10:52.228+09:00  WARN 1 --- [item-bank-api] [nio-8080-exec-3] c.example.common.GlobalExceptionHandler  : state conflict: 마감된 과제는 재배포할 수 없습니다: distributionId=3 (/api/distributions/3/redistribute)
2026-09-17T12:11:13.605+09:00  INFO 1 --- [item-bank-api] [nio-8080-exec-9] c.example.common.GlobalExceptionHandler  : no handler for /robots.txt
2026-09-17T12:11:44.913+09:00  INFO 1 --- [item-bank-api] [nio-8080-exec-8] c.example.common.GlobalExceptionHandler  : no handler for /robots.txt
2026-09-17T12:11:49.347+09:00  INFO 1 --- [item-bank-api] [nio-8080-exec-1] c.example.common.GlobalExceptionHandler  : not found: 문항이 없습니다: id=41 (/api/items/41)
2026-09-17T12:12:10.752+09:00  INFO 1 --- [item-bank-api] [nio-8080-exec-7] c.example.common.GlobalExceptionHandler  : no handler for /favicon.ico
2026-09-17T12:12:13.038+09:00  INFO 1 --- [item-bank-api] [nio-8080-exec-4] c.example.common.GlobalExceptionHandler  : no handler for /favicon.ico
2026-09-17T12:12:21.094+09:00  INFO 1 --- [item-bank-api] [nio-8080-exec-3] c.example.common.GlobalExceptionHandler  : not found: 문항이 없습니다: id=47 (/api/items/47)
2026-09-17T12:12:32.571+09:00  INFO 1 --- [item-bank-api] [nio-8080-exec-1] c.e.assignment.DistributionService       : redistributed distribution 43 (assignment 6, class 1) reason=STU-1003 결석으로 재배포
2026-09-17T12:13:02.655+09:00  INFO 1 --- [item-bank-api] [nio-8080-exec-1] c.example.common.GlobalExceptionHandler  : no handler for /api/unit
2026-09-17T12:13:07.058+09:00  INFO 1 --- [item-bank-api] [nio-8080-exec-5] c.example.common.GlobalExceptionHandler  : no handler for /api/unit
2026-09-17T12:13:24.424+09:00  INFO 1 --- [item-bank-api] [nio-8080-exec-5] c.example.common.GlobalExceptionHandler  : no handler for /api/item/12
2026-09-17T12:13:33.934+09:00  INFO 1 --- [item-bank-api] [nio-8080-exec-7] c.example.common.GlobalExceptionHandler  : no handler for /api/unit
2026-09-17T12:13:54.025+09:00  INFO 1 --- [item-bank-api] [nio-8080-exec-6] c.example.common.GlobalExceptionHandler  : no handler for /apple-touch-icon.png
2026-09-17T12:13:59.290+09:00  INFO 1 --- [item-bank-api] [nio-8080-exec-9] c.e.assignment.DistributionService       : redistributed distribution 7 (assignment 5, class 3) reason=STU-1007 요청 — 제출 화면 오류
2026-09-17T12:14:15.700+09:00  INFO 1 --- [item-bank-api] [nio-8080-exec-1] c.example.common.GlobalExceptionHandler  : not found: 문항이 없습니다: id=38 (/api/items/38)
2026-09-17T12:14:39.680+09:00  INFO 1 --- [item-bank-api] [nio-8080-exec-3] c.example.common.GlobalExceptionHandler  : not found: 배포가 없습니다: id=12 (/api/distributions/12)
2026-09-17T12:14:40.842+09:00  INFO 1 --- [item-bank-api] [nio-8080-exec-9] c.example.common.GlobalExceptionHandler  : no handler for /apple-touch-icon.png
2026-09-17T12:15:34.315+09:00  INFO 1 --- [item-bank-api] [nio-8080-exec-3] c.example.common.GlobalExceptionHandler  : not found: 문항이 없습니다: id=61 (/api/items/61)
2026-09-17T12:15:58.364+09:00  INFO 1 --- [item-bank-api] [nio-8080-exec-5] c.example.common.GlobalExceptionHandler  : bad request: Method parameter 'id': Failed to convert value of type 'java.lang.String' to required type 'java.lang.Integer'; For input string: "null" (/api/items/null)
2026-09-17T12:15:59.115+09:00  INFO 1 --- [item-bank-api] [nio-8080-exec-3] c.example.common.GlobalExceptionHandler  : no handler for /robots.txt
2026-09-17T12:16:26.986+09:00  INFO 1 --- [item-bank-api] [nio-8080-exec-7] c.example.common.GlobalExceptionHandler  : no handler for /apple-touch-icon.png
2026-09-17T12:16:31.138+09:00  INFO 1 --- [item-bank-api] [nio-8080-exec-7] c.example.common.GlobalExceptionHandler  : not found: 배포가 없습니다: id=10 (/api/distributions/10)
2026-09-17T12:16:46.078+09:00  WARN 1 --- [item-bank-api] [nio-8080-exec-1] c.example.common.GlobalExceptionHandler  : state conflict: 마감된 과제는 재배포할 수 없습니다: distributionId=3 (/api/distributions/3/redistribute)
2026-09-17T12:16:47.546+09:00  INFO 1 --- [item-bank-api] [io-8080-exec-10] c.example.common.GlobalExceptionHandler  : not found: 문항이 없습니다: id=41 (/api/items/41)
2026-09-17T12:17:10.514+09:00  INFO 1 --- [item-bank-api] [nio-8080-exec-2] c.example.common.GlobalExceptionHandler  : no handler for /apple-touch-icon.png
2026-09-17T12:17:34.207+09:00  INFO 1 --- [item-bank-api] [nio-8080-exec-7] c.example.common.GlobalExceptionHandler  : not found: 문항이 없습니다: id=39 (/api/items/39)
2026-09-17T12:17:36.093+09:00  INFO 1 --- [item-bank-api] [nio-8080-exec-8] c.example.common.GlobalExceptionHandler  : not found: 배포가 없습니다: id=11 (/api/distributions/11)
2026-09-17T12:18:24.149+09:00  INFO 1 --- [item-bank-api] [nio-8080-exec-7] c.example.common.GlobalExceptionHandler  : no handler for /apple-touch-icon.png
2026-09-17T12:18:39.696+09:00  INFO 1 --- [item-bank-api] [io-8080-exec-10] c.example.common.GlobalExceptionHandler  : no handler for /apple-touch-icon.png
2026-09-17T12:19:19.528+09:00  INFO 1 --- [item-bank-api] [nio-8080-exec-1] c.e.assignment.DistributionService       : redistributed distribution 7 (assignment 5, class 3) reason=STU-1003 보충 제출 기회
2026-09-17T12:19:55.567+09:00  INFO 1 --- [item-bank-api] [io-8080-exec-10] c.example.common.GlobalExceptionHandler  : no handler for /api/item/12
2026-09-17T12:20:27.631+09:00  WARN 1 --- [item-bank-api] [nio-8080-exec-2] c.example.common.GlobalExceptionHandler  : state conflict: 마감된 과제는 재배포할 수 없습니다: distributionId=1 (/api/distributions/1/redistribute)
2026-09-17T12:20:27.959+09:00  INFO 1 --- [item-bank-api] [nio-8080-exec-2] c.example.common.GlobalExceptionHandler  : no handler for /api/unit
2026-09-17T12:20:36.558+09:00  INFO 1 --- [item-bank-api] [nio-8080-exec-9] c.example.common.GlobalExceptionHandler  : no handler for /api/item/12
2026-09-17T12:20:41.744+09:00  INFO 1 --- [item-bank-api] [nio-8080-exec-2] c.example.common.GlobalExceptionHandler  : not found: 배포가 없습니다: id=10 (/api/distributions/10)
2026-09-17T12:21:27.857+09:00  INFO 1 --- [item-bank-api] [nio-8080-exec-7] c.example.common.GlobalExceptionHandler  : no handler for /robots.txt
2026-09-17T12:21:33.186+09:00  INFO 1 --- [item-bank-api] [nio-8080-exec-2] c.example.common.GlobalExceptionHandler  : not found: 단원이 없습니다: code=M7-1 (/api/units/M7-1/items)
2026-09-17T12:21:57.658+09:00  INFO 1 --- [item-bank-api] [nio-8080-exec-4] c.example.common.GlobalExceptionHandler  : bad request: Method parameter 'id': Failed to convert value of type 'java.lang.String' to required type 'java.lang.Integer'; For input string: "NaN" (/api/items/NaN)
2026-09-17T12:22:07.843+09:00  INFO 1 --- [item-bank-api] [nio-8080-exec-9] c.example.common.GlobalExceptionHandler  : bad request: Method parameter 'id': Failed to convert value of type 'java.lang.String' to required type 'java.lang.Integer'; For input string: "NaN" (/api/items/NaN)
2026-09-17T12:22:21.923+09:00  INFO 1 --- [item-bank-api] [nio-8080-exec-4] c.e.assignment.DistributionService       : redistributed distribution 43 (assignment 6, class 1) reason=STU-1003 보충 제출 기회
2026-09-17T12:22:34.294+09:00  INFO 1 --- [item-bank-api] [nio-8080-exec-2] c.example.common.GlobalExceptionHandler  : no handler for /api/unit
2026-09-17T12:22:46.817+09:00  INFO 1 --- [item-bank-api] [nio-8080-exec-1] c.example.common.GlobalExceptionHandler  : not found: 문항이 없습니다: id=33 (/api/items/33)
2026-09-17T12:23:22.344+09:00  INFO 1 --- [item-bank-api] [nio-8080-exec-4] c.e.assignment.DistributionService       : redistributed distribution 8 (assignment 6, class 2) reason=STU-1007 요청 — 제출 화면 오류
2026-09-17T12:23:36.740+09:00  INFO 1 --- [item-bank-api] [nio-8080-exec-8] c.example.common.GlobalExceptionHandler  : not found: 단원이 없습니다: code=M7-1 (/api/units/M7-1/items)
2026-09-17T12:23:51.835+09:00  INFO 1 --- [item-bank-api] [nio-8080-exec-1] c.example.common.GlobalExceptionHandler  : no handler for /favicon.ico
2026-09-17T12:24:22.917+09:00  INFO 1 --- [item-bank-api] [io-8080-exec-10] c.example.common.GlobalExceptionHandler  : no handler for /apple-touch-icon.png
2026-09-17T12:24:55.124+09:00  WARN 1 --- [item-bank-api] [nio-8080-exec-8] c.example.common.GlobalExceptionHandler  : state conflict: 마감된 과제는 재배포할 수 없습니다: distributionId=2 (/api/distributions/2/redistribute)
2026-09-17T12:25:20.612+09:00  INFO 1 --- [item-bank-api] [nio-8080-exec-9] c.example.common.GlobalExceptionHandler  : not found: 문항이 없습니다: id=36 (/api/items/36)
2026-09-17T12:25:47.927+09:00  INFO 1 --- [item-bank-api] [nio-8080-exec-4] c.example.common.GlobalExceptionHandler  : no handler for /favicon.ico
2026-09-17T12:25:48.913+09:00  WARN 1 --- [item-bank-api] [nio-8080-exec-7] c.example.common.GlobalExceptionHandler  : state conflict: 마감된 과제는 재배포할 수 없습니다: distributionId=1 (/api/distributions/1/redistribute)
2026-09-17T12:26:02.226+09:00  INFO 1 --- [item-bank-api] [nio-8080-exec-1] c.example.common.GlobalExceptionHandler  : no handler for /apple-touch-icon.png
2026-09-17T12:26:03.307+09:00  INFO 1 --- [item-bank-api] [nio-8080-exec-1] c.example.common.GlobalExceptionHandler  : not found: 문항이 없습니다: id=36 (/api/items/36)
2026-09-17T12:26:46.100+09:00  INFO 1 --- [item-bank-api] [nio-8080-exec-9] c.example.common.GlobalExceptionHandler  : not found: 단원이 없습니다: code=M7-1 (/api/units/M7-1/items)
2026-09-17T12:26:55.392+09:00  INFO 1 --- [item-bank-api] [nio-8080-exec-2] c.example.common.GlobalExceptionHandler  : not found: 문항이 없습니다: id=60 (/api/items/60)
2026-09-17T12:26:59.805+09:00  INFO 1 --- [item-bank-api] [nio-8080-exec-3] c.example.common.GlobalExceptionHandler  : no handler for /apple-touch-icon.png
2026-09-17T12:27:04.682+09:00  INFO 1 --- [item-bank-api] [nio-8080-exec-4] c.example.common.GlobalExceptionHandler  : not found: 단원이 없습니다: code=M7-1 (/api/units/M7-1/items)
2026-09-17T12:27:10.364+09:00  INFO 1 --- [item-bank-api] [nio-8080-exec-2] c.e.assignment.DistributionService       : redistributed distribution 7 (assignment 5, class 3) reason=null
2026-09-17T12:27:16.946+09:00  INFO 1 --- [item-bank-api] [nio-8080-exec-8] c.example.common.GlobalExceptionHandler  : not found: 문항이 없습니다: id=58 (/api/items/58)
2026-09-17T12:27:52.022+09:00  INFO 1 --- [item-bank-api] [nio-8080-exec-1] c.example.common.GlobalExceptionHandler  : no handler for /api/item/12
2026-09-17T12:28:50.714+09:00  INFO 1 --- [item-bank-api] [nio-8080-exec-9] c.example.common.GlobalExceptionHandler  : no handler for /robots.txt
2026-09-17T12:28:53.032+09:00  INFO 1 --- [item-bank-api] [nio-8080-exec-1] c.example.common.GlobalExceptionHandler  : no handler for /api/item/12
2026-09-17T12:28:55.533+09:00  INFO 1 --- [item-bank-api] [nio-8080-exec-9] c.example.common.GlobalExceptionHandler  : no handler for /api/item/12
2026-09-17T12:28:57.106+09:00  INFO 1 --- [item-bank-api] [nio-8080-exec-1] com.example.assignment.ReportService     : built class report for class 3: 3 distributions, 10 submissions
2026-09-17T12:29:44.851+09:00  INFO 1 --- [item-bank-api] [nio-8080-exec-2] com.example.assignment.ReportService     : built class report for class 1: 3 distributions, 10 submissions
2026-09-17T12:29:51.657+09:00  INFO 1 --- [item-bank-api] [nio-8080-exec-3] c.example.common.GlobalExceptionHandler  : no handler for /favicon.ico
2026-09-17T12:29:52.120+09:00  INFO 1 --- [item-bank-api] [nio-8080-exec-3] com.example.assignment.ReportService     : built class report for class 2: 3 distributions, 10 submissions
2026-09-17T12:29:55.419+09:00  INFO 1 --- [item-bank-api] [nio-8080-exec-6] c.example.common.GlobalExceptionHandler  : not found: 문항이 없습니다: id=54 (/api/items/54)
2026-09-17T12:30:57.923+09:00  INFO 1 --- [item-bank-api] [nio-8080-exec-9] com.example.assignment.ReportService     : built class report for class 2: 3 distributions, 10 submissions
2026-09-17T12:31:06.009+09:00  INFO 1 --- [item-bank-api] [nio-8080-exec-2] c.example.common.GlobalExceptionHandler  : no handler for /apple-touch-icon.png
2026-09-17T12:31:22.913+09:00  INFO 1 --- [item-bank-api] [nio-8080-exec-6] c.example.common.GlobalExceptionHandler  : no handler for /api/item/12
2026-09-17T12:31:28.823+09:00  INFO 1 --- [item-bank-api] [nio-8080-exec-4] c.e.assignment.DistributionService       : redistributed distribution 5 (assignment 3, class 3) reason=보강 수업 후 재배포
2026-09-17T12:31:37.382+09:00  INFO 1 --- [item-bank-api] [nio-8080-exec-1] c.example.common.GlobalExceptionHandler  : bad request: Method parameter 'id': Failed to convert value of type 'java.lang.String' to required type 'java.lang.Integer'; For input string: "null" (/api/items/null)
2026-09-17T12:32:50.574+09:00  INFO 1 --- [item-bank-api] [nio-8080-exec-6] c.example.common.GlobalExceptionHandler  : no handler for /apple-touch-icon.png
2026-09-17T12:33:08.040+09:00  INFO 1 --- [item-bank-api] [nio-8080-exec-4] c.e.assignment.DistributionService       : redistributed distribution 44 (assignment 5, class 2) reason=STU-1003 보충 제출 기회
2026-09-17T12:33:28.000+09:00  INFO 1 --- [item-bank-api] [nio-8080-exec-3] c.example.common.GlobalExceptionHandler  : no handler for /apple-touch-icon.png
2026-09-17T12:34:04.481+09:00  INFO 1 --- [item-bank-api] [nio-8080-exec-8] c.example.common.GlobalExceptionHandler  : no handler for /robots.txt
2026-09-17T12:34:15.433+09:00  INFO 1 --- [item-bank-api] [nio-8080-exec-2] c.example.common.GlobalExceptionHandler  : no handler for /apple-touch-icon.png
2026-09-17T12:35:03.596+09:00  INFO 1 --- [item-bank-api] [nio-8080-exec-3] c.e.assignment.DistributionService       : redistributed distribution 44 (assignment 5, class 2) reason=보강 수업 후 재배포
2026-09-17T12:36:36.064+09:00  INFO 1 --- [item-bank-api] [nio-8080-exec-9] c.e.assignment.DistributionService       : redistributed distribution 42 (assignment 4, class 1) reason=STU-1003 보충 제출 기회
2026-09-17T12:36:48.943+09:00  INFO 1 --- [item-bank-api] [nio-8080-exec-3] c.example.common.GlobalExceptionHandler  : not found: 배포가 없습니다: id=9 (/api/distributions/9)
2026-09-17T12:37:07.007+09:00  INFO 1 --- [item-bank-api] [io-8080-exec-10] c.example.common.GlobalExceptionHandler  : not found: 문항이 없습니다: id=50 (/api/items/50)
2026-09-17T12:37:16.408+09:00  INFO 1 --- [item-bank-api] [nio-8080-exec-1] c.example.common.GlobalExceptionHandler  : no handler for /api/item/12
2026-09-17T12:38:07.916+09:00  INFO 1 --- [item-bank-api] [nio-8080-exec-3] c.example.common.GlobalExceptionHandler  : no handler for /api/unit
2026-09-17T12:38:37.992+09:00  INFO 1 --- [item-bank-api] [nio-8080-exec-2] c.example.common.GlobalExceptionHandler  : no handler for /api/unit
2026-09-17T12:38:40.242+09:00  INFO 1 --- [item-bank-api] [nio-8080-exec-8] c.example.common.GlobalExceptionHandler  : not found: 문항이 없습니다: id=44 (/api/items/44)
2026-09-17T12:39:12.129+09:00  INFO 1 --- [item-bank-api] [nio-8080-exec-5] c.example.common.GlobalExceptionHandler  : not found: 배포가 없습니다: id=15 (/api/distributions/15)
2026-09-17T12:39:18.979+09:00  INFO 1 --- [item-bank-api] [nio-8080-exec-6] c.example.common.GlobalExceptionHandler  : no handler for /robots.txt
2026-09-17T12:39:51.501+09:00  INFO 1 --- [item-bank-api] [nio-8080-exec-6] com.example.assignment.ReportService     : built class report for class 2: 3 distributions, 10 submissions
2026-09-17T12:40:07.735+09:00  INFO 1 --- [item-bank-api] [nio-8080-exec-3] c.example.common.GlobalExceptionHandler  : bad request: Method parameter 'id': Failed to convert value of type 'java.lang.String' to required type 'java.lang.Integer'; For input string: "undefined" (/api/items/undefined)
2026-09-17T12:40:51.036+09:00  INFO 1 --- [item-bank-api] [nio-8080-exec-3] c.example.common.GlobalExceptionHandler  : not found: 문항이 없습니다: id=31 (/api/items/31)
2026-09-17T12:40:53.903+09:00  INFO 1 --- [item-bank-api] [nio-8080-exec-4] c.example.common.GlobalExceptionHandler  : no handler for /api/item/12
2026-09-17T12:41:49.245+09:00  INFO 1 --- [item-bank-api] [nio-8080-exec-5] c.example.common.GlobalExceptionHandler  : not found: 문항이 없습니다: id=55 (/api/items/55)
2026-09-17T12:41:52.708+09:00  WARN 1 --- [item-bank-api] [nio-8080-exec-3] c.example.common.GlobalExceptionHandler  : state conflict: 마감된 과제는 재배포할 수 없습니다: distributionId=1 (/api/distributions/1/redistribute)
2026-09-17T12:41:54.424+09:00  INFO 1 --- [item-bank-api] [nio-8080-exec-9] com.example.assignment.ReportService     : built class report for class 1: 3 distributions, 10 submissions
2026-09-17T12:41:54.670+09:00  INFO 1 --- [item-bank-api] [io-8080-exec-10] c.example.common.GlobalExceptionHandler  : not found: 문항이 없습니다: id=43 (/api/items/43)
2026-09-17T12:42:25.703+09:00  INFO 1 --- [item-bank-api] [nio-8080-exec-8] c.example.common.GlobalExceptionHandler  : no handler for /apple-touch-icon.png
2026-09-17T12:42:41.668+09:00  INFO 1 --- [item-bank-api] [nio-8080-exec-4] c.example.common.GlobalExceptionHandler  : not found: 문항이 없습니다: id=60 (/api/items/60)
2026-09-17T12:43:43.935+09:00  INFO 1 --- [item-bank-api] [io-8080-exec-10] c.example.common.GlobalExceptionHandler  : no handler for /api/item/12
2026-09-17T12:44:00.102+09:00  INFO 1 --- [item-bank-api] [io-8080-exec-10] c.example.common.GlobalExceptionHandler  : not found: 문항이 없습니다: id=48 (/api/items/48)
2026-09-17T12:44:10.691+09:00  INFO 1 --- [item-bank-api] [nio-8080-exec-1] c.example.common.GlobalExceptionHandler  : no handler for /api/unit
2026-09-17T12:44:42.911+09:00  INFO 1 --- [item-bank-api] [nio-8080-exec-3] c.example.common.GlobalExceptionHandler  : no handler for /api/unit
2026-09-17T12:44:53.418+09:00  INFO 1 --- [item-bank-api] [nio-8080-exec-7] c.example.common.GlobalExceptionHandler  : no handler for /favicon.ico
2026-09-17T12:46:09.418+09:00  INFO 1 --- [item-bank-api] [nio-8080-exec-4] c.example.common.GlobalExceptionHandler  : no handler for /robots.txt
2026-09-17T12:46:30.290+09:00  INFO 1 --- [item-bank-api] [nio-8080-exec-2] c.example.common.GlobalExceptionHandler  : no handler for /api/unit
2026-09-17T12:46:45.700+09:00  INFO 1 --- [item-bank-api] [nio-8080-exec-3] com.example.assignment.ReportService     : built class report for class 2: 3 distributions, 10 submissions
2026-09-17T12:46:50.621+09:00  INFO 1 --- [item-bank-api] [nio-8080-exec-9] c.example.common.GlobalExceptionHandler  : no handler for /robots.txt
2026-09-17T12:46:57.555+09:00  INFO 1 --- [item-bank-api] [nio-8080-exec-9] c.example.common.GlobalExceptionHandler  : not found: 문항이 없습니다: id=56 (/api/items/56)
2026-09-17T12:47:46.522+09:00  INFO 1 --- [item-bank-api] [nio-8080-exec-4] c.example.common.GlobalExceptionHandler  : not found: 문항이 없습니다: id=45 (/api/items/45)
2026-09-17T12:48:07.414+09:00  INFO 1 --- [item-bank-api] [nio-8080-exec-1] c.example.common.GlobalExceptionHandler  : not found: 문항이 없습니다: id=35 (/api/items/35)
2026-09-17T12:48:50.768+09:00  INFO 1 --- [item-bank-api] [nio-8080-exec-6] c.example.common.GlobalExceptionHandler  : no handler for /api/unit
2026-09-17T12:49:05.961+09:00  INFO 1 --- [item-bank-api] [nio-8080-exec-5] c.example.common.GlobalExceptionHandler  : no handler for /api/unit
2026-09-17T12:49:43.207+09:00  INFO 1 --- [item-bank-api] [nio-8080-exec-7] c.example.common.GlobalExceptionHandler  : no handler for /api/item/12
2026-09-17T12:50:02.687+09:00  INFO 1 --- [item-bank-api] [nio-8080-exec-6] c.example.common.GlobalExceptionHandler  : not found: 문항이 없습니다: id=47 (/api/items/47)
2026-09-17T12:50:27.370+09:00  INFO 1 --- [item-bank-api] [nio-8080-exec-5] c.example.common.GlobalExceptionHandler  : no handler for /robots.txt
2026-09-17T12:50:28.824+09:00  INFO 1 --- [item-bank-api] [nio-8080-exec-4] c.example.common.GlobalExceptionHandler  : no handler for /api/item/12
2026-09-17T12:51:08.005+09:00  INFO 1 --- [item-bank-api] [nio-8080-exec-1] c.example.common.GlobalExceptionHandler  : no handler for /api/item/12
2026-09-17T12:51:17.399+09:00  INFO 1 --- [item-bank-api] [nio-8080-exec-3] c.example.common.GlobalExceptionHandler  : no handler for /api/item/12
2026-09-17T12:51:50.955+09:00  INFO 1 --- [item-bank-api] [nio-8080-exec-2] c.example.common.GlobalExceptionHandler  : no handler for /robots.txt
2026-09-17T12:52:16.916+09:00  INFO 1 --- [item-bank-api] [io-8080-exec-10] c.example.common.GlobalExceptionHandler  : no handler for /robots.txt
2026-09-17T12:52:28.874+09:00  INFO 1 --- [item-bank-api] [nio-8080-exec-4] c.example.common.GlobalExceptionHandler  : not found: 문항이 없습니다: id=46 (/api/items/46)
2026-09-17T12:52:34.268+09:00  INFO 1 --- [item-bank-api] [nio-8080-exec-1] c.example.common.GlobalExceptionHandler  : not found: 배포가 없습니다: id=13 (/api/distributions/13)
2026-09-17T12:52:34.573+09:00  INFO 1 --- [item-bank-api] [nio-8080-exec-3] c.example.common.GlobalExceptionHandler  : no handler for /favicon.ico
2026-09-17T12:52:47.219+09:00  INFO 1 --- [item-bank-api] [nio-8080-exec-1] c.example.common.GlobalExceptionHandler  : not found: 배포가 없습니다: id=9 (/api/distributions/9)
2026-09-17T12:53:30.556+09:00  INFO 1 --- [item-bank-api] [nio-8080-exec-6] c.example.common.GlobalExceptionHandler  : not found: 문항이 없습니다: id=63 (/api/items/63)
2026-09-17T12:53:44.255+09:00  INFO 1 --- [item-bank-api] [nio-8080-exec-9] c.e.assignment.DistributionService       : redistributed distribution 8 (assignment 6, class 2) reason=null
2026-09-17T12:54:04.620+09:00  INFO 1 --- [item-bank-api] [nio-8080-exec-9] c.example.common.GlobalExceptionHandler  : no handler for /api/unit
2026-09-17T12:54:09.797+09:00  INFO 1 --- [item-bank-api] [nio-8080-exec-5] c.example.common.GlobalExceptionHandler  : no handler for /robots.txt
2026-09-17T12:54:56.446+09:00  WARN 1 --- [item-bank-api] [nio-8080-exec-1] c.example.common.GlobalExceptionHandler  : state conflict: 마감된 과제는 재배포할 수 없습니다: distributionId=1 (/api/distributions/1/redistribute)
2026-09-17T12:55:10.483+09:00  INFO 1 --- [item-bank-api] [nio-8080-exec-7] c.example.common.GlobalExceptionHandler  : no handler for /favicon.ico
2026-09-17T12:55:21.116+09:00  INFO 1 --- [item-bank-api] [nio-8080-exec-8] c.example.common.GlobalExceptionHandler  : not found: 문항이 없습니다: id=42 (/api/items/42)
2026-09-17T12:55:31.171+09:00  INFO 1 --- [item-bank-api] [nio-8080-exec-1] c.example.common.GlobalExceptionHandler  : no handler for /robots.txt
2026-09-17T12:55:39.665+09:00  INFO 1 --- [item-bank-api] [io-8080-exec-10] c.example.common.GlobalExceptionHandler  : not found: 단원이 없습니다: code=M7-1 (/api/units/M7-1/items)
2026-09-17T12:55:42.777+09:00  INFO 1 --- [item-bank-api] [nio-8080-exec-6] c.example.common.GlobalExceptionHandler  : not found: 문항이 없습니다: id=54 (/api/items/54)
2026-09-17T12:55:50.964+09:00  INFO 1 --- [item-bank-api] [nio-8080-exec-5] c.example.common.GlobalExceptionHandler  : not found: 배포가 없습니다: id=14 (/api/distributions/14)
2026-09-17T12:55:51.045+09:00  INFO 1 --- [item-bank-api] [nio-8080-exec-6] c.example.common.GlobalExceptionHandler  : no handler for /apple-touch-icon.png
2026-09-17T12:56:33.108+09:00  INFO 1 --- [item-bank-api] [nio-8080-exec-6] c.example.common.GlobalExceptionHandler  : not found: 문항이 없습니다: id=50 (/api/items/50)
2026-09-17T12:56:37.644+09:00  INFO 1 --- [item-bank-api] [nio-8080-exec-9] c.example.common.GlobalExceptionHandler  : no handler for /api/unit
2026-09-17T12:56:57.707+09:00  INFO 1 --- [item-bank-api] [nio-8080-exec-3] c.example.common.GlobalExceptionHandler  : not found: 문항이 없습니다: id=35 (/api/items/35)
2026-09-17T12:57:01.974+09:00  INFO 1 --- [item-bank-api] [nio-8080-exec-7] c.e.assignment.DistributionService       : redistributed distribution 43 (assignment 6, class 1) reason=STU-1003 결석으로 재배포
2026-09-17T12:57:02.557+09:00  INFO 1 --- [item-bank-api] [io-8080-exec-10] c.example.common.GlobalExceptionHandler  : not found: 단원이 없습니다: code=M7-1 (/api/units/M7-1/items)
2026-09-17T12:57:15.873+09:00  INFO 1 --- [item-bank-api] [io-8080-exec-10] c.example.common.GlobalExceptionHandler  : no handler for /api/item/12
2026-09-17T12:57:22.808+09:00  INFO 1 --- [item-bank-api] [nio-8080-exec-5] c.example.common.GlobalExceptionHandler  : bad request: Method parameter 'id': Failed to convert value of type 'java.lang.String' to required type 'java.lang.Integer'; For input string: "NaN" (/api/items/NaN)
2026-09-17T12:57:25.971+09:00  INFO 1 --- [item-bank-api] [nio-8080-exec-2] c.example.common.GlobalExceptionHandler  : bad request: Method parameter 'id': Failed to convert value of type 'java.lang.String' to required type 'java.lang.Integer'; For input string: "undefined" (/api/items/undefined)
2026-09-17T12:57:41.110+09:00  INFO 1 --- [item-bank-api] [nio-8080-exec-4] c.example.common.GlobalExceptionHandler  : no handler for /api/unit
2026-09-17T12:57:58.367+09:00  INFO 1 --- [item-bank-api] [io-8080-exec-10] c.example.common.GlobalExceptionHandler  : no handler for /favicon.ico
2026-09-17T12:58:08.064+09:00  INFO 1 --- [item-bank-api] [io-8080-exec-10] c.example.common.GlobalExceptionHandler  : no handler for /api/unit
2026-09-17T12:58:08.565+09:00  INFO 1 --- [item-bank-api] [nio-8080-exec-2] c.example.common.GlobalExceptionHandler  : no handler for /api/unit
2026-09-17T12:58:25.507+09:00  INFO 1 --- [item-bank-api] [nio-8080-exec-3] c.example.common.GlobalExceptionHandler  : no handler for /apple-touch-icon.png
2026-09-17T12:59:05.258+09:00  INFO 1 --- [item-bank-api] [nio-8080-exec-5] c.example.common.GlobalExceptionHandler  : not found: 문항이 없습니다: id=34 (/api/items/34)
2026-09-17T12:59:33.359+09:00  WARN 1 --- [item-bank-api] [nio-8080-exec-6] c.example.common.GlobalExceptionHandler  : state conflict: 마감된 과제는 재배포할 수 없습니다: distributionId=3 (/api/distributions/3/redistribute)
2026-09-17T12:59:47.626+09:00  INFO 1 --- [item-bank-api] [nio-8080-exec-6] c.example.common.GlobalExceptionHandler  : no handler for /robots.txt
2026-09-17T13:00:01.257+09:00  INFO 1 --- [item-bank-api] [nio-8080-exec-4] c.e.assignment.DistributionService       : redistributed distribution 8 (assignment 6, class 2) reason=null
2026-09-17T13:00:01.953+09:00  INFO 1 --- [item-bank-api] [nio-8080-exec-8] c.example.common.GlobalExceptionHandler  : no handler for /apple-touch-icon.png
2026-09-17T13:00:50.520+09:00  INFO 1 --- [item-bank-api] [nio-8080-exec-7] c.example.common.GlobalExceptionHandler  : no handler for /robots.txt
2026-09-17T13:01:04.460+09:00  INFO 1 --- [item-bank-api] [nio-8080-exec-8] c.example.common.GlobalExceptionHandler  : no handler for /apple-touch-icon.png
2026-09-17T13:01:09.577+09:00  INFO 1 --- [item-bank-api] [nio-8080-exec-1] c.example.common.GlobalExceptionHandler  : no handler for /api/item/12
2026-09-17T13:01:14.410+09:00  INFO 1 --- [item-bank-api] [nio-8080-exec-3] c.example.common.GlobalExceptionHandler  : not found: 문항이 없습니다: id=37 (/api/items/37)
2026-09-17T13:01:28.380+09:00  INFO 1 --- [item-bank-api] [nio-8080-exec-1] c.example.common.GlobalExceptionHandler  : no handler for /robots.txt
2026-09-17T13:01:36.756+09:00  INFO 1 --- [item-bank-api] [io-8080-exec-10] c.example.common.GlobalExceptionHandler  : not found: 배포가 없습니다: id=10 (/api/distributions/10)
2026-09-17T13:01:38.179+09:00  INFO 1 --- [item-bank-api] [nio-8080-exec-8] c.example.common.GlobalExceptionHandler  : not found: 단원이 없습니다: code=M7-1 (/api/units/M7-1/items)
2026-09-17T13:01:42.361+09:00  INFO 1 --- [item-bank-api] [io-8080-exec-10] c.example.common.GlobalExceptionHandler  : no handler for /api/item/12
2026-09-17T13:01:57.290+09:00  INFO 1 --- [item-bank-api] [io-8080-exec-10] c.example.common.GlobalExceptionHandler  : not found: 배포가 없습니다: id=15 (/api/distributions/15)
2026-09-17T13:02:28.665+09:00  INFO 1 --- [item-bank-api] [nio-8080-exec-6] c.e.assignment.DistributionService       : redistributed distribution 43 (assignment 6, class 1) reason=STU-1003 결석으로 재배포
2026-09-17T13:04:20.556+09:00  INFO 1 --- [item-bank-api] [nio-8080-exec-9] c.e.assignment.DistributionService       : redistributed distribution 8 (assignment 6, class 2) reason=STU-1003 보충 제출 기회
2026-09-17T13:04:20.912+09:00  INFO 1 --- [item-bank-api] [nio-8080-exec-7] c.example.common.GlobalExceptionHandler  : not found: 배포가 없습니다: id=15 (/api/distributions/15)
2026-09-17T13:04:30.230+09:00  INFO 1 --- [item-bank-api] [io-8080-exec-10] c.example.common.GlobalExceptionHandler  : not found: 단원이 없습니다: code=M7-1 (/api/units/M7-1/items)
2026-09-17T13:04:34.895+09:00  INFO 1 --- [item-bank-api] [nio-8080-exec-1] c.example.common.GlobalExceptionHandler  : no handler for /api/unit
2026-09-17T13:04:44.762+09:00  INFO 1 --- [item-bank-api] [io-8080-exec-10] c.example.common.GlobalExceptionHandler  : not found: 단원이 없습니다: code=M7-1 (/api/units/M7-1/items)
2026-09-17T13:04:52.277+09:00  INFO 1 --- [item-bank-api] [nio-8080-exec-6] c.example.common.GlobalExceptionHandler  : no handler for /api/unit
2026-09-17T13:04:55.276+09:00  INFO 1 --- [item-bank-api] [io-8080-exec-10] c.example.common.GlobalExceptionHandler  : not found: 배포가 없습니다: id=10 (/api/distributions/10)
2026-09-17T13:04:56.152+09:00  INFO 1 --- [item-bank-api] [nio-8080-exec-1] c.example.common.GlobalExceptionHandler  : not found: 문항이 없습니다: id=43 (/api/items/43)
2026-09-17T13:04:57.879+09:00  INFO 1 --- [item-bank-api] [nio-8080-exec-9] c.example.common.GlobalExceptionHandler  : no handler for /api/item/12
2026-09-17T13:05:19.923+09:00  INFO 1 --- [item-bank-api] [nio-8080-exec-9] c.example.common.GlobalExceptionHandler  : no handler for /apple-touch-icon.png
2026-09-17T13:05:50.036+09:00  INFO 1 --- [item-bank-api] [io-8080-exec-10] c.example.common.GlobalExceptionHandler  : no handler for /api/item/12
2026-09-17T13:05:50.381+09:00  INFO 1 --- [item-bank-api] [io-8080-exec-10] c.e.assignment.DistributionService       : redistributed distribution 44 (assignment 5, class 2) reason=보강 수업 후 재배포
2026-09-17T13:06:01.914+09:00  INFO 1 --- [item-bank-api] [nio-8080-exec-7] c.example.common.GlobalExceptionHandler  : no handler for /apple-touch-icon.png
2026-09-17T13:06:12.621+09:00  INFO 1 --- [item-bank-api] [nio-8080-exec-8] c.example.common.GlobalExceptionHandler  : not found: 배포가 없습니다: id=15 (/api/distributions/15)
2026-09-17T13:06:33.154+09:00  INFO 1 --- [item-bank-api] [nio-8080-exec-4] com.example.assignment.ReportService     : built class report for class 1: 3 distributions, 10 submissions
2026-09-17T13:07:19.128+09:00  INFO 1 --- [item-bank-api] [nio-8080-exec-5] c.example.common.GlobalExceptionHandler  : no handler for /apple-touch-icon.png
2026-09-17T13:07:32.762+09:00  INFO 1 --- [item-bank-api] [nio-8080-exec-9] c.example.common.GlobalExceptionHandler  : not found: 문항이 없습니다: id=50 (/api/items/50)
2026-09-17T13:07:44.044+09:00  INFO 1 --- [item-bank-api] [nio-8080-exec-3] c.example.common.GlobalExceptionHandler  : not found: 문항이 없습니다: id=61 (/api/items/61)
2026-09-17T13:08:20.769+09:00  INFO 1 --- [item-bank-api] [nio-8080-exec-2] com.example.assignment.ReportService     : built class report for class 3: 3 distributions, 10 submissions
2026-09-17T13:08:46.136+09:00  INFO 1 --- [item-bank-api] [nio-8080-exec-3] c.example.common.GlobalExceptionHandler  : not found: 문항이 없습니다: id=33 (/api/items/33)
2026-09-17T13:08:51.899+09:00  INFO 1 --- [item-bank-api] [nio-8080-exec-1] com.example.assignment.ReportService     : built class report for class 2: 3 distributions, 10 submissions
2026-09-17T13:09:02.269+09:00  INFO 1 --- [item-bank-api] [nio-8080-exec-9] c.example.common.GlobalExceptionHandler  : no handler for /favicon.ico
2026-09-17T13:09:32.492+09:00  INFO 1 --- [item-bank-api] [nio-8080-exec-9] c.example.common.GlobalExceptionHandler  : no handler for /apple-touch-icon.png
2026-09-17T13:11:41.157+09:00  INFO 1 --- [item-bank-api] [nio-8080-exec-1] c.example.common.GlobalExceptionHandler  : not found: 문항이 없습니다: id=60 (/api/items/60)
2026-09-17T13:11:42.759+09:00  INFO 1 --- [item-bank-api] [nio-8080-exec-7] c.example.common.GlobalExceptionHandler  : not found: 문항이 없습니다: id=62 (/api/items/62)
2026-09-17T13:11:50.852+09:00  INFO 1 --- [item-bank-api] [nio-8080-exec-8] c.example.common.GlobalExceptionHandler  : no handler for /api/unit
2026-09-17T13:12:21.787+09:00  INFO 1 --- [item-bank-api] [io-8080-exec-10] c.e.assignment.DistributionService       : redistributed distribution 6 (assignment 4, class 3) reason=STU-1003 결석으로 재배포
2026-09-17T13:12:29.578+09:00  INFO 1 --- [item-bank-api] [nio-8080-exec-1] c.example.common.GlobalExceptionHandler  : not found: 배포가 없습니다: id=12 (/api/distributions/12)
2026-09-17T13:12:36.375+09:00  INFO 1 --- [item-bank-api] [nio-8080-exec-6] c.example.common.GlobalExceptionHandler  : not found: 문항이 없습니다: id=39 (/api/items/39)
2026-09-17T13:12:57.133+09:00  INFO 1 --- [item-bank-api] [nio-8080-exec-1] com.example.assignment.ReportService     : built class report for class 3: 3 distributions, 10 submissions
2026-09-17T13:13:03.243+09:00  WARN 1 --- [item-bank-api] [nio-8080-exec-2] c.example.common.GlobalExceptionHandler  : state conflict: 마감된 과제는 재배포할 수 없습니다: distributionId=1 (/api/distributions/1/redistribute)
2026-09-17T13:13:05.634+09:00  INFO 1 --- [item-bank-api] [nio-8080-exec-3] c.e.assignment.DistributionService       : redistributed distribution 43 (assignment 6, class 1) reason=보강 수업 후 재배포
2026-09-17T13:13:13.352+09:00  INFO 1 --- [item-bank-api] [nio-8080-exec-9] c.example.common.GlobalExceptionHandler  : not found: 단원이 없습니다: code=M7-1 (/api/units/M7-1/items)
2026-09-17T13:13:22.686+09:00  INFO 1 --- [item-bank-api] [nio-8080-exec-8] c.e.assignment.DistributionService       : redistributed distribution 8 (assignment 6, class 2) reason=null
2026-09-17T13:13:27.514+09:00  INFO 1 --- [item-bank-api] [nio-8080-exec-6] c.e.assignment.DistributionService       : redistributed distribution 43 (assignment 6, class 1) reason=STU-1003 결석으로 재배포
2026-09-17T13:13:50.662+09:00  INFO 1 --- [item-bank-api] [nio-8080-exec-5] c.example.common.GlobalExceptionHandler  : no handler for /robots.txt
2026-09-17T13:13:54.854+09:00  INFO 1 --- [item-bank-api] [nio-8080-exec-2] c.example.common.GlobalExceptionHandler  : no handler for /api/item/12
2026-09-17T13:14:13.014+09:00  INFO 1 --- [item-bank-api] [nio-8080-exec-5] c.example.common.GlobalExceptionHandler  : no handler for /favicon.ico
2026-09-17T13:14:27.505+09:00  INFO 1 --- [item-bank-api] [nio-8080-exec-8] c.example.common.GlobalExceptionHandler  : no handler for /robots.txt
2026-09-17T13:14:31.581+09:00  INFO 1 --- [item-bank-api] [io-8080-exec-10] c.e.assignment.DistributionService       : redistributed distribution 7 (assignment 5, class 3) reason=STU-1003 보충 제출 기회
2026-09-17T13:14:31.581+09:00  INFO 1 --- [item-bank-api] [nio-8080-exec-5] c.example.common.GlobalExceptionHandler  : bad request: Method parameter 'id': Failed to convert value of type 'java.lang.String' to required type 'java.lang.Integer'; For input string: "NaN" (/api/items/NaN)
2026-09-17T13:15:11.231+09:00  INFO 1 --- [item-bank-api] [io-8080-exec-10] c.example.common.GlobalExceptionHandler  : no handler for /favicon.ico
2026-09-17T13:15:46.860+09:00  INFO 1 --- [item-bank-api] [nio-8080-exec-9] c.example.common.GlobalExceptionHandler  : no handler for /robots.txt
2026-09-17T13:15:54.361+09:00  WARN 1 --- [item-bank-api] [nio-8080-exec-4] c.example.common.GlobalExceptionHandler  : state conflict: 마감된 과제는 재배포할 수 없습니다: distributionId=3 (/api/distributions/3/redistribute)
2026-09-17T13:15:57.272+09:00  INFO 1 --- [item-bank-api] [nio-8080-exec-9] c.example.common.GlobalExceptionHandler  : no handler for /api/unit
2026-09-17T13:16:11.180+09:00  INFO 1 --- [item-bank-api] [nio-8080-exec-8] c.example.common.GlobalExceptionHandler  : not found: 문항이 없습니다: id=45 (/api/items/45)
2026-09-17T13:16:28.827+09:00  INFO 1 --- [item-bank-api] [nio-8080-exec-3] c.example.common.GlobalExceptionHandler  : no handler for /api/unit
2026-09-17T13:16:42.607+09:00  INFO 1 --- [item-bank-api] [nio-8080-exec-5] c.example.common.GlobalExceptionHandler  : not found: 배포가 없습니다: id=12 (/api/distributions/12)
2026-09-17T13:16:50.900+09:00  INFO 1 --- [item-bank-api] [nio-8080-exec-4] c.example.common.GlobalExceptionHandler  : no handler for /favicon.ico
2026-09-17T13:17:59.119+09:00  INFO 1 --- [item-bank-api] [nio-8080-exec-1] c.example.common.GlobalExceptionHandler  : no handler for /api/item/12
2026-09-17T13:19:33.381+09:00  INFO 1 --- [item-bank-api] [nio-8080-exec-9] c.example.common.GlobalExceptionHandler  : no handler for /robots.txt
2026-09-17T13:19:34.387+09:00  INFO 1 --- [item-bank-api] [nio-8080-exec-7] c.e.assignment.DistributionService       : redistributed distribution 5 (assignment 3, class 3) reason=보강 수업 후 재배포
2026-09-17T13:20:11.903+09:00  INFO 1 --- [item-bank-api] [nio-8080-exec-1] c.example.common.GlobalExceptionHandler  : not found: 문항이 없습니다: id=45 (/api/items/45)
2026-09-17T13:20:30.389+09:00  INFO 1 --- [item-bank-api] [nio-8080-exec-2] c.example.common.GlobalExceptionHandler  : not found: 문항이 없습니다: id=54 (/api/items/54)
2026-09-17T13:21:22.270+09:00  INFO 1 --- [item-bank-api] [nio-8080-exec-3] c.example.common.GlobalExceptionHandler  : no handler for /apple-touch-icon.png
2026-09-17T13:21:44.017+09:00  INFO 1 --- [item-bank-api] [nio-8080-exec-5] com.example.assignment.ReportService     : built class report for class 2: 3 distributions, 10 submissions
2026-09-17T13:21:54.323+09:00  INFO 1 --- [item-bank-api] [nio-8080-exec-4] c.example.common.GlobalExceptionHandler  : not found: 단원이 없습니다: code=M7-1 (/api/units/M7-1/items)
2026-09-17T13:22:17.628+09:00  INFO 1 --- [item-bank-api] [nio-8080-exec-9] c.e.assignment.DistributionService       : redistributed distribution 7 (assignment 5, class 3) reason=보강 수업 후 재배포
2026-09-17T13:22:46.166+09:00  INFO 1 --- [item-bank-api] [nio-8080-exec-7] c.example.common.GlobalExceptionHandler  : no handler for /api/item/12
2026-09-17T13:22:54.477+09:00  INFO 1 --- [item-bank-api] [io-8080-exec-10] c.example.common.GlobalExceptionHandler  : not found: 문항이 없습니다: id=63 (/api/items/63)
2026-09-17T13:23:23.837+09:00  INFO 1 --- [item-bank-api] [io-8080-exec-10] c.example.common.GlobalExceptionHandler  : no handler for /robots.txt
2026-09-17T13:23:28.199+09:00  INFO 1 --- [item-bank-api] [nio-8080-exec-4] c.example.common.GlobalExceptionHandler  : not found: 배포가 없습니다: id=9 (/api/distributions/9)
2026-09-17T13:23:38.719+09:00  INFO 1 --- [item-bank-api] [io-8080-exec-10] c.e.assignment.DistributionService       : redistributed distribution 44 (assignment 5, class 2) reason=null
2026-09-17T13:23:47.546+09:00  INFO 1 --- [item-bank-api] [nio-8080-exec-6] c.example.common.GlobalExceptionHandler  : no handler for /api/item/12
2026-09-17T13:24:02.634+09:00  INFO 1 --- [item-bank-api] [nio-8080-exec-8] c.example.common.GlobalExceptionHandler  : no handler for /favicon.ico
2026-09-17T13:24:10.269+09:00  INFO 1 --- [item-bank-api] [nio-8080-exec-3] c.example.common.GlobalExceptionHandler  : not found: 문항이 없습니다: id=52 (/api/items/52)
2026-09-17T13:24:31.760+09:00  INFO 1 --- [item-bank-api] [nio-8080-exec-7] c.example.common.GlobalExceptionHandler  : no handler for /robots.txt
2026-09-17T13:24:43.467+09:00  INFO 1 --- [item-bank-api] [nio-8080-exec-6] c.example.common.GlobalExceptionHandler  : no handler for /api/item/12
2026-09-17T13:24:45.671+09:00  INFO 1 --- [item-bank-api] [nio-8080-exec-2] com.example.assignment.ReportService     : built class report for class 1: 3 distributions, 10 submissions
2026-09-17T13:25:26.287+09:00  INFO 1 --- [item-bank-api] [nio-8080-exec-4] c.example.common.GlobalExceptionHandler  : no handler for /robots.txt
2026-09-17T13:25:29.204+09:00  INFO 1 --- [item-bank-api] [nio-8080-exec-9] c.e.assignment.DistributionService       : redistributed distribution 44 (assignment 5, class 2) reason=STU-1007 요청 — 제출 화면 오류
2026-09-17T13:25:38.607+09:00  INFO 1 --- [item-bank-api] [nio-8080-exec-8] c.example.common.GlobalExceptionHandler  : not found: 배포가 없습니다: id=14 (/api/distributions/14)
2026-09-17T13:25:46.619+09:00  INFO 1 --- [item-bank-api] [nio-8080-exec-7] c.example.common.GlobalExceptionHandler  : bad request: Method parameter 'id': Failed to convert value of type 'java.lang.String' to required type 'java.lang.Integer'; For input string: "NaN" (/api/items/NaN)
2026-09-17T13:27:01.093+09:00  INFO 1 --- [item-bank-api] [nio-8080-exec-7] c.example.common.GlobalExceptionHandler  : no handler for /robots.txt
2026-09-17T13:27:07.693+09:00  INFO 1 --- [item-bank-api] [nio-8080-exec-8] c.example.common.GlobalExceptionHandler  : not found: 배포가 없습니다: id=9 (/api/distributions/9)
2026-09-17T13:29:03.809+09:00  INFO 1 --- [item-bank-api] [nio-8080-exec-3] c.example.common.GlobalExceptionHandler  : not found: 단원이 없습니다: code=M7-1 (/api/units/M7-1/items)
2026-09-17T13:29:21.307+09:00  INFO 1 --- [item-bank-api] [nio-8080-exec-2] c.example.common.GlobalExceptionHandler  : no handler for /api/unit
2026-09-17T13:29:42.447+09:00  INFO 1 --- [item-bank-api] [nio-8080-exec-9] c.example.common.GlobalExceptionHandler  : no handler for /robots.txt
2026-09-17T13:29:56.715+09:00  INFO 1 --- [item-bank-api] [nio-8080-exec-2] c.example.common.GlobalExceptionHandler  : not found: 문항이 없습니다: id=48 (/api/items/48)
2026-09-17T13:30:22.891+09:00  INFO 1 --- [item-bank-api] [nio-8080-exec-6] c.example.common.GlobalExceptionHandler  : not found: 단원이 없습니다: code=M7-1 (/api/units/M7-1/items)
2026-09-17T13:31:11.673+09:00  INFO 1 --- [item-bank-api] [nio-8080-exec-2] c.example.common.GlobalExceptionHandler  : not found: 문항이 없습니다: id=44 (/api/items/44)
2026-09-17T13:32:47.051+09:00  INFO 1 --- [item-bank-api] [nio-8080-exec-5] c.example.common.GlobalExceptionHandler  : not found: 배포가 없습니다: id=10 (/api/distributions/10)
2026-09-17T13:32:55.561+09:00  INFO 1 --- [item-bank-api] [io-8080-exec-10] c.example.common.GlobalExceptionHandler  : no handler for /api/item/12
2026-09-17T13:33:40.593+09:00  INFO 1 --- [item-bank-api] [nio-8080-exec-7] c.example.common.GlobalExceptionHandler  : not found: 문항이 없습니다: id=56 (/api/items/56)
2026-09-17T13:34:22.702+09:00  INFO 1 --- [item-bank-api] [nio-8080-exec-6] c.example.common.GlobalExceptionHandler  : not found: 문항이 없습니다: id=48 (/api/items/48)
2026-09-17T13:34:39.012+09:00  INFO 1 --- [item-bank-api] [nio-8080-exec-5] c.example.common.GlobalExceptionHandler  : no handler for /api/item/12
2026-09-17T13:34:52.034+09:00  INFO 1 --- [item-bank-api] [nio-8080-exec-8] c.example.common.GlobalExceptionHandler  : no handler for /robots.txt
2026-09-17T13:35:47.381+09:00  INFO 1 --- [item-bank-api] [nio-8080-exec-7] c.example.common.GlobalExceptionHandler  : no handler for /apple-touch-icon.png
2026-09-17T13:35:53.425+09:00  INFO 1 --- [item-bank-api] [nio-8080-exec-1] c.example.common.GlobalExceptionHandler  : not found: 배포가 없습니다: id=13 (/api/distributions/13)
2026-09-17T13:36:04.433+09:00  INFO 1 --- [item-bank-api] [io-8080-exec-10] c.example.common.GlobalExceptionHandler  : no handler for /robots.txt
2026-09-17T13:36:09.229+09:00  INFO 1 --- [item-bank-api] [nio-8080-exec-1] c.example.common.GlobalExceptionHandler  : no handler for /api/unit
2026-09-17T13:36:15.687+09:00  INFO 1 --- [item-bank-api] [nio-8080-exec-8] c.example.common.GlobalExceptionHandler  : not found: 문항이 없습니다: id=59 (/api/items/59)
2026-09-17T13:36:55.882+09:00  INFO 1 --- [item-bank-api] [nio-8080-exec-4] c.example.common.GlobalExceptionHandler  : not found: 문항이 없습니다: id=60 (/api/items/60)
2026-09-17T13:36:56.554+09:00  INFO 1 --- [item-bank-api] [nio-8080-exec-8] c.example.common.GlobalExceptionHandler  : not found: 문항이 없습니다: id=62 (/api/items/62)
2026-09-17T13:37:05.905+09:00  INFO 1 --- [item-bank-api] [nio-8080-exec-5] c.example.common.GlobalExceptionHandler  : no handler for /robots.txt
2026-09-17T13:37:07.833+09:00  INFO 1 --- [item-bank-api] [nio-8080-exec-6] c.example.common.GlobalExceptionHandler  : no handler for /apple-touch-icon.png
2026-09-17T13:37:11.797+09:00  INFO 1 --- [item-bank-api] [nio-8080-exec-6] c.example.common.GlobalExceptionHandler  : no handler for /apple-touch-icon.png
2026-09-17T13:37:21.636+09:00  INFO 1 --- [item-bank-api] [nio-8080-exec-3] c.example.common.GlobalExceptionHandler  : no handler for /apple-touch-icon.png
2026-09-17T13:37:23.569+09:00  INFO 1 --- [item-bank-api] [nio-8080-exec-1] c.example.common.GlobalExceptionHandler  : no handler for /robots.txt
2026-09-17T13:37:26.110+09:00  INFO 1 --- [item-bank-api] [nio-8080-exec-1] c.example.common.GlobalExceptionHandler  : no handler for /apple-touch-icon.png
2026-09-17T13:38:09.821+09:00  INFO 1 --- [item-bank-api] [io-8080-exec-10] c.example.common.GlobalExceptionHandler  : no handler for /robots.txt
2026-09-17T13:38:12.372+09:00  INFO 1 --- [item-bank-api] [nio-8080-exec-7] c.example.common.GlobalExceptionHandler  : no handler for /apple-touch-icon.png
2026-09-17T13:38:15.972+09:00  INFO 1 --- [item-bank-api] [nio-8080-exec-4] c.example.common.GlobalExceptionHandler  : no handler for /favicon.ico
2026-09-17T13:38:30.043+09:00  INFO 1 --- [item-bank-api] [nio-8080-exec-6] c.example.common.GlobalExceptionHandler  : not found: 문항이 없습니다: id=39 (/api/items/39)
2026-09-17T13:38:48.292+09:00  INFO 1 --- [item-bank-api] [nio-8080-exec-3] c.example.common.GlobalExceptionHandler  : no handler for /api/item/12
2026-09-17T13:38:52.417+09:00  INFO 1 --- [item-bank-api] [io-8080-exec-10] c.example.common.GlobalExceptionHandler  : no handler for /apple-touch-icon.png
2026-09-17T13:39:16.918+09:00  INFO 1 --- [item-bank-api] [nio-8080-exec-3] c.example.common.GlobalExceptionHandler  : not found: 문항이 없습니다: id=61 (/api/items/61)
2026-09-17T13:39:39.390+09:00  INFO 1 --- [item-bank-api] [nio-8080-exec-2] c.example.common.GlobalExceptionHandler  : no handler for /robots.txt
2026-09-17T13:40:14.111+09:00  INFO 1 --- [item-bank-api] [nio-8080-exec-7] c.example.common.GlobalExceptionHandler  : no handler for /api/item/12
2026-09-17T13:40:16.580+09:00  INFO 1 --- [item-bank-api] [nio-8080-exec-1] c.example.common.GlobalExceptionHandler  : no handler for /api/unit
2026-09-17T13:40:44.270+09:00  INFO 1 --- [item-bank-api] [io-8080-exec-10] c.example.common.GlobalExceptionHandler  : not found: 배포가 없습니다: id=13 (/api/distributions/13)
2026-09-17T13:40:59.882+09:00  INFO 1 --- [item-bank-api] [nio-8080-exec-1] c.example.common.GlobalExceptionHandler  : not found: 배포가 없습니다: id=9 (/api/distributions/9)
2026-09-17T13:41:00.749+09:00  INFO 1 --- [item-bank-api] [nio-8080-exec-2] c.example.common.GlobalExceptionHandler  : no handler for /api/unit
2026-09-17T13:41:04.128+09:00  INFO 1 --- [item-bank-api] [nio-8080-exec-1] c.example.common.GlobalExceptionHandler  : not found: 문항이 없습니다: id=47 (/api/items/47)
2026-09-17T13:41:19.575+09:00  INFO 1 --- [item-bank-api] [nio-8080-exec-1] c.example.common.GlobalExceptionHandler  : no handler for /robots.txt
2026-09-17T13:41:20.994+09:00  INFO 1 --- [item-bank-api] [nio-8080-exec-5] c.e.assignment.DistributionService       : redistributed distribution 43 (assignment 6, class 1) reason=STU-1007 요청 — 제출 화면 오류
2026-09-17T13:41:39.322+09:00  INFO 1 --- [item-bank-api] [nio-8080-exec-5] c.example.common.GlobalExceptionHandler  : no handler for /api/unit
2026-09-17T13:41:48.214+09:00  INFO 1 --- [item-bank-api] [tomcat-shutdown] o.s.b.w.e.tomcat.GracefulShutdown        : Commencing graceful shutdown. Waiting for active requests to complete
2026-09-17T13:41:50.144+09:00  INFO 1 --- [item-bank-api] [tomcat-shutdown] o.s.b.w.e.tomcat.GracefulShutdown        : Graceful shutdown complete
2026-09-17T13:41:50.184+09:00  INFO 1 --- [item-bank-api] [ionShutdownHook] o.s.o.j.LocalContainerEntityManagerFacto : Closing JPA EntityManagerFactory for persistence unit 'default'
2026-09-17T13:41:50.194+09:00  INFO 1 --- [item-bank-api] [ionShutdownHook] com.zaxxer.hikari.HikariDataSource       : itembank-pool - Shutdown initiated...
2026-09-17T13:41:50.224+09:00  INFO 1 --- [item-bank-api] [ionShutdownHook] com.zaxxer.hikari.HikariDataSource       : itembank-pool - Shutdown completed.
2026-09-17T13:41:55.902+09:00  INFO 1 --- [item-bank-api] [           main] com.example.ItemBankApplication          : Starting ItemBankApplication v1.4.2 using Java 21.0.4 with PID 1 (/app/app.jar started by app in /app)
2026-09-17T13:41:55.906+09:00  INFO 1 --- [item-bank-api] [           main] com.example.ItemBankApplication          : No active profile set, falling back to 1 default profile: "default"
2026-09-17T13:41:56.814+09:00  INFO 1 --- [item-bank-api] [           main] o.s.d.r.c.RepositoryConfigurationDelegat : Bootstrapping Spring Data JPA repositories in DEFAULT mode.
2026-09-17T13:41:56.905+09:00  INFO 1 --- [item-bank-api] [           main] o.s.d.r.c.RepositoryConfigurationDelegat : Finished Spring Data repository scanning in 84 ms. Found 7 JPA repository interfaces.
2026-09-17T13:41:57.590+09:00  INFO 1 --- [item-bank-api] [           main] o.s.b.w.embedded.tomcat.TomcatWebServer  : Tomcat initialized with port 8080 (http)
2026-09-17T13:41:57.603+09:00  INFO 1 --- [item-bank-api] [           main] o.apache.catalina.core.StandardService   : Starting service [Tomcat]
2026-09-17T13:41:57.604+09:00  INFO 1 --- [item-bank-api] [           main] org.apache.catalina.core.StandardEngine  : Starting Servlet engine: [Apache Tomcat/10.1.42]
2026-09-17T13:41:57.673+09:00  INFO 1 --- [item-bank-api] [           main] o.a.c.c.C.[Tomcat].[localhost].[/]       : Initializing Spring embedded WebApplicationContext
2026-09-17T13:41:57.674+09:00  INFO 1 --- [item-bank-api] [           main] o.s.b.w.s.c.ServletWebServerApplicationC : Root WebApplicationContext: initialization completed in 1693 ms
2026-09-17T13:41:57.900+09:00  INFO 1 --- [item-bank-api] [           main] o.hibernate.jpa.internal.util.LogHelper  : HHH000204: Processing PersistenceUnitInfo [name: default]
2026-09-17T13:41:57.963+09:00  INFO 1 --- [item-bank-api] [           main] org.hibernate.Version                    : HHH000412: Hibernate ORM core version 6.5.3.Final
2026-09-17T13:41:58.005+09:00  INFO 1 --- [item-bank-api] [           main] o.h.c.internal.RegionFactoryInitiator    : HHH000026: Second-level cache disabled
2026-09-17T13:41:58.319+09:00  INFO 1 --- [item-bank-api] [           main] o.s.o.j.p.SpringPersistenceUnitInfo      : No LoadTimeWeaver setup: ignoring JPA class transformer
2026-09-17T13:41:58.351+09:00  INFO 1 --- [item-bank-api] [           main] com.zaxxer.hikari.HikariDataSource       : itembank-pool - Starting...
2026-09-17T13:41:58.533+09:00  INFO 1 --- [item-bank-api] [           main] com.zaxxer.hikari.pool.HikariPool        : itembank-pool - Added connection org.mariadb.jdbc.Connection@4c1e7a3b
2026-09-17T13:41:58.535+09:00  INFO 1 --- [item-bank-api] [           main] com.zaxxer.hikari.HikariDataSource       : itembank-pool - Start completed.
2026-09-17T13:41:59.304+09:00  INFO 1 --- [item-bank-api] [           main] o.h.e.t.j.p.i.JtaPlatformInitiator       : HHH000489: No JTA platform available (set 'hibernate.transaction.jta.platform' to enable JTA platform integration)
2026-09-17T13:41:59.357+09:00  INFO 1 --- [item-bank-api] [           main] o.s.o.j.LocalContainerEntityManagerFacto : Initialized JPA EntityManagerFactory for persistence unit 'default'
2026-09-17T13:42:00.290+09:00  INFO 1 --- [item-bank-api] [           main] o.s.b.w.embedded.tomcat.TomcatWebServer  : Tomcat started on port 8080 (http) with context path '/'
2026-09-17T13:42:00.304+09:00  INFO 1 --- [item-bank-api] [           main] com.example.ItemBankApplication          : Started ItemBankApplication in 4.921 seconds (process running for 5.488)
2026-09-17T13:42:03.935+09:00  INFO 1 --- [item-bank-api] [nio-8080-exec-7] c.example.common.GlobalExceptionHandler  : no handler for /apple-touch-icon.png
2026-09-17T13:42:10.447+09:00  INFO 1 --- [item-bank-api] [nio-8080-exec-5] c.e.assignment.DistributionService       : redistributed distribution 7 (assignment 5, class 3) reason=보강 수업 후 재배포
2026-09-17T13:42:33.771+09:00  INFO 1 --- [item-bank-api] [nio-8080-exec-2] c.example.common.GlobalExceptionHandler  : no handler for /api/item/12
2026-09-17T13:43:00.393+09:00  INFO 1 --- [item-bank-api] [nio-8080-exec-4] c.example.common.GlobalExceptionHandler  : not found: 문항이 없습니다: id=64 (/api/items/64)
2026-09-17T13:43:11.401+09:00  INFO 1 --- [item-bank-api] [nio-8080-exec-7] c.example.common.GlobalExceptionHandler  : not found: 문항이 없습니다: id=59 (/api/items/59)
2026-09-17T13:43:42.738+09:00  INFO 1 --- [item-bank-api] [nio-8080-exec-7] c.example.common.GlobalExceptionHandler  : no handler for /favicon.ico
2026-09-17T13:44:21.151+09:00  INFO 1 --- [item-bank-api] [nio-8080-exec-5] c.example.common.GlobalExceptionHandler  : no handler for /robots.txt
2026-09-17T13:46:00.080+09:00  INFO 1 --- [item-bank-api] [nio-8080-exec-7] c.example.common.GlobalExceptionHandler  : no handler for /api/item/12
2026-09-17T13:46:08.767+09:00  INFO 1 --- [item-bank-api] [nio-8080-exec-1] c.example.common.GlobalExceptionHandler  : no handler for /favicon.ico
2026-09-17T13:46:38.107+09:00  INFO 1 --- [item-bank-api] [nio-8080-exec-1] c.e.assignment.DistributionService       : redistributed distribution 42 (assignment 4, class 1) reason=보강 수업 후 재배포
2026-09-17T13:46:38.113+09:00 ERROR 1 --- [item-bank-api] [nio-8080-exec-1] c.example.common.GlobalExceptionHandler  : unhandled exception on /api/distributions/42/redistribute
org.springframework.orm.jpa.JpaObjectRetrievalFailureException: Entity `com.example.assignment.Assignment` with identifier value `9` does not exist
	at org.springframework.orm.jpa.EntityManagerFactoryUtils.convertJpaAccessExceptionIfPossible(EntityManagerFactoryUtils.java:379)
	at org.springframework.orm.jpa.vendor.HibernateJpaDialect.translateExceptionIfPossible(HibernateJpaDialect.java:246)
	at org.springframework.orm.jpa.AbstractEntityManagerFactoryBean.translateExceptionIfPossible(AbstractEntityManagerFactoryBean.java:560)
	at org.springframework.dao.support.ChainedPersistenceExceptionTranslator.translateExceptionIfPossible(ChainedPersistenceExceptionTranslator.java:61)
	at org.springframework.dao.support.DataAccessUtils.translateIfNecessary(DataAccessUtils.java:343)
	at org.springframework.dao.support.PersistenceExceptionTranslationInterceptor.invoke(PersistenceExceptionTranslationInterceptor.java:160)
	at org.springframework.aop.framework.ReflectiveMethodInvocation.proceed(ReflectiveMethodInvocation.java:184)
	at org.springframework.aop.framework.JdkDynamicAopProxy.invoke(JdkDynamicAopProxy.java:223)
	at jdk.proxy2/jdk.proxy2.$Proxy141.findByClassRoomIdOrderByDistributedAtAsc(Unknown Source)
	at com.example.assignment.DistributionService.listByClass(DistributionService.java:38)
	at java.base/jdk.internal.reflect.DirectMethodHandleAccessor.invoke(DirectMethodHandleAccessor.java:103)
	at java.base/java.lang.reflect.Method.invoke(Method.java:580)
	at org.springframework.transaction.interceptor.TransactionAspectSupport.invokeWithinTransaction(TransactionAspectSupport.java:392)
	at org.springframework.transaction.interceptor.TransactionInterceptor.invoke(TransactionInterceptor.java:119)
	at org.springframework.aop.framework.ReflectiveMethodInvocation.proceed(ReflectiveMethodInvocation.java:184)
	at org.springframework.aop.framework.CglibAopProxy$DynamicAdvisedInterceptor.intercept(CglibAopProxy.java:720)
	at com.example.assignment.DistributionService$$SpringCGLIB$$0.listByClass(<generated>)
	at com.example.assignment.DistributionController.redistribute(DistributionController.java:40)
	at java.base/jdk.internal.reflect.DirectMethodHandleAccessor.invoke(DirectMethodHandleAccessor.java:103)
	at java.base/java.lang.reflect.Method.invoke(Method.java:580)
	at org.springframework.web.method.support.InvocableHandlerMethod.doInvoke(InvocableHandlerMethod.java:255)
	at org.springframework.web.method.support.InvocableHandlerMethod.invokeForRequest(InvocableHandlerMethod.java:188)
	at org.springframework.web.servlet.mvc.method.annotation.ServletInvocableHandlerMethod.invokeAndHandle(ServletInvocableHandlerMethod.java:118)
	at org.springframework.web.servlet.mvc.method.annotation.RequestMappingHandlerAdapter.invokeHandlerMethod(RequestMappingHandlerAdapter.java:926)
	at org.springframework.web.servlet.DispatcherServlet.doDispatch(DispatcherServlet.java:1089)
	at org.springframework.web.servlet.FrameworkServlet.processRequest(FrameworkServlet.java:1014)
	... 44 more
Caused by: org.hibernate.FetchNotFoundException: Entity `com.example.assignment.Assignment` with identifier value `9` does not exist
	at org.hibernate.internal.SessionFactoryImpl$1.handleEntityNotFound(SessionFactoryImpl.java:305)
	at org.hibernate.sql.results.graph.entity.internal.EntityInitializerImpl.resolveInstance(EntityInitializerImpl.java:1027)
	at org.hibernate.sql.results.internal.InitializersList.resolveInstances(InitializersList.java:48)
	at org.hibernate.sql.results.internal.RowProcessingStateStandardImpl.finishRowProcessing(RowProcessingStateStandardImpl.java:141)
	at org.hibernate.sql.results.spi.ListResultsConsumer.consume(ListResultsConsumer.java:200)
	at org.hibernate.query.sqm.internal.ConcreteSqmSelectQueryPlan.executeQuery(ConcreteSqmSelectQueryPlan.java:370)
	... 73 common frames omitted
2026-09-17T13:46:58.034+09:00  INFO 1 --- [item-bank-api] [nio-8080-exec-5] c.e.assignment.DistributionService       : redistributed distribution 42 (assignment 4, class 1) reason=STU-1003 결석으로 재배포
2026-09-17T13:46:58.040+09:00 ERROR 1 --- [item-bank-api] [nio-8080-exec-5] c.example.common.GlobalExceptionHandler  : unhandled exception on /api/distributions/42/redistribute
org.springframework.orm.jpa.JpaObjectRetrievalFailureException: Entity `com.example.assignment.Assignment` with identifier value `9` does not exist
	at org.springframework.orm.jpa.EntityManagerFactoryUtils.convertJpaAccessExceptionIfPossible(EntityManagerFactoryUtils.java:379)
	at org.springframework.orm.jpa.vendor.HibernateJpaDialect.translateExceptionIfPossible(HibernateJpaDialect.java:246)
	at org.springframework.orm.jpa.AbstractEntityManagerFactoryBean.translateExceptionIfPossible(AbstractEntityManagerFactoryBean.java:560)
	at org.springframework.dao.support.ChainedPersistenceExceptionTranslator.translateExceptionIfPossible(ChainedPersistenceExceptionTranslator.java:61)
	at org.springframework.dao.support.DataAccessUtils.translateIfNecessary(DataAccessUtils.java:343)
	at org.springframework.dao.support.PersistenceExceptionTranslationInterceptor.invoke(PersistenceExceptionTranslationInterceptor.java:160)
	at org.springframework.aop.framework.ReflectiveMethodInvocation.proceed(ReflectiveMethodInvocation.java:184)
	at org.springframework.aop.framework.JdkDynamicAopProxy.invoke(JdkDynamicAopProxy.java:223)
	at jdk.proxy2/jdk.proxy2.$Proxy141.findByClassRoomIdOrderByDistributedAtAsc(Unknown Source)
	at com.example.assignment.DistributionService.listByClass(DistributionService.java:38)
	at java.base/jdk.internal.reflect.DirectMethodHandleAccessor.invoke(DirectMethodHandleAccessor.java:103)
	at java.base/java.lang.reflect.Method.invoke(Method.java:580)
	at org.springframework.transaction.interceptor.TransactionAspectSupport.invokeWithinTransaction(TransactionAspectSupport.java:392)
	at org.springframework.transaction.interceptor.TransactionInterceptor.invoke(TransactionInterceptor.java:119)
	at org.springframework.aop.framework.ReflectiveMethodInvocation.proceed(ReflectiveMethodInvocation.java:184)
	at org.springframework.aop.framework.CglibAopProxy$DynamicAdvisedInterceptor.intercept(CglibAopProxy.java:720)
	at com.example.assignment.DistributionService$$SpringCGLIB$$0.listByClass(<generated>)
	at com.example.assignment.DistributionController.redistribute(DistributionController.java:40)
	at java.base/jdk.internal.reflect.DirectMethodHandleAccessor.invoke(DirectMethodHandleAccessor.java:103)
	at java.base/java.lang.reflect.Method.invoke(Method.java:580)
	at org.springframework.web.method.support.InvocableHandlerMethod.doInvoke(InvocableHandlerMethod.java:255)
	at org.springframework.web.method.support.InvocableHandlerMethod.invokeForRequest(InvocableHandlerMethod.java:188)
	at org.springframework.web.servlet.mvc.method.annotation.ServletInvocableHandlerMethod.invokeAndHandle(ServletInvocableHandlerMethod.java:118)
	at org.springframework.web.servlet.mvc.method.annotation.RequestMappingHandlerAdapter.invokeHandlerMethod(RequestMappingHandlerAdapter.java:926)
	at org.springframework.web.servlet.DispatcherServlet.doDispatch(DispatcherServlet.java:1089)
	at org.springframework.web.servlet.FrameworkServlet.processRequest(FrameworkServlet.java:1014)
	... 44 more
Caused by: org.hibernate.FetchNotFoundException: Entity `com.example.assignment.Assignment` with identifier value `9` does not exist
	at org.hibernate.internal.SessionFactoryImpl$1.handleEntityNotFound(SessionFactoryImpl.java:305)
	at org.hibernate.sql.results.graph.entity.internal.EntityInitializerImpl.resolveInstance(EntityInitializerImpl.java:1027)
	at org.hibernate.sql.results.internal.InitializersList.resolveInstances(InitializersList.java:48)
	at org.hibernate.sql.results.internal.RowProcessingStateStandardImpl.finishRowProcessing(RowProcessingStateStandardImpl.java:141)
	at org.hibernate.sql.results.spi.ListResultsConsumer.consume(ListResultsConsumer.java:200)
	at org.hibernate.query.sqm.internal.ConcreteSqmSelectQueryPlan.executeQuery(ConcreteSqmSelectQueryPlan.java:370)
	... 73 common frames omitted
2026-09-17T13:47:08.759+09:00  INFO 1 --- [item-bank-api] [nio-8080-exec-1] c.e.assignment.DistributionService       : redistributed distribution 42 (assignment 4, class 1) reason=null
2026-09-17T13:47:08.765+09:00 ERROR 1 --- [item-bank-api] [nio-8080-exec-1] c.example.common.GlobalExceptionHandler  : unhandled exception on /api/distributions/42/redistribute
org.springframework.orm.jpa.JpaObjectRetrievalFailureException: Entity `com.example.assignment.Assignment` with identifier value `9` does not exist
	at org.springframework.orm.jpa.EntityManagerFactoryUtils.convertJpaAccessExceptionIfPossible(EntityManagerFactoryUtils.java:379)
	at org.springframework.orm.jpa.vendor.HibernateJpaDialect.translateExceptionIfPossible(HibernateJpaDialect.java:246)
	at org.springframework.orm.jpa.AbstractEntityManagerFactoryBean.translateExceptionIfPossible(AbstractEntityManagerFactoryBean.java:560)
	at org.springframework.dao.support.ChainedPersistenceExceptionTranslator.translateExceptionIfPossible(ChainedPersistenceExceptionTranslator.java:61)
	at org.springframework.dao.support.DataAccessUtils.translateIfNecessary(DataAccessUtils.java:343)
	at org.springframework.dao.support.PersistenceExceptionTranslationInterceptor.invoke(PersistenceExceptionTranslationInterceptor.java:160)
	at org.springframework.aop.framework.ReflectiveMethodInvocation.proceed(ReflectiveMethodInvocation.java:184)
	at org.springframework.aop.framework.JdkDynamicAopProxy.invoke(JdkDynamicAopProxy.java:223)
	at jdk.proxy2/jdk.proxy2.$Proxy141.findByClassRoomIdOrderByDistributedAtAsc(Unknown Source)
	at com.example.assignment.DistributionService.listByClass(DistributionService.java:38)
	at java.base/jdk.internal.reflect.DirectMethodHandleAccessor.invoke(DirectMethodHandleAccessor.java:103)
	at java.base/java.lang.reflect.Method.invoke(Method.java:580)
	at org.springframework.transaction.interceptor.TransactionAspectSupport.invokeWithinTransaction(TransactionAspectSupport.java:392)
	at org.springframework.transaction.interceptor.TransactionInterceptor.invoke(TransactionInterceptor.java:119)
	at org.springframework.aop.framework.ReflectiveMethodInvocation.proceed(ReflectiveMethodInvocation.java:184)
	at org.springframework.aop.framework.CglibAopProxy$DynamicAdvisedInterceptor.intercept(CglibAopProxy.java:720)
	at com.example.assignment.DistributionService$$SpringCGLIB$$0.listByClass(<generated>)
	at com.example.assignment.DistributionController.redistribute(DistributionController.java:40)
	at java.base/jdk.internal.reflect.DirectMethodHandleAccessor.invoke(DirectMethodHandleAccessor.java:103)
	at java.base/java.lang.reflect.Method.invoke(Method.java:580)
	at org.springframework.web.method.support.InvocableHandlerMethod.doInvoke(InvocableHandlerMethod.java:255)
	at org.springframework.web.method.support.InvocableHandlerMethod.invokeForRequest(InvocableHandlerMethod.java:188)
	at org.springframework.web.servlet.mvc.method.annotation.ServletInvocableHandlerMethod.invokeAndHandle(ServletInvocableHandlerMethod.java:118)
	at org.springframework.web.servlet.mvc.method.annotation.RequestMappingHandlerAdapter.invokeHandlerMethod(RequestMappingHandlerAdapter.java:926)
	at org.springframework.web.servlet.DispatcherServlet.doDispatch(DispatcherServlet.java:1089)
	at org.springframework.web.servlet.FrameworkServlet.processRequest(FrameworkServlet.java:1014)
	... 44 more
Caused by: org.hibernate.FetchNotFoundException: Entity `com.example.assignment.Assignment` with identifier value `9` does not exist
	at org.hibernate.internal.SessionFactoryImpl$1.handleEntityNotFound(SessionFactoryImpl.java:305)
	at org.hibernate.sql.results.graph.entity.internal.EntityInitializerImpl.resolveInstance(EntityInitializerImpl.java:1027)
	at org.hibernate.sql.results.internal.InitializersList.resolveInstances(InitializersList.java:48)
	at org.hibernate.sql.results.internal.RowProcessingStateStandardImpl.finishRowProcessing(RowProcessingStateStandardImpl.java:141)
	at org.hibernate.sql.results.spi.ListResultsConsumer.consume(ListResultsConsumer.java:200)
	at org.hibernate.query.sqm.internal.ConcreteSqmSelectQueryPlan.executeQuery(ConcreteSqmSelectQueryPlan.java:370)
	... 73 common frames omitted
2026-09-17T13:47:10.952+09:00  INFO 1 --- [item-bank-api] [nio-8080-exec-8] c.example.common.GlobalExceptionHandler  : no handler for /favicon.ico
2026-09-17T13:47:46.001+09:00  INFO 1 --- [item-bank-api] [nio-8080-exec-2] c.example.common.GlobalExceptionHandler  : no handler for /apple-touch-icon.png
2026-09-17T13:48:01.929+09:00  INFO 1 --- [item-bank-api] [io-8080-exec-10] c.example.common.GlobalExceptionHandler  : no handler for /api/item/12
2026-09-17T13:48:42.724+09:00  INFO 1 --- [item-bank-api] [io-8080-exec-10] c.example.common.GlobalExceptionHandler  : not found: 문항이 없습니다: id=60 (/api/items/60)
2026-09-17T13:48:43.706+09:00  INFO 1 --- [item-bank-api] [nio-8080-exec-1] c.example.common.GlobalExceptionHandler  : no handler for /robots.txt
2026-09-17T13:50:00.415+09:00  INFO 1 --- [item-bank-api] [nio-8080-exec-9] c.e.assignment.DistributionService       : redistributed distribution 8 (assignment 6, class 2) reason=STU-1003 결석으로 재배포
2026-09-17T13:50:01.497+09:00  INFO 1 --- [item-bank-api] [nio-8080-exec-9] c.example.common.GlobalExceptionHandler  : no handler for /api/item/12
2026-09-17T13:50:12.717+09:00  INFO 1 --- [item-bank-api] [nio-8080-exec-8] c.e.assignment.DistributionService       : redistributed distribution 43 (assignment 6, class 1) reason=STU-1007 요청 — 제출 화면 오류
2026-09-17T13:50:12.723+09:00 ERROR 1 --- [item-bank-api] [nio-8080-exec-8] c.example.common.GlobalExceptionHandler  : unhandled exception on /api/distributions/43/redistribute
org.springframework.orm.jpa.JpaObjectRetrievalFailureException: Entity `com.example.assignment.Assignment` with identifier value `9` does not exist
	at org.springframework.orm.jpa.EntityManagerFactoryUtils.convertJpaAccessExceptionIfPossible(EntityManagerFactoryUtils.java:379)
	at org.springframework.orm.jpa.vendor.HibernateJpaDialect.translateExceptionIfPossible(HibernateJpaDialect.java:246)
	at org.springframework.orm.jpa.AbstractEntityManagerFactoryBean.translateExceptionIfPossible(AbstractEntityManagerFactoryBean.java:560)
	at org.springframework.dao.support.ChainedPersistenceExceptionTranslator.translateExceptionIfPossible(ChainedPersistenceExceptionTranslator.java:61)
	at org.springframework.dao.support.DataAccessUtils.translateIfNecessary(DataAccessUtils.java:343)
	at org.springframework.dao.support.PersistenceExceptionTranslationInterceptor.invoke(PersistenceExceptionTranslationInterceptor.java:160)
	at org.springframework.aop.framework.ReflectiveMethodInvocation.proceed(ReflectiveMethodInvocation.java:184)
	at org.springframework.aop.framework.JdkDynamicAopProxy.invoke(JdkDynamicAopProxy.java:223)
	at jdk.proxy2/jdk.proxy2.$Proxy141.findByClassRoomIdOrderByDistributedAtAsc(Unknown Source)
	at com.example.assignment.DistributionService.listByClass(DistributionService.java:38)
	at java.base/jdk.internal.reflect.DirectMethodHandleAccessor.invoke(DirectMethodHandleAccessor.java:103)
	at java.base/java.lang.reflect.Method.invoke(Method.java:580)
	at org.springframework.transaction.interceptor.TransactionAspectSupport.invokeWithinTransaction(TransactionAspectSupport.java:392)
	at org.springframework.transaction.interceptor.TransactionInterceptor.invoke(TransactionInterceptor.java:119)
	at org.springframework.aop.framework.ReflectiveMethodInvocation.proceed(ReflectiveMethodInvocation.java:184)
	at org.springframework.aop.framework.CglibAopProxy$DynamicAdvisedInterceptor.intercept(CglibAopProxy.java:720)
	at com.example.assignment.DistributionService$$SpringCGLIB$$0.listByClass(<generated>)
	at com.example.assignment.DistributionController.redistribute(DistributionController.java:40)
	at java.base/jdk.internal.reflect.DirectMethodHandleAccessor.invoke(DirectMethodHandleAccessor.java:103)
	at java.base/java.lang.reflect.Method.invoke(Method.java:580)
	at org.springframework.web.method.support.InvocableHandlerMethod.doInvoke(InvocableHandlerMethod.java:255)
	at org.springframework.web.method.support.InvocableHandlerMethod.invokeForRequest(InvocableHandlerMethod.java:188)
	at org.springframework.web.servlet.mvc.method.annotation.ServletInvocableHandlerMethod.invokeAndHandle(ServletInvocableHandlerMethod.java:118)
	at org.springframework.web.servlet.mvc.method.annotation.RequestMappingHandlerAdapter.invokeHandlerMethod(RequestMappingHandlerAdapter.java:926)
	at org.springframework.web.servlet.DispatcherServlet.doDispatch(DispatcherServlet.java:1089)
	at org.springframework.web.servlet.FrameworkServlet.processRequest(FrameworkServlet.java:1014)
	... 44 more
Caused by: org.hibernate.FetchNotFoundException: Entity `com.example.assignment.Assignment` with identifier value `9` does not exist
	at org.hibernate.internal.SessionFactoryImpl$1.handleEntityNotFound(SessionFactoryImpl.java:305)
	at org.hibernate.sql.results.graph.entity.internal.EntityInitializerImpl.resolveInstance(EntityInitializerImpl.java:1027)
	at org.hibernate.sql.results.internal.InitializersList.resolveInstances(InitializersList.java:48)
	at org.hibernate.sql.results.internal.RowProcessingStateStandardImpl.finishRowProcessing(RowProcessingStateStandardImpl.java:141)
	at org.hibernate.sql.results.spi.ListResultsConsumer.consume(ListResultsConsumer.java:200)
	at org.hibernate.query.sqm.internal.ConcreteSqmSelectQueryPlan.executeQuery(ConcreteSqmSelectQueryPlan.java:370)
	... 73 common frames omitted
2026-09-17T13:50:13.269+09:00  INFO 1 --- [item-bank-api] [nio-8080-exec-1] c.e.assignment.DistributionService       : redistributed distribution 43 (assignment 6, class 1) reason=STU-1003 결석으로 재배포
2026-09-17T13:50:13.275+09:00 ERROR 1 --- [item-bank-api] [nio-8080-exec-1] c.example.common.GlobalExceptionHandler  : unhandled exception on /api/distributions/43/redistribute
org.springframework.orm.jpa.JpaObjectRetrievalFailureException: Entity `com.example.assignment.Assignment` with identifier value `9` does not exist
	at org.springframework.orm.jpa.EntityManagerFactoryUtils.convertJpaAccessExceptionIfPossible(EntityManagerFactoryUtils.java:379)
	at org.springframework.orm.jpa.vendor.HibernateJpaDialect.translateExceptionIfPossible(HibernateJpaDialect.java:246)
	at org.springframework.orm.jpa.AbstractEntityManagerFactoryBean.translateExceptionIfPossible(AbstractEntityManagerFactoryBean.java:560)
	at org.springframework.dao.support.ChainedPersistenceExceptionTranslator.translateExceptionIfPossible(ChainedPersistenceExceptionTranslator.java:61)
	at org.springframework.dao.support.DataAccessUtils.translateIfNecessary(DataAccessUtils.java:343)
	at org.springframework.dao.support.PersistenceExceptionTranslationInterceptor.invoke(PersistenceExceptionTranslationInterceptor.java:160)
	at org.springframework.aop.framework.ReflectiveMethodInvocation.proceed(ReflectiveMethodInvocation.java:184)
	at org.springframework.aop.framework.JdkDynamicAopProxy.invoke(JdkDynamicAopProxy.java:223)
	at jdk.proxy2/jdk.proxy2.$Proxy141.findByClassRoomIdOrderByDistributedAtAsc(Unknown Source)
	at com.example.assignment.DistributionService.listByClass(DistributionService.java:38)
	at java.base/jdk.internal.reflect.DirectMethodHandleAccessor.invoke(DirectMethodHandleAccessor.java:103)
	at java.base/java.lang.reflect.Method.invoke(Method.java:580)
	at org.springframework.transaction.interceptor.TransactionAspectSupport.invokeWithinTransaction(TransactionAspectSupport.java:392)
	at org.springframework.transaction.interceptor.TransactionInterceptor.invoke(TransactionInterceptor.java:119)
	at org.springframework.aop.framework.ReflectiveMethodInvocation.proceed(ReflectiveMethodInvocation.java:184)
	at org.springframework.aop.framework.CglibAopProxy$DynamicAdvisedInterceptor.intercept(CglibAopProxy.java:720)
	at com.example.assignment.DistributionService$$SpringCGLIB$$0.listByClass(<generated>)
	at com.example.assignment.DistributionController.redistribute(DistributionController.java:40)
	at java.base/jdk.internal.reflect.DirectMethodHandleAccessor.invoke(DirectMethodHandleAccessor.java:103)
	at java.base/java.lang.reflect.Method.invoke(Method.java:580)
	at org.springframework.web.method.support.InvocableHandlerMethod.doInvoke(InvocableHandlerMethod.java:255)
	at org.springframework.web.method.support.InvocableHandlerMethod.invokeForRequest(InvocableHandlerMethod.java:188)
	at org.springframework.web.servlet.mvc.method.annotation.ServletInvocableHandlerMethod.invokeAndHandle(ServletInvocableHandlerMethod.java:118)
	at org.springframework.web.servlet.mvc.method.annotation.RequestMappingHandlerAdapter.invokeHandlerMethod(RequestMappingHandlerAdapter.java:926)
	at org.springframework.web.servlet.DispatcherServlet.doDispatch(DispatcherServlet.java:1089)
	at org.springframework.web.servlet.FrameworkServlet.processRequest(FrameworkServlet.java:1014)
	... 44 more
Caused by: org.hibernate.FetchNotFoundException: Entity `com.example.assignment.Assignment` with identifier value `9` does not exist
	at org.hibernate.internal.SessionFactoryImpl$1.handleEntityNotFound(SessionFactoryImpl.java:305)
	at org.hibernate.sql.results.graph.entity.internal.EntityInitializerImpl.resolveInstance(EntityInitializerImpl.java:1027)
	at org.hibernate.sql.results.internal.InitializersList.resolveInstances(InitializersList.java:48)
	at org.hibernate.sql.results.internal.RowProcessingStateStandardImpl.finishRowProcessing(RowProcessingStateStandardImpl.java:141)
	at org.hibernate.sql.results.spi.ListResultsConsumer.consume(ListResultsConsumer.java:200)
	at org.hibernate.query.sqm.internal.ConcreteSqmSelectQueryPlan.executeQuery(ConcreteSqmSelectQueryPlan.java:370)
	... 73 common frames omitted
2026-09-17T13:50:19.199+09:00  INFO 1 --- [item-bank-api] [nio-8080-exec-2] c.e.assignment.DistributionService       : redistributed distribution 43 (assignment 6, class 1) reason=STU-1003 결석으로 재배포
2026-09-17T13:50:19.205+09:00 ERROR 1 --- [item-bank-api] [nio-8080-exec-2] c.example.common.GlobalExceptionHandler  : unhandled exception on /api/distributions/43/redistribute
org.springframework.orm.jpa.JpaObjectRetrievalFailureException: Entity `com.example.assignment.Assignment` with identifier value `9` does not exist
	at org.springframework.orm.jpa.EntityManagerFactoryUtils.convertJpaAccessExceptionIfPossible(EntityManagerFactoryUtils.java:379)
	at org.springframework.orm.jpa.vendor.HibernateJpaDialect.translateExceptionIfPossible(HibernateJpaDialect.java:246)
	at org.springframework.orm.jpa.AbstractEntityManagerFactoryBean.translateExceptionIfPossible(AbstractEntityManagerFactoryBean.java:560)
	at org.springframework.dao.support.ChainedPersistenceExceptionTranslator.translateExceptionIfPossible(ChainedPersistenceExceptionTranslator.java:61)
	at org.springframework.dao.support.DataAccessUtils.translateIfNecessary(DataAccessUtils.java:343)
	at org.springframework.dao.support.PersistenceExceptionTranslationInterceptor.invoke(PersistenceExceptionTranslationInterceptor.java:160)
	at org.springframework.aop.framework.ReflectiveMethodInvocation.proceed(ReflectiveMethodInvocation.java:184)
	at org.springframework.aop.framework.JdkDynamicAopProxy.invoke(JdkDynamicAopProxy.java:223)
	at jdk.proxy2/jdk.proxy2.$Proxy141.findByClassRoomIdOrderByDistributedAtAsc(Unknown Source)
	at com.example.assignment.DistributionService.listByClass(DistributionService.java:38)
	at java.base/jdk.internal.reflect.DirectMethodHandleAccessor.invoke(DirectMethodHandleAccessor.java:103)
	at java.base/java.lang.reflect.Method.invoke(Method.java:580)
	at org.springframework.transaction.interceptor.TransactionAspectSupport.invokeWithinTransaction(TransactionAspectSupport.java:392)
	at org.springframework.transaction.interceptor.TransactionInterceptor.invoke(TransactionInterceptor.java:119)
	at org.springframework.aop.framework.ReflectiveMethodInvocation.proceed(ReflectiveMethodInvocation.java:184)
	at org.springframework.aop.framework.CglibAopProxy$DynamicAdvisedInterceptor.intercept(CglibAopProxy.java:720)
	at com.example.assignment.DistributionService$$SpringCGLIB$$0.listByClass(<generated>)
	at com.example.assignment.DistributionController.redistribute(DistributionController.java:40)
	at java.base/jdk.internal.reflect.DirectMethodHandleAccessor.invoke(DirectMethodHandleAccessor.java:103)
	at java.base/java.lang.reflect.Method.invoke(Method.java:580)
	at org.springframework.web.method.support.InvocableHandlerMethod.doInvoke(InvocableHandlerMethod.java:255)
	at org.springframework.web.method.support.InvocableHandlerMethod.invokeForRequest(InvocableHandlerMethod.java:188)
	at org.springframework.web.servlet.mvc.method.annotation.ServletInvocableHandlerMethod.invokeAndHandle(ServletInvocableHandlerMethod.java:118)
	at org.springframework.web.servlet.mvc.method.annotation.RequestMappingHandlerAdapter.invokeHandlerMethod(RequestMappingHandlerAdapter.java:926)
	at org.springframework.web.servlet.DispatcherServlet.doDispatch(DispatcherServlet.java:1089)
	at org.springframework.web.servlet.FrameworkServlet.processRequest(FrameworkServlet.java:1014)
	... 44 more
Caused by: org.hibernate.FetchNotFoundException: Entity `com.example.assignment.Assignment` with identifier value `9` does not exist
	at org.hibernate.internal.SessionFactoryImpl$1.handleEntityNotFound(SessionFactoryImpl.java:305)
	at org.hibernate.sql.results.graph.entity.internal.EntityInitializerImpl.resolveInstance(EntityInitializerImpl.java:1027)
	at org.hibernate.sql.results.internal.InitializersList.resolveInstances(InitializersList.java:48)
	at org.hibernate.sql.results.internal.RowProcessingStateStandardImpl.finishRowProcessing(RowProcessingStateStandardImpl.java:141)
	at org.hibernate.sql.results.spi.ListResultsConsumer.consume(ListResultsConsumer.java:200)
	at org.hibernate.query.sqm.internal.ConcreteSqmSelectQueryPlan.executeQuery(ConcreteSqmSelectQueryPlan.java:370)
	... 73 common frames omitted
2026-09-17T13:50:20.429+09:00  INFO 1 --- [item-bank-api] [nio-8080-exec-2] c.example.common.GlobalExceptionHandler  : no handler for /favicon.ico
2026-09-17T13:50:20.807+09:00  INFO 1 --- [item-bank-api] [nio-8080-exec-5] c.example.common.GlobalExceptionHandler  : no handler for /api/unit
2026-09-17T13:50:43.199+09:00  INFO 1 --- [item-bank-api] [nio-8080-exec-5] c.e.assignment.DistributionService       : redistributed distribution 43 (assignment 6, class 1) reason=STU-1003 결석으로 재배포
2026-09-17T13:50:43.205+09:00 ERROR 1 --- [item-bank-api] [nio-8080-exec-5] c.example.common.GlobalExceptionHandler  : unhandled exception on /api/distributions/43/redistribute
org.springframework.orm.jpa.JpaObjectRetrievalFailureException: Entity `com.example.assignment.Assignment` with identifier value `9` does not exist
	at org.springframework.orm.jpa.EntityManagerFactoryUtils.convertJpaAccessExceptionIfPossible(EntityManagerFactoryUtils.java:379)
	at org.springframework.orm.jpa.vendor.HibernateJpaDialect.translateExceptionIfPossible(HibernateJpaDialect.java:246)
	at org.springframework.orm.jpa.AbstractEntityManagerFactoryBean.translateExceptionIfPossible(AbstractEntityManagerFactoryBean.java:560)
	at org.springframework.dao.support.ChainedPersistenceExceptionTranslator.translateExceptionIfPossible(ChainedPersistenceExceptionTranslator.java:61)
	at org.springframework.dao.support.DataAccessUtils.translateIfNecessary(DataAccessUtils.java:343)
	at org.springframework.dao.support.PersistenceExceptionTranslationInterceptor.invoke(PersistenceExceptionTranslationInterceptor.java:160)
	at org.springframework.aop.framework.ReflectiveMethodInvocation.proceed(ReflectiveMethodInvocation.java:184)
	at org.springframework.aop.framework.JdkDynamicAopProxy.invoke(JdkDynamicAopProxy.java:223)
	at jdk.proxy2/jdk.proxy2.$Proxy141.findByClassRoomIdOrderByDistributedAtAsc(Unknown Source)
	at com.example.assignment.DistributionService.listByClass(DistributionService.java:38)
	at java.base/jdk.internal.reflect.DirectMethodHandleAccessor.invoke(DirectMethodHandleAccessor.java:103)
	at java.base/java.lang.reflect.Method.invoke(Method.java:580)
	at org.springframework.transaction.interceptor.TransactionAspectSupport.invokeWithinTransaction(TransactionAspectSupport.java:392)
	at org.springframework.transaction.interceptor.TransactionInterceptor.invoke(TransactionInterceptor.java:119)
	at org.springframework.aop.framework.ReflectiveMethodInvocation.proceed(ReflectiveMethodInvocation.java:184)
	at org.springframework.aop.framework.CglibAopProxy$DynamicAdvisedInterceptor.intercept(CglibAopProxy.java:720)
	at com.example.assignment.DistributionService$$SpringCGLIB$$0.listByClass(<generated>)
	at com.example.assignment.DistributionController.redistribute(DistributionController.java:40)
	at java.base/jdk.internal.reflect.DirectMethodHandleAccessor.invoke(DirectMethodHandleAccessor.java:103)
	at java.base/java.lang.reflect.Method.invoke(Method.java:580)
	at org.springframework.web.method.support.InvocableHandlerMethod.doInvoke(InvocableHandlerMethod.java:255)
	at org.springframework.web.method.support.InvocableHandlerMethod.invokeForRequest(InvocableHandlerMethod.java:188)
	at org.springframework.web.servlet.mvc.method.annotation.ServletInvocableHandlerMethod.invokeAndHandle(ServletInvocableHandlerMethod.java:118)
	at org.springframework.web.servlet.mvc.method.annotation.RequestMappingHandlerAdapter.invokeHandlerMethod(RequestMappingHandlerAdapter.java:926)
	at org.springframework.web.servlet.DispatcherServlet.doDispatch(DispatcherServlet.java:1089)
	at org.springframework.web.servlet.FrameworkServlet.processRequest(FrameworkServlet.java:1014)
	... 44 more
Caused by: org.hibernate.FetchNotFoundException: Entity `com.example.assignment.Assignment` with identifier value `9` does not exist
	at org.hibernate.internal.SessionFactoryImpl$1.handleEntityNotFound(SessionFactoryImpl.java:305)
	at org.hibernate.sql.results.graph.entity.internal.EntityInitializerImpl.resolveInstance(EntityInitializerImpl.java:1027)
	at org.hibernate.sql.results.internal.InitializersList.resolveInstances(InitializersList.java:48)
	at org.hibernate.sql.results.internal.RowProcessingStateStandardImpl.finishRowProcessing(RowProcessingStateStandardImpl.java:141)
	at org.hibernate.sql.results.spi.ListResultsConsumer.consume(ListResultsConsumer.java:200)
	at org.hibernate.query.sqm.internal.ConcreteSqmSelectQueryPlan.executeQuery(ConcreteSqmSelectQueryPlan.java:370)
	... 73 common frames omitted
2026-09-17T13:51:08.302+09:00  INFO 1 --- [item-bank-api] [nio-8080-exec-6] c.e.assignment.DistributionService       : redistributed distribution 7 (assignment 5, class 3) reason=null
2026-09-17T13:52:13.968+09:00  INFO 1 --- [item-bank-api] [nio-8080-exec-9] c.example.common.GlobalExceptionHandler  : no handler for /api/item/12
2026-09-17T13:52:28.554+09:00  INFO 1 --- [item-bank-api] [nio-8080-exec-6] c.example.common.GlobalExceptionHandler  : not found: 배포가 없습니다: id=13 (/api/distributions/13)
2026-09-17T13:52:34.067+09:00  INFO 1 --- [item-bank-api] [nio-8080-exec-8] c.example.common.GlobalExceptionHandler  : no handler for /api/item/12
2026-09-17T13:52:36.672+09:00  INFO 1 --- [item-bank-api] [nio-8080-exec-3] c.example.common.GlobalExceptionHandler  : not found: 문항이 없습니다: id=32 (/api/items/32)
2026-09-17T13:52:44.023+09:00  INFO 1 --- [item-bank-api] [nio-8080-exec-8] c.e.assignment.DistributionService       : redistributed distribution 42 (assignment 4, class 1) reason=STU-1003 결석으로 재배포
2026-09-17T13:52:44.029+09:00 ERROR 1 --- [item-bank-api] [nio-8080-exec-8] c.example.common.GlobalExceptionHandler  : unhandled exception on /api/distributions/42/redistribute
org.springframework.orm.jpa.JpaObjectRetrievalFailureException: Entity `com.example.assignment.Assignment` with identifier value `9` does not exist
	at org.springframework.orm.jpa.EntityManagerFactoryUtils.convertJpaAccessExceptionIfPossible(EntityManagerFactoryUtils.java:379)
	at org.springframework.orm.jpa.vendor.HibernateJpaDialect.translateExceptionIfPossible(HibernateJpaDialect.java:246)
	at org.springframework.orm.jpa.AbstractEntityManagerFactoryBean.translateExceptionIfPossible(AbstractEntityManagerFactoryBean.java:560)
	at org.springframework.dao.support.ChainedPersistenceExceptionTranslator.translateExceptionIfPossible(ChainedPersistenceExceptionTranslator.java:61)
	at org.springframework.dao.support.DataAccessUtils.translateIfNecessary(DataAccessUtils.java:343)
	at org.springframework.dao.support.PersistenceExceptionTranslationInterceptor.invoke(PersistenceExceptionTranslationInterceptor.java:160)
	at org.springframework.aop.framework.ReflectiveMethodInvocation.proceed(ReflectiveMethodInvocation.java:184)
	at org.springframework.aop.framework.JdkDynamicAopProxy.invoke(JdkDynamicAopProxy.java:223)
	at jdk.proxy2/jdk.proxy2.$Proxy141.findByClassRoomIdOrderByDistributedAtAsc(Unknown Source)
	at com.example.assignment.DistributionService.listByClass(DistributionService.java:38)
	at java.base/jdk.internal.reflect.DirectMethodHandleAccessor.invoke(DirectMethodHandleAccessor.java:103)
	at java.base/java.lang.reflect.Method.invoke(Method.java:580)
	at org.springframework.transaction.interceptor.TransactionAspectSupport.invokeWithinTransaction(TransactionAspectSupport.java:392)
	at org.springframework.transaction.interceptor.TransactionInterceptor.invoke(TransactionInterceptor.java:119)
	at org.springframework.aop.framework.ReflectiveMethodInvocation.proceed(ReflectiveMethodInvocation.java:184)
	at org.springframework.aop.framework.CglibAopProxy$DynamicAdvisedInterceptor.intercept(CglibAopProxy.java:720)
	at com.example.assignment.DistributionService$$SpringCGLIB$$0.listByClass(<generated>)
	at com.example.assignment.DistributionController.redistribute(DistributionController.java:40)
	at java.base/jdk.internal.reflect.DirectMethodHandleAccessor.invoke(DirectMethodHandleAccessor.java:103)
	at java.base/java.lang.reflect.Method.invoke(Method.java:580)
	at org.springframework.web.method.support.InvocableHandlerMethod.doInvoke(InvocableHandlerMethod.java:255)
	at org.springframework.web.method.support.InvocableHandlerMethod.invokeForRequest(InvocableHandlerMethod.java:188)
	at org.springframework.web.servlet.mvc.method.annotation.ServletInvocableHandlerMethod.invokeAndHandle(ServletInvocableHandlerMethod.java:118)
	at org.springframework.web.servlet.mvc.method.annotation.RequestMappingHandlerAdapter.invokeHandlerMethod(RequestMappingHandlerAdapter.java:926)
	at org.springframework.web.servlet.DispatcherServlet.doDispatch(DispatcherServlet.java:1089)
	at org.springframework.web.servlet.FrameworkServlet.processRequest(FrameworkServlet.java:1014)
	... 44 more
Caused by: org.hibernate.FetchNotFoundException: Entity `com.example.assignment.Assignment` with identifier value `9` does not exist
	at org.hibernate.internal.SessionFactoryImpl$1.handleEntityNotFound(SessionFactoryImpl.java:305)
	at org.hibernate.sql.results.graph.entity.internal.EntityInitializerImpl.resolveInstance(EntityInitializerImpl.java:1027)
	at org.hibernate.sql.results.internal.InitializersList.resolveInstances(InitializersList.java:48)
	at org.hibernate.sql.results.internal.RowProcessingStateStandardImpl.finishRowProcessing(RowProcessingStateStandardImpl.java:141)
	at org.hibernate.sql.results.spi.ListResultsConsumer.consume(ListResultsConsumer.java:200)
	at org.hibernate.query.sqm.internal.ConcreteSqmSelectQueryPlan.executeQuery(ConcreteSqmSelectQueryPlan.java:370)
	... 73 common frames omitted
2026-09-17T13:53:00.201+09:00  INFO 1 --- [item-bank-api] [nio-8080-exec-1] c.e.assignment.DistributionService       : redistributed distribution 42 (assignment 4, class 1) reason=STU-1003 결석으로 재배포
2026-09-17T13:53:00.207+09:00 ERROR 1 --- [item-bank-api] [nio-8080-exec-1] c.example.common.GlobalExceptionHandler  : unhandled exception on /api/distributions/42/redistribute
org.springframework.orm.jpa.JpaObjectRetrievalFailureException: Entity `com.example.assignment.Assignment` with identifier value `9` does not exist
	at org.springframework.orm.jpa.EntityManagerFactoryUtils.convertJpaAccessExceptionIfPossible(EntityManagerFactoryUtils.java:379)
	at org.springframework.orm.jpa.vendor.HibernateJpaDialect.translateExceptionIfPossible(HibernateJpaDialect.java:246)
	at org.springframework.orm.jpa.AbstractEntityManagerFactoryBean.translateExceptionIfPossible(AbstractEntityManagerFactoryBean.java:560)
	at org.springframework.dao.support.ChainedPersistenceExceptionTranslator.translateExceptionIfPossible(ChainedPersistenceExceptionTranslator.java:61)
	at org.springframework.dao.support.DataAccessUtils.translateIfNecessary(DataAccessUtils.java:343)
	at org.springframework.dao.support.PersistenceExceptionTranslationInterceptor.invoke(PersistenceExceptionTranslationInterceptor.java:160)
	at org.springframework.aop.framework.ReflectiveMethodInvocation.proceed(ReflectiveMethodInvocation.java:184)
	at org.springframework.aop.framework.JdkDynamicAopProxy.invoke(JdkDynamicAopProxy.java:223)
	at jdk.proxy2/jdk.proxy2.$Proxy141.findByClassRoomIdOrderByDistributedAtAsc(Unknown Source)
	at com.example.assignment.DistributionService.listByClass(DistributionService.java:38)
	at java.base/jdk.internal.reflect.DirectMethodHandleAccessor.invoke(DirectMethodHandleAccessor.java:103)
	at java.base/java.lang.reflect.Method.invoke(Method.java:580)
	at org.springframework.transaction.interceptor.TransactionAspectSupport.invokeWithinTransaction(TransactionAspectSupport.java:392)
	at org.springframework.transaction.interceptor.TransactionInterceptor.invoke(TransactionInterceptor.java:119)
	at org.springframework.aop.framework.ReflectiveMethodInvocation.proceed(ReflectiveMethodInvocation.java:184)
	at org.springframework.aop.framework.CglibAopProxy$DynamicAdvisedInterceptor.intercept(CglibAopProxy.java:720)
	at com.example.assignment.DistributionService$$SpringCGLIB$$0.listByClass(<generated>)
	at com.example.assignment.DistributionController.redistribute(DistributionController.java:40)
	at java.base/jdk.internal.reflect.DirectMethodHandleAccessor.invoke(DirectMethodHandleAccessor.java:103)
	at java.base/java.lang.reflect.Method.invoke(Method.java:580)
	at org.springframework.web.method.support.InvocableHandlerMethod.doInvoke(InvocableHandlerMethod.java:255)
	at org.springframework.web.method.support.InvocableHandlerMethod.invokeForRequest(InvocableHandlerMethod.java:188)
	at org.springframework.web.servlet.mvc.method.annotation.ServletInvocableHandlerMethod.invokeAndHandle(ServletInvocableHandlerMethod.java:118)
	at org.springframework.web.servlet.mvc.method.annotation.RequestMappingHandlerAdapter.invokeHandlerMethod(RequestMappingHandlerAdapter.java:926)
	at org.springframework.web.servlet.DispatcherServlet.doDispatch(DispatcherServlet.java:1089)
	at org.springframework.web.servlet.FrameworkServlet.processRequest(FrameworkServlet.java:1014)
	... 44 more
Caused by: org.hibernate.FetchNotFoundException: Entity `com.example.assignment.Assignment` with identifier value `9` does not exist
	at org.hibernate.internal.SessionFactoryImpl$1.handleEntityNotFound(SessionFactoryImpl.java:305)
	at org.hibernate.sql.results.graph.entity.internal.EntityInitializerImpl.resolveInstance(EntityInitializerImpl.java:1027)
	at org.hibernate.sql.results.internal.InitializersList.resolveInstances(InitializersList.java:48)
	at org.hibernate.sql.results.internal.RowProcessingStateStandardImpl.finishRowProcessing(RowProcessingStateStandardImpl.java:141)
	at org.hibernate.sql.results.spi.ListResultsConsumer.consume(ListResultsConsumer.java:200)
	at org.hibernate.query.sqm.internal.ConcreteSqmSelectQueryPlan.executeQuery(ConcreteSqmSelectQueryPlan.java:370)
	... 73 common frames omitted
2026-09-17T13:53:18.945+09:00  INFO 1 --- [item-bank-api] [nio-8080-exec-5] c.example.common.GlobalExceptionHandler  : not found: 배포가 없습니다: id=14 (/api/distributions/14)
2026-09-17T13:53:27.297+09:00  INFO 1 --- [item-bank-api] [nio-8080-exec-4] com.example.assignment.ReportService     : built class report for class 2: 3 distributions, 10 submissions
2026-09-17T13:53:44.666+09:00  INFO 1 --- [item-bank-api] [nio-8080-exec-6] c.example.common.GlobalExceptionHandler  : no handler for /api/item/12
2026-09-17T13:53:55.113+09:00  INFO 1 --- [item-bank-api] [nio-8080-exec-8] c.example.common.GlobalExceptionHandler  : no handler for /favicon.ico
2026-09-17T13:54:11.555+09:00  INFO 1 --- [item-bank-api] [nio-8080-exec-1] c.example.common.GlobalExceptionHandler  : no handler for /apple-touch-icon.png
2026-09-17T13:54:16.877+09:00  INFO 1 --- [item-bank-api] [nio-8080-exec-7] c.example.common.GlobalExceptionHandler  : no handler for /robots.txt
2026-09-17T13:54:28.466+09:00  INFO 1 --- [item-bank-api] [nio-8080-exec-5] c.example.common.GlobalExceptionHandler  : not found: 문항이 없습니다: id=39 (/api/items/39)
2026-09-17T13:54:31.332+09:00  INFO 1 --- [item-bank-api] [io-8080-exec-10] c.example.common.GlobalExceptionHandler  : no handler for /apple-touch-icon.png
2026-09-17T13:54:56.837+09:00  INFO 1 --- [item-bank-api] [nio-8080-exec-9] c.example.common.GlobalExceptionHandler  : no handler for /api/unit
2026-09-17T13:55:02.401+09:00  INFO 1 --- [item-bank-api] [nio-8080-exec-4] c.example.common.GlobalExceptionHandler  : no handler for /robots.txt
2026-09-17T13:55:20.434+09:00  INFO 1 --- [item-bank-api] [nio-8080-exec-2] c.e.assignment.DistributionService       : redistributed distribution 43 (assignment 6, class 1) reason=null
2026-09-17T13:55:20.440+09:00 ERROR 1 --- [item-bank-api] [nio-8080-exec-2] c.example.common.GlobalExceptionHandler  : unhandled exception on /api/distributions/43/redistribute
org.springframework.orm.jpa.JpaObjectRetrievalFailureException: Entity `com.example.assignment.Assignment` with identifier value `9` does not exist
	at org.springframework.orm.jpa.EntityManagerFactoryUtils.convertJpaAccessExceptionIfPossible(EntityManagerFactoryUtils.java:379)
	at org.springframework.orm.jpa.vendor.HibernateJpaDialect.translateExceptionIfPossible(HibernateJpaDialect.java:246)
	at org.springframework.orm.jpa.AbstractEntityManagerFactoryBean.translateExceptionIfPossible(AbstractEntityManagerFactoryBean.java:560)
	at org.springframework.dao.support.ChainedPersistenceExceptionTranslator.translateExceptionIfPossible(ChainedPersistenceExceptionTranslator.java:61)
	at org.springframework.dao.support.DataAccessUtils.translateIfNecessary(DataAccessUtils.java:343)
	at org.springframework.dao.support.PersistenceExceptionTranslationInterceptor.invoke(PersistenceExceptionTranslationInterceptor.java:160)
	at org.springframework.aop.framework.ReflectiveMethodInvocation.proceed(ReflectiveMethodInvocation.java:184)
	at org.springframework.aop.framework.JdkDynamicAopProxy.invoke(JdkDynamicAopProxy.java:223)
	at jdk.proxy2/jdk.proxy2.$Proxy141.findByClassRoomIdOrderByDistributedAtAsc(Unknown Source)
	at com.example.assignment.DistributionService.listByClass(DistributionService.java:38)
	at java.base/jdk.internal.reflect.DirectMethodHandleAccessor.invoke(DirectMethodHandleAccessor.java:103)
	at java.base/java.lang.reflect.Method.invoke(Method.java:580)
	at org.springframework.transaction.interceptor.TransactionAspectSupport.invokeWithinTransaction(TransactionAspectSupport.java:392)
	at org.springframework.transaction.interceptor.TransactionInterceptor.invoke(TransactionInterceptor.java:119)
	at org.springframework.aop.framework.ReflectiveMethodInvocation.proceed(ReflectiveMethodInvocation.java:184)
	at org.springframework.aop.framework.CglibAopProxy$DynamicAdvisedInterceptor.intercept(CglibAopProxy.java:720)
	at com.example.assignment.DistributionService$$SpringCGLIB$$0.listByClass(<generated>)
	at com.example.assignment.DistributionController.redistribute(DistributionController.java:40)
	at java.base/jdk.internal.reflect.DirectMethodHandleAccessor.invoke(DirectMethodHandleAccessor.java:103)
	at java.base/java.lang.reflect.Method.invoke(Method.java:580)
	at org.springframework.web.method.support.InvocableHandlerMethod.doInvoke(InvocableHandlerMethod.java:255)
	at org.springframework.web.method.support.InvocableHandlerMethod.invokeForRequest(InvocableHandlerMethod.java:188)
	at org.springframework.web.servlet.mvc.method.annotation.ServletInvocableHandlerMethod.invokeAndHandle(ServletInvocableHandlerMethod.java:118)
	at org.springframework.web.servlet.mvc.method.annotation.RequestMappingHandlerAdapter.invokeHandlerMethod(RequestMappingHandlerAdapter.java:926)
	at org.springframework.web.servlet.DispatcherServlet.doDispatch(DispatcherServlet.java:1089)
	at org.springframework.web.servlet.FrameworkServlet.processRequest(FrameworkServlet.java:1014)
	... 44 more
Caused by: org.hibernate.FetchNotFoundException: Entity `com.example.assignment.Assignment` with identifier value `9` does not exist
	at org.hibernate.internal.SessionFactoryImpl$1.handleEntityNotFound(SessionFactoryImpl.java:305)
	at org.hibernate.sql.results.graph.entity.internal.EntityInitializerImpl.resolveInstance(EntityInitializerImpl.java:1027)
	at org.hibernate.sql.results.internal.InitializersList.resolveInstances(InitializersList.java:48)
	at org.hibernate.sql.results.internal.RowProcessingStateStandardImpl.finishRowProcessing(RowProcessingStateStandardImpl.java:141)
	at org.hibernate.sql.results.spi.ListResultsConsumer.consume(ListResultsConsumer.java:200)
	at org.hibernate.query.sqm.internal.ConcreteSqmSelectQueryPlan.executeQuery(ConcreteSqmSelectQueryPlan.java:370)
	... 73 common frames omitted
2026-09-17T13:55:37.781+09:00  INFO 1 --- [item-bank-api] [io-8080-exec-10] c.e.assignment.DistributionService       : redistributed distribution 43 (assignment 6, class 1) reason=STU-1003 보충 제출 기회
2026-09-17T13:55:37.787+09:00 ERROR 1 --- [item-bank-api] [io-8080-exec-10] c.example.common.GlobalExceptionHandler  : unhandled exception on /api/distributions/43/redistribute
org.springframework.orm.jpa.JpaObjectRetrievalFailureException: Entity `com.example.assignment.Assignment` with identifier value `9` does not exist
	at org.springframework.orm.jpa.EntityManagerFactoryUtils.convertJpaAccessExceptionIfPossible(EntityManagerFactoryUtils.java:379)
	at org.springframework.orm.jpa.vendor.HibernateJpaDialect.translateExceptionIfPossible(HibernateJpaDialect.java:246)
	at org.springframework.orm.jpa.AbstractEntityManagerFactoryBean.translateExceptionIfPossible(AbstractEntityManagerFactoryBean.java:560)
	at org.springframework.dao.support.ChainedPersistenceExceptionTranslator.translateExceptionIfPossible(ChainedPersistenceExceptionTranslator.java:61)
	at org.springframework.dao.support.DataAccessUtils.translateIfNecessary(DataAccessUtils.java:343)
	at org.springframework.dao.support.PersistenceExceptionTranslationInterceptor.invoke(PersistenceExceptionTranslationInterceptor.java:160)
	at org.springframework.aop.framework.ReflectiveMethodInvocation.proceed(ReflectiveMethodInvocation.java:184)
	at org.springframework.aop.framework.JdkDynamicAopProxy.invoke(JdkDynamicAopProxy.java:223)
	at jdk.proxy2/jdk.proxy2.$Proxy141.findByClassRoomIdOrderByDistributedAtAsc(Unknown Source)
	at com.example.assignment.DistributionService.listByClass(DistributionService.java:38)
	at java.base/jdk.internal.reflect.DirectMethodHandleAccessor.invoke(DirectMethodHandleAccessor.java:103)
	at java.base/java.lang.reflect.Method.invoke(Method.java:580)
	at org.springframework.transaction.interceptor.TransactionAspectSupport.invokeWithinTransaction(TransactionAspectSupport.java:392)
	at org.springframework.transaction.interceptor.TransactionInterceptor.invoke(TransactionInterceptor.java:119)
	at org.springframework.aop.framework.ReflectiveMethodInvocation.proceed(ReflectiveMethodInvocation.java:184)
	at org.springframework.aop.framework.CglibAopProxy$DynamicAdvisedInterceptor.intercept(CglibAopProxy.java:720)
	at com.example.assignment.DistributionService$$SpringCGLIB$$0.listByClass(<generated>)
	at com.example.assignment.DistributionController.redistribute(DistributionController.java:40)
	at java.base/jdk.internal.reflect.DirectMethodHandleAccessor.invoke(DirectMethodHandleAccessor.java:103)
	at java.base/java.lang.reflect.Method.invoke(Method.java:580)
	at org.springframework.web.method.support.InvocableHandlerMethod.doInvoke(InvocableHandlerMethod.java:255)
	at org.springframework.web.method.support.InvocableHandlerMethod.invokeForRequest(InvocableHandlerMethod.java:188)
	at org.springframework.web.servlet.mvc.method.annotation.ServletInvocableHandlerMethod.invokeAndHandle(ServletInvocableHandlerMethod.java:118)
	at org.springframework.web.servlet.mvc.method.annotation.RequestMappingHandlerAdapter.invokeHandlerMethod(RequestMappingHandlerAdapter.java:926)
	at org.springframework.web.servlet.DispatcherServlet.doDispatch(DispatcherServlet.java:1089)
	at org.springframework.web.servlet.FrameworkServlet.processRequest(FrameworkServlet.java:1014)
	... 44 more
Caused by: org.hibernate.FetchNotFoundException: Entity `com.example.assignment.Assignment` with identifier value `9` does not exist
	at org.hibernate.internal.SessionFactoryImpl$1.handleEntityNotFound(SessionFactoryImpl.java:305)
	at org.hibernate.sql.results.graph.entity.internal.EntityInitializerImpl.resolveInstance(EntityInitializerImpl.java:1027)
	at org.hibernate.sql.results.internal.InitializersList.resolveInstances(InitializersList.java:48)
	at org.hibernate.sql.results.internal.RowProcessingStateStandardImpl.finishRowProcessing(RowProcessingStateStandardImpl.java:141)
	at org.hibernate.sql.results.spi.ListResultsConsumer.consume(ListResultsConsumer.java:200)
	at org.hibernate.query.sqm.internal.ConcreteSqmSelectQueryPlan.executeQuery(ConcreteSqmSelectQueryPlan.java:370)
	... 73 common frames omitted
2026-09-17T13:55:49.619+09:00  INFO 1 --- [item-bank-api] [nio-8080-exec-7] c.e.assignment.DistributionService       : redistributed distribution 43 (assignment 6, class 1) reason=STU-1007 요청 — 제출 화면 오류
2026-09-17T13:55:49.625+09:00 ERROR 1 --- [item-bank-api] [nio-8080-exec-7] c.example.common.GlobalExceptionHandler  : unhandled exception on /api/distributions/43/redistribute
org.springframework.orm.jpa.JpaObjectRetrievalFailureException: Entity `com.example.assignment.Assignment` with identifier value `9` does not exist
	at org.springframework.orm.jpa.EntityManagerFactoryUtils.convertJpaAccessExceptionIfPossible(EntityManagerFactoryUtils.java:379)
	at org.springframework.orm.jpa.vendor.HibernateJpaDialect.translateExceptionIfPossible(HibernateJpaDialect.java:246)
	at org.springframework.orm.jpa.AbstractEntityManagerFactoryBean.translateExceptionIfPossible(AbstractEntityManagerFactoryBean.java:560)
	at org.springframework.dao.support.ChainedPersistenceExceptionTranslator.translateExceptionIfPossible(ChainedPersistenceExceptionTranslator.java:61)
	at org.springframework.dao.support.DataAccessUtils.translateIfNecessary(DataAccessUtils.java:343)
	at org.springframework.dao.support.PersistenceExceptionTranslationInterceptor.invoke(PersistenceExceptionTranslationInterceptor.java:160)
	at org.springframework.aop.framework.ReflectiveMethodInvocation.proceed(ReflectiveMethodInvocation.java:184)
	at org.springframework.aop.framework.JdkDynamicAopProxy.invoke(JdkDynamicAopProxy.java:223)
	at jdk.proxy2/jdk.proxy2.$Proxy141.findByClassRoomIdOrderByDistributedAtAsc(Unknown Source)
	at com.example.assignment.DistributionService.listByClass(DistributionService.java:38)
	at java.base/jdk.internal.reflect.DirectMethodHandleAccessor.invoke(DirectMethodHandleAccessor.java:103)
	at java.base/java.lang.reflect.Method.invoke(Method.java:580)
	at org.springframework.transaction.interceptor.TransactionAspectSupport.invokeWithinTransaction(TransactionAspectSupport.java:392)
	at org.springframework.transaction.interceptor.TransactionInterceptor.invoke(TransactionInterceptor.java:119)
	at org.springframework.aop.framework.ReflectiveMethodInvocation.proceed(ReflectiveMethodInvocation.java:184)
	at org.springframework.aop.framework.CglibAopProxy$DynamicAdvisedInterceptor.intercept(CglibAopProxy.java:720)
	at com.example.assignment.DistributionService$$SpringCGLIB$$0.listByClass(<generated>)
	at com.example.assignment.DistributionController.redistribute(DistributionController.java:40)
	at java.base/jdk.internal.reflect.DirectMethodHandleAccessor.invoke(DirectMethodHandleAccessor.java:103)
	at java.base/java.lang.reflect.Method.invoke(Method.java:580)
	at org.springframework.web.method.support.InvocableHandlerMethod.doInvoke(InvocableHandlerMethod.java:255)
	at org.springframework.web.method.support.InvocableHandlerMethod.invokeForRequest(InvocableHandlerMethod.java:188)
	at org.springframework.web.servlet.mvc.method.annotation.ServletInvocableHandlerMethod.invokeAndHandle(ServletInvocableHandlerMethod.java:118)
	at org.springframework.web.servlet.mvc.method.annotation.RequestMappingHandlerAdapter.invokeHandlerMethod(RequestMappingHandlerAdapter.java:926)
	at org.springframework.web.servlet.DispatcherServlet.doDispatch(DispatcherServlet.java:1089)
	at org.springframework.web.servlet.FrameworkServlet.processRequest(FrameworkServlet.java:1014)
	... 44 more
Caused by: org.hibernate.FetchNotFoundException: Entity `com.example.assignment.Assignment` with identifier value `9` does not exist
	at org.hibernate.internal.SessionFactoryImpl$1.handleEntityNotFound(SessionFactoryImpl.java:305)
	at org.hibernate.sql.results.graph.entity.internal.EntityInitializerImpl.resolveInstance(EntityInitializerImpl.java:1027)
	at org.hibernate.sql.results.internal.InitializersList.resolveInstances(InitializersList.java:48)
	at org.hibernate.sql.results.internal.RowProcessingStateStandardImpl.finishRowProcessing(RowProcessingStateStandardImpl.java:141)
	at org.hibernate.sql.results.spi.ListResultsConsumer.consume(ListResultsConsumer.java:200)
	at org.hibernate.query.sqm.internal.ConcreteSqmSelectQueryPlan.executeQuery(ConcreteSqmSelectQueryPlan.java:370)
	... 73 common frames omitted
2026-09-17T13:56:43.437+09:00  INFO 1 --- [item-bank-api] [nio-8080-exec-1] c.e.assignment.DistributionService       : redistributed distribution 44 (assignment 5, class 2) reason=STU-1003 결석으로 재배포
2026-09-17T13:57:06.157+09:00  INFO 1 --- [item-bank-api] [io-8080-exec-10] c.example.common.GlobalExceptionHandler  : no handler for /favicon.ico
2026-09-17T13:57:41.111+09:00  INFO 1 --- [item-bank-api] [nio-8080-exec-6] c.example.common.GlobalExceptionHandler  : no handler for /favicon.ico
2026-09-17T13:57:45.189+09:00  INFO 1 --- [item-bank-api] [io-8080-exec-10] c.example.common.GlobalExceptionHandler  : no handler for /api/item/12
2026-09-17T13:58:03.926+09:00  INFO 1 --- [item-bank-api] [nio-8080-exec-7] c.e.assignment.DistributionService       : redistributed distribution 42 (assignment 4, class 1) reason=STU-1003 결석으로 재배포
2026-09-17T13:58:03.932+09:00 ERROR 1 --- [item-bank-api] [nio-8080-exec-7] c.example.common.GlobalExceptionHandler  : unhandled exception on /api/distributions/42/redistribute
org.springframework.orm.jpa.JpaObjectRetrievalFailureException: Entity `com.example.assignment.Assignment` with identifier value `9` does not exist
	at org.springframework.orm.jpa.EntityManagerFactoryUtils.convertJpaAccessExceptionIfPossible(EntityManagerFactoryUtils.java:379)
	at org.springframework.orm.jpa.vendor.HibernateJpaDialect.translateExceptionIfPossible(HibernateJpaDialect.java:246)
	at org.springframework.orm.jpa.AbstractEntityManagerFactoryBean.translateExceptionIfPossible(AbstractEntityManagerFactoryBean.java:560)
	at org.springframework.dao.support.ChainedPersistenceExceptionTranslator.translateExceptionIfPossible(ChainedPersistenceExceptionTranslator.java:61)
	at org.springframework.dao.support.DataAccessUtils.translateIfNecessary(DataAccessUtils.java:343)
	at org.springframework.dao.support.PersistenceExceptionTranslationInterceptor.invoke(PersistenceExceptionTranslationInterceptor.java:160)
	at org.springframework.aop.framework.ReflectiveMethodInvocation.proceed(ReflectiveMethodInvocation.java:184)
	at org.springframework.aop.framework.JdkDynamicAopProxy.invoke(JdkDynamicAopProxy.java:223)
	at jdk.proxy2/jdk.proxy2.$Proxy141.findByClassRoomIdOrderByDistributedAtAsc(Unknown Source)
	at com.example.assignment.DistributionService.listByClass(DistributionService.java:38)
	at java.base/jdk.internal.reflect.DirectMethodHandleAccessor.invoke(DirectMethodHandleAccessor.java:103)
	at java.base/java.lang.reflect.Method.invoke(Method.java:580)
	at org.springframework.transaction.interceptor.TransactionAspectSupport.invokeWithinTransaction(TransactionAspectSupport.java:392)
	at org.springframework.transaction.interceptor.TransactionInterceptor.invoke(TransactionInterceptor.java:119)
	at org.springframework.aop.framework.ReflectiveMethodInvocation.proceed(ReflectiveMethodInvocation.java:184)
	at org.springframework.aop.framework.CglibAopProxy$DynamicAdvisedInterceptor.intercept(CglibAopProxy.java:720)
	at com.example.assignment.DistributionService$$SpringCGLIB$$0.listByClass(<generated>)
	at com.example.assignment.DistributionController.redistribute(DistributionController.java:40)
	at java.base/jdk.internal.reflect.DirectMethodHandleAccessor.invoke(DirectMethodHandleAccessor.java:103)
	at java.base/java.lang.reflect.Method.invoke(Method.java:580)
	at org.springframework.web.method.support.InvocableHandlerMethod.doInvoke(InvocableHandlerMethod.java:255)
	at org.springframework.web.method.support.InvocableHandlerMethod.invokeForRequest(InvocableHandlerMethod.java:188)
	at org.springframework.web.servlet.mvc.method.annotation.ServletInvocableHandlerMethod.invokeAndHandle(ServletInvocableHandlerMethod.java:118)
	at org.springframework.web.servlet.mvc.method.annotation.RequestMappingHandlerAdapter.invokeHandlerMethod(RequestMappingHandlerAdapter.java:926)
	at org.springframework.web.servlet.DispatcherServlet.doDispatch(DispatcherServlet.java:1089)
	at org.springframework.web.servlet.FrameworkServlet.processRequest(FrameworkServlet.java:1014)
	... 44 more
Caused by: org.hibernate.FetchNotFoundException: Entity `com.example.assignment.Assignment` with identifier value `9` does not exist
	at org.hibernate.internal.SessionFactoryImpl$1.handleEntityNotFound(SessionFactoryImpl.java:305)
	at org.hibernate.sql.results.graph.entity.internal.EntityInitializerImpl.resolveInstance(EntityInitializerImpl.java:1027)
	at org.hibernate.sql.results.internal.InitializersList.resolveInstances(InitializersList.java:48)
	at org.hibernate.sql.results.internal.RowProcessingStateStandardImpl.finishRowProcessing(RowProcessingStateStandardImpl.java:141)
	at org.hibernate.sql.results.spi.ListResultsConsumer.consume(ListResultsConsumer.java:200)
	at org.hibernate.query.sqm.internal.ConcreteSqmSelectQueryPlan.executeQuery(ConcreteSqmSelectQueryPlan.java:370)
	... 73 common frames omitted
2026-09-17T13:58:08.636+09:00  INFO 1 --- [item-bank-api] [nio-8080-exec-2] c.example.common.GlobalExceptionHandler  : no handler for /apple-touch-icon.png
2026-09-17T13:58:13.845+09:00  INFO 1 --- [item-bank-api] [io-8080-exec-10] c.e.assignment.DistributionService       : redistributed distribution 42 (assignment 4, class 1) reason=STU-1003 결석으로 재배포
2026-09-17T13:58:13.851+09:00 ERROR 1 --- [item-bank-api] [io-8080-exec-10] c.example.common.GlobalExceptionHandler  : unhandled exception on /api/distributions/42/redistribute
org.springframework.orm.jpa.JpaObjectRetrievalFailureException: Entity `com.example.assignment.Assignment` with identifier value `9` does not exist
	at org.springframework.orm.jpa.EntityManagerFactoryUtils.convertJpaAccessExceptionIfPossible(EntityManagerFactoryUtils.java:379)
	at org.springframework.orm.jpa.vendor.HibernateJpaDialect.translateExceptionIfPossible(HibernateJpaDialect.java:246)
	at org.springframework.orm.jpa.AbstractEntityManagerFactoryBean.translateExceptionIfPossible(AbstractEntityManagerFactoryBean.java:560)
	at org.springframework.dao.support.ChainedPersistenceExceptionTranslator.translateExceptionIfPossible(ChainedPersistenceExceptionTranslator.java:61)
	at org.springframework.dao.support.DataAccessUtils.translateIfNecessary(DataAccessUtils.java:343)
	at org.springframework.dao.support.PersistenceExceptionTranslationInterceptor.invoke(PersistenceExceptionTranslationInterceptor.java:160)
	at org.springframework.aop.framework.ReflectiveMethodInvocation.proceed(ReflectiveMethodInvocation.java:184)
	at org.springframework.aop.framework.JdkDynamicAopProxy.invoke(JdkDynamicAopProxy.java:223)
	at jdk.proxy2/jdk.proxy2.$Proxy141.findByClassRoomIdOrderByDistributedAtAsc(Unknown Source)
	at com.example.assignment.DistributionService.listByClass(DistributionService.java:38)
	at java.base/jdk.internal.reflect.DirectMethodHandleAccessor.invoke(DirectMethodHandleAccessor.java:103)
	at java.base/java.lang.reflect.Method.invoke(Method.java:580)
	at org.springframework.transaction.interceptor.TransactionAspectSupport.invokeWithinTransaction(TransactionAspectSupport.java:392)
	at org.springframework.transaction.interceptor.TransactionInterceptor.invoke(TransactionInterceptor.java:119)
	at org.springframework.aop.framework.ReflectiveMethodInvocation.proceed(ReflectiveMethodInvocation.java:184)
	at org.springframework.aop.framework.CglibAopProxy$DynamicAdvisedInterceptor.intercept(CglibAopProxy.java:720)
	at com.example.assignment.DistributionService$$SpringCGLIB$$0.listByClass(<generated>)
	at com.example.assignment.DistributionController.redistribute(DistributionController.java:40)
	at java.base/jdk.internal.reflect.DirectMethodHandleAccessor.invoke(DirectMethodHandleAccessor.java:103)
	at java.base/java.lang.reflect.Method.invoke(Method.java:580)
	at org.springframework.web.method.support.InvocableHandlerMethod.doInvoke(InvocableHandlerMethod.java:255)
	at org.springframework.web.method.support.InvocableHandlerMethod.invokeForRequest(InvocableHandlerMethod.java:188)
	at org.springframework.web.servlet.mvc.method.annotation.ServletInvocableHandlerMethod.invokeAndHandle(ServletInvocableHandlerMethod.java:118)
	at org.springframework.web.servlet.mvc.method.annotation.RequestMappingHandlerAdapter.invokeHandlerMethod(RequestMappingHandlerAdapter.java:926)
	at org.springframework.web.servlet.DispatcherServlet.doDispatch(DispatcherServlet.java:1089)
	at org.springframework.web.servlet.FrameworkServlet.processRequest(FrameworkServlet.java:1014)
	... 44 more
Caused by: org.hibernate.FetchNotFoundException: Entity `com.example.assignment.Assignment` with identifier value `9` does not exist
	at org.hibernate.internal.SessionFactoryImpl$1.handleEntityNotFound(SessionFactoryImpl.java:305)
	at org.hibernate.sql.results.graph.entity.internal.EntityInitializerImpl.resolveInstance(EntityInitializerImpl.java:1027)
	at org.hibernate.sql.results.internal.InitializersList.resolveInstances(InitializersList.java:48)
	at org.hibernate.sql.results.internal.RowProcessingStateStandardImpl.finishRowProcessing(RowProcessingStateStandardImpl.java:141)
	at org.hibernate.sql.results.spi.ListResultsConsumer.consume(ListResultsConsumer.java:200)
	at org.hibernate.query.sqm.internal.ConcreteSqmSelectQueryPlan.executeQuery(ConcreteSqmSelectQueryPlan.java:370)
	... 73 common frames omitted
2026-09-17T13:58:43.094+09:00  INFO 1 --- [item-bank-api] [nio-8080-exec-3] c.example.common.GlobalExceptionHandler  : no handler for /api/item/12
2026-09-17T13:59:28.884+09:00  INFO 1 --- [item-bank-api] [nio-8080-exec-8] c.example.common.GlobalExceptionHandler  : no handler for /favicon.ico
2026-09-17T13:59:30.918+09:00  WARN 1 --- [item-bank-api] [nio-8080-exec-1] c.example.common.GlobalExceptionHandler  : state conflict: 마감된 과제는 재배포할 수 없습니다: distributionId=3 (/api/distributions/3/redistribute)
2026-09-17T13:59:44.300+09:00  INFO 1 --- [item-bank-api] [nio-8080-exec-9] c.example.common.GlobalExceptionHandler  : no handler for /api/unit
2026-09-17T13:59:51.254+09:00  INFO 1 --- [item-bank-api] [nio-8080-exec-8] c.example.common.GlobalExceptionHandler  : no handler for /api/unit
2026-09-17T14:00:08.029+09:00  INFO 1 --- [item-bank-api] [nio-8080-exec-4] com.example.assignment.ReportService     : built class report for class 2: 3 distributions, 10 submissions
2026-09-17T14:00:14.843+09:00  INFO 1 --- [item-bank-api] [nio-8080-exec-9] c.example.common.GlobalExceptionHandler  : no handler for /apple-touch-icon.png
2026-09-17T14:00:18.957+09:00  INFO 1 --- [item-bank-api] [nio-8080-exec-8] c.example.common.GlobalExceptionHandler  : no handler for /favicon.ico
2026-09-17T14:00:20.198+09:00  INFO 1 --- [item-bank-api] [nio-8080-exec-5] c.example.common.GlobalExceptionHandler  : not found: 문항이 없습니다: id=64 (/api/items/64)
2026-09-17T14:00:37.116+09:00  INFO 1 --- [item-bank-api] [nio-8080-exec-7] c.example.common.GlobalExceptionHandler  : not found: 문항이 없습니다: id=63 (/api/items/63)
2026-09-17T14:00:45.714+09:00  INFO 1 --- [item-bank-api] [nio-8080-exec-8] c.example.common.GlobalExceptionHandler  : not found: 문항이 없습니다: id=51 (/api/items/51)
2026-09-17T14:00:52.654+09:00  INFO 1 --- [item-bank-api] [nio-8080-exec-1] com.example.assignment.ReportService     : built class report for class 3: 3 distributions, 10 submissions
2026-09-17T14:01:00.976+09:00  INFO 1 --- [item-bank-api] [nio-8080-exec-8] c.example.common.GlobalExceptionHandler  : not found: 문항이 없습니다: id=50 (/api/items/50)
2026-09-17T14:01:19.119+09:00  INFO 1 --- [item-bank-api] [nio-8080-exec-4] c.example.common.GlobalExceptionHandler  : not found: 배포가 없습니다: id=12 (/api/distributions/12)
2026-09-17T14:01:19.488+09:00  INFO 1 --- [item-bank-api] [nio-8080-exec-2] c.example.common.GlobalExceptionHandler  : no handler for /favicon.ico
2026-09-17T14:01:46.349+09:00  INFO 1 --- [item-bank-api] [io-8080-exec-10] c.example.common.GlobalExceptionHandler  : no handler for /api/unit
2026-09-17T14:01:50.946+09:00  INFO 1 --- [item-bank-api] [nio-8080-exec-1] c.example.common.GlobalExceptionHandler  : no handler for /api/item/12
2026-09-17T14:01:58.521+09:00  INFO 1 --- [item-bank-api] [nio-8080-exec-2] c.example.common.GlobalExceptionHandler  : no handler for /robots.txt
2026-09-17T14:02:05.641+09:00  INFO 1 --- [item-bank-api] [nio-8080-exec-4] com.example.assignment.ReportService     : built class report for class 3: 3 distributions, 10 submissions
2026-09-17T14:02:26.604+09:00  INFO 1 --- [item-bank-api] [nio-8080-exec-5] c.example.common.GlobalExceptionHandler  : not found: 배포가 없습니다: id=11 (/api/distributions/11)
2026-09-17T14:02:32.847+09:00  INFO 1 --- [item-bank-api] [nio-8080-exec-1] c.example.common.GlobalExceptionHandler  : no handler for /favicon.ico
2026-09-17T14:02:43.329+09:00  INFO 1 --- [item-bank-api] [nio-8080-exec-1] c.example.common.GlobalExceptionHandler  : no handler for /robots.txt
2026-09-17T14:02:45.634+09:00  INFO 1 --- [item-bank-api] [nio-8080-exec-2] c.e.assignment.DistributionService       : redistributed distribution 42 (assignment 4, class 1) reason=null
2026-09-17T14:02:45.640+09:00 ERROR 1 --- [item-bank-api] [nio-8080-exec-2] c.example.common.GlobalExceptionHandler  : unhandled exception on /api/distributions/42/redistribute
org.springframework.orm.jpa.JpaObjectRetrievalFailureException: Entity `com.example.assignment.Assignment` with identifier value `9` does not exist
	at org.springframework.orm.jpa.EntityManagerFactoryUtils.convertJpaAccessExceptionIfPossible(EntityManagerFactoryUtils.java:379)
	at org.springframework.orm.jpa.vendor.HibernateJpaDialect.translateExceptionIfPossible(HibernateJpaDialect.java:246)
	at org.springframework.orm.jpa.AbstractEntityManagerFactoryBean.translateExceptionIfPossible(AbstractEntityManagerFactoryBean.java:560)
	at org.springframework.dao.support.ChainedPersistenceExceptionTranslator.translateExceptionIfPossible(ChainedPersistenceExceptionTranslator.java:61)
	at org.springframework.dao.support.DataAccessUtils.translateIfNecessary(DataAccessUtils.java:343)
	at org.springframework.dao.support.PersistenceExceptionTranslationInterceptor.invoke(PersistenceExceptionTranslationInterceptor.java:160)
	at org.springframework.aop.framework.ReflectiveMethodInvocation.proceed(ReflectiveMethodInvocation.java:184)
	at org.springframework.aop.framework.JdkDynamicAopProxy.invoke(JdkDynamicAopProxy.java:223)
	at jdk.proxy2/jdk.proxy2.$Proxy141.findByClassRoomIdOrderByDistributedAtAsc(Unknown Source)
	at com.example.assignment.DistributionService.listByClass(DistributionService.java:38)
	at java.base/jdk.internal.reflect.DirectMethodHandleAccessor.invoke(DirectMethodHandleAccessor.java:103)
	at java.base/java.lang.reflect.Method.invoke(Method.java:580)
	at org.springframework.transaction.interceptor.TransactionAspectSupport.invokeWithinTransaction(TransactionAspectSupport.java:392)
	at org.springframework.transaction.interceptor.TransactionInterceptor.invoke(TransactionInterceptor.java:119)
	at org.springframework.aop.framework.ReflectiveMethodInvocation.proceed(ReflectiveMethodInvocation.java:184)
	at org.springframework.aop.framework.CglibAopProxy$DynamicAdvisedInterceptor.intercept(CglibAopProxy.java:720)
	at com.example.assignment.DistributionService$$SpringCGLIB$$0.listByClass(<generated>)
	at com.example.assignment.DistributionController.redistribute(DistributionController.java:40)
	at java.base/jdk.internal.reflect.DirectMethodHandleAccessor.invoke(DirectMethodHandleAccessor.java:103)
	at java.base/java.lang.reflect.Method.invoke(Method.java:580)
	at org.springframework.web.method.support.InvocableHandlerMethod.doInvoke(InvocableHandlerMethod.java:255)
	at org.springframework.web.method.support.InvocableHandlerMethod.invokeForRequest(InvocableHandlerMethod.java:188)
	at org.springframework.web.servlet.mvc.method.annotation.ServletInvocableHandlerMethod.invokeAndHandle(ServletInvocableHandlerMethod.java:118)
	at org.springframework.web.servlet.mvc.method.annotation.RequestMappingHandlerAdapter.invokeHandlerMethod(RequestMappingHandlerAdapter.java:926)
	at org.springframework.web.servlet.DispatcherServlet.doDispatch(DispatcherServlet.java:1089)
	at org.springframework.web.servlet.FrameworkServlet.processRequest(FrameworkServlet.java:1014)
	... 44 more
Caused by: org.hibernate.FetchNotFoundException: Entity `com.example.assignment.Assignment` with identifier value `9` does not exist
	at org.hibernate.internal.SessionFactoryImpl$1.handleEntityNotFound(SessionFactoryImpl.java:305)
	at org.hibernate.sql.results.graph.entity.internal.EntityInitializerImpl.resolveInstance(EntityInitializerImpl.java:1027)
	at org.hibernate.sql.results.internal.InitializersList.resolveInstances(InitializersList.java:48)
	at org.hibernate.sql.results.internal.RowProcessingStateStandardImpl.finishRowProcessing(RowProcessingStateStandardImpl.java:141)
	at org.hibernate.sql.results.spi.ListResultsConsumer.consume(ListResultsConsumer.java:200)
	at org.hibernate.query.sqm.internal.ConcreteSqmSelectQueryPlan.executeQuery(ConcreteSqmSelectQueryPlan.java:370)
	... 73 common frames omitted
2026-09-17T14:02:47.827+09:00  INFO 1 --- [item-bank-api] [nio-8080-exec-3] c.example.common.GlobalExceptionHandler  : not found: 단원이 없습니다: code=M7-1 (/api/units/M7-1/items)
2026-09-17T14:02:49.515+09:00  INFO 1 --- [item-bank-api] [nio-8080-exec-9] c.example.common.GlobalExceptionHandler  : no handler for /robots.txt
2026-09-17T14:02:51.447+09:00  INFO 1 --- [item-bank-api] [nio-8080-exec-6] c.e.assignment.DistributionService       : redistributed distribution 42 (assignment 4, class 1) reason=STU-1003 결석으로 재배포
2026-09-17T14:02:51.453+09:00 ERROR 1 --- [item-bank-api] [nio-8080-exec-6] c.example.common.GlobalExceptionHandler  : unhandled exception on /api/distributions/42/redistribute
org.springframework.orm.jpa.JpaObjectRetrievalFailureException: Entity `com.example.assignment.Assignment` with identifier value `9` does not exist
	at org.springframework.orm.jpa.EntityManagerFactoryUtils.convertJpaAccessExceptionIfPossible(EntityManagerFactoryUtils.java:379)
	at org.springframework.orm.jpa.vendor.HibernateJpaDialect.translateExceptionIfPossible(HibernateJpaDialect.java:246)
	at org.springframework.orm.jpa.AbstractEntityManagerFactoryBean.translateExceptionIfPossible(AbstractEntityManagerFactoryBean.java:560)
	at org.springframework.dao.support.ChainedPersistenceExceptionTranslator.translateExceptionIfPossible(ChainedPersistenceExceptionTranslator.java:61)
	at org.springframework.dao.support.DataAccessUtils.translateIfNecessary(DataAccessUtils.java:343)
	at org.springframework.dao.support.PersistenceExceptionTranslationInterceptor.invoke(PersistenceExceptionTranslationInterceptor.java:160)
	at org.springframework.aop.framework.ReflectiveMethodInvocation.proceed(ReflectiveMethodInvocation.java:184)
	at org.springframework.aop.framework.JdkDynamicAopProxy.invoke(JdkDynamicAopProxy.java:223)
	at jdk.proxy2/jdk.proxy2.$Proxy141.findByClassRoomIdOrderByDistributedAtAsc(Unknown Source)
	at com.example.assignment.DistributionService.listByClass(DistributionService.java:38)
	at java.base/jdk.internal.reflect.DirectMethodHandleAccessor.invoke(DirectMethodHandleAccessor.java:103)
	at java.base/java.lang.reflect.Method.invoke(Method.java:580)
	at org.springframework.transaction.interceptor.TransactionAspectSupport.invokeWithinTransaction(TransactionAspectSupport.java:392)
	at org.springframework.transaction.interceptor.TransactionInterceptor.invoke(TransactionInterceptor.java:119)
	at org.springframework.aop.framework.ReflectiveMethodInvocation.proceed(ReflectiveMethodInvocation.java:184)
	at org.springframework.aop.framework.CglibAopProxy$DynamicAdvisedInterceptor.intercept(CglibAopProxy.java:720)
	at com.example.assignment.DistributionService$$SpringCGLIB$$0.listByClass(<generated>)
	at com.example.assignment.DistributionController.redistribute(DistributionController.java:40)
	at java.base/jdk.internal.reflect.DirectMethodHandleAccessor.invoke(DirectMethodHandleAccessor.java:103)
	at java.base/java.lang.reflect.Method.invoke(Method.java:580)
	at org.springframework.web.method.support.InvocableHandlerMethod.doInvoke(InvocableHandlerMethod.java:255)
	at org.springframework.web.method.support.InvocableHandlerMethod.invokeForRequest(InvocableHandlerMethod.java:188)
	at org.springframework.web.servlet.mvc.method.annotation.ServletInvocableHandlerMethod.invokeAndHandle(ServletInvocableHandlerMethod.java:118)
	at org.springframework.web.servlet.mvc.method.annotation.RequestMappingHandlerAdapter.invokeHandlerMethod(RequestMappingHandlerAdapter.java:926)
	at org.springframework.web.servlet.DispatcherServlet.doDispatch(DispatcherServlet.java:1089)
	at org.springframework.web.servlet.FrameworkServlet.processRequest(FrameworkServlet.java:1014)
	... 44 more
Caused by: org.hibernate.FetchNotFoundException: Entity `com.example.assignment.Assignment` with identifier value `9` does not exist
	at org.hibernate.internal.SessionFactoryImpl$1.handleEntityNotFound(SessionFactoryImpl.java:305)
	at org.hibernate.sql.results.graph.entity.internal.EntityInitializerImpl.resolveInstance(EntityInitializerImpl.java:1027)
	at org.hibernate.sql.results.internal.InitializersList.resolveInstances(InitializersList.java:48)
	at org.hibernate.sql.results.internal.RowProcessingStateStandardImpl.finishRowProcessing(RowProcessingStateStandardImpl.java:141)
	at org.hibernate.sql.results.spi.ListResultsConsumer.consume(ListResultsConsumer.java:200)
	at org.hibernate.query.sqm.internal.ConcreteSqmSelectQueryPlan.executeQuery(ConcreteSqmSelectQueryPlan.java:370)
	... 73 common frames omitted
2026-09-17T14:03:11.791+09:00  INFO 1 --- [item-bank-api] [nio-8080-exec-3] c.e.assignment.DistributionService       : redistributed distribution 42 (assignment 4, class 1) reason=STU-1003 결석으로 재배포
2026-09-17T14:03:11.797+09:00 ERROR 1 --- [item-bank-api] [nio-8080-exec-3] c.example.common.GlobalExceptionHandler  : unhandled exception on /api/distributions/42/redistribute
org.springframework.orm.jpa.JpaObjectRetrievalFailureException: Entity `com.example.assignment.Assignment` with identifier value `9` does not exist
	at org.springframework.orm.jpa.EntityManagerFactoryUtils.convertJpaAccessExceptionIfPossible(EntityManagerFactoryUtils.java:379)
	at org.springframework.orm.jpa.vendor.HibernateJpaDialect.translateExceptionIfPossible(HibernateJpaDialect.java:246)
	at org.springframework.orm.jpa.AbstractEntityManagerFactoryBean.translateExceptionIfPossible(AbstractEntityManagerFactoryBean.java:560)
	at org.springframework.dao.support.ChainedPersistenceExceptionTranslator.translateExceptionIfPossible(ChainedPersistenceExceptionTranslator.java:61)
	at org.springframework.dao.support.DataAccessUtils.translateIfNecessary(DataAccessUtils.java:343)
	at org.springframework.dao.support.PersistenceExceptionTranslationInterceptor.invoke(PersistenceExceptionTranslationInterceptor.java:160)
	at org.springframework.aop.framework.ReflectiveMethodInvocation.proceed(ReflectiveMethodInvocation.java:184)
	at org.springframework.aop.framework.JdkDynamicAopProxy.invoke(JdkDynamicAopProxy.java:223)
	at jdk.proxy2/jdk.proxy2.$Proxy141.findByClassRoomIdOrderByDistributedAtAsc(Unknown Source)
	at com.example.assignment.DistributionService.listByClass(DistributionService.java:38)
	at java.base/jdk.internal.reflect.DirectMethodHandleAccessor.invoke(DirectMethodHandleAccessor.java:103)
	at java.base/java.lang.reflect.Method.invoke(Method.java:580)
	at org.springframework.transaction.interceptor.TransactionAspectSupport.invokeWithinTransaction(TransactionAspectSupport.java:392)
	at org.springframework.transaction.interceptor.TransactionInterceptor.invoke(TransactionInterceptor.java:119)
	at org.springframework.aop.framework.ReflectiveMethodInvocation.proceed(ReflectiveMethodInvocation.java:184)
	at org.springframework.aop.framework.CglibAopProxy$DynamicAdvisedInterceptor.intercept(CglibAopProxy.java:720)
	at com.example.assignment.DistributionService$$SpringCGLIB$$0.listByClass(<generated>)
	at com.example.assignment.DistributionController.redistribute(DistributionController.java:40)
	at java.base/jdk.internal.reflect.DirectMethodHandleAccessor.invoke(DirectMethodHandleAccessor.java:103)
	at java.base/java.lang.reflect.Method.invoke(Method.java:580)
	at org.springframework.web.method.support.InvocableHandlerMethod.doInvoke(InvocableHandlerMethod.java:255)
	at org.springframework.web.method.support.InvocableHandlerMethod.invokeForRequest(InvocableHandlerMethod.java:188)
	at org.springframework.web.servlet.mvc.method.annotation.ServletInvocableHandlerMethod.invokeAndHandle(ServletInvocableHandlerMethod.java:118)
	at org.springframework.web.servlet.mvc.method.annotation.RequestMappingHandlerAdapter.invokeHandlerMethod(RequestMappingHandlerAdapter.java:926)
	at org.springframework.web.servlet.DispatcherServlet.doDispatch(DispatcherServlet.java:1089)
	at org.springframework.web.servlet.FrameworkServlet.processRequest(FrameworkServlet.java:1014)
	... 44 more
Caused by: org.hibernate.FetchNotFoundException: Entity `com.example.assignment.Assignment` with identifier value `9` does not exist
	at org.hibernate.internal.SessionFactoryImpl$1.handleEntityNotFound(SessionFactoryImpl.java:305)
	at org.hibernate.sql.results.graph.entity.internal.EntityInitializerImpl.resolveInstance(EntityInitializerImpl.java:1027)
	at org.hibernate.sql.results.internal.InitializersList.resolveInstances(InitializersList.java:48)
	at org.hibernate.sql.results.internal.RowProcessingStateStandardImpl.finishRowProcessing(RowProcessingStateStandardImpl.java:141)
	at org.hibernate.sql.results.spi.ListResultsConsumer.consume(ListResultsConsumer.java:200)
	at org.hibernate.query.sqm.internal.ConcreteSqmSelectQueryPlan.executeQuery(ConcreteSqmSelectQueryPlan.java:370)
	... 73 common frames omitted
2026-09-17T14:03:27.844+09:00  INFO 1 --- [item-bank-api] [io-8080-exec-10] c.e.assignment.DistributionService       : redistributed distribution 43 (assignment 6, class 1) reason=보강 수업 후 재배포
2026-09-17T14:03:27.850+09:00 ERROR 1 --- [item-bank-api] [io-8080-exec-10] c.example.common.GlobalExceptionHandler  : unhandled exception on /api/distributions/43/redistribute
org.springframework.orm.jpa.JpaObjectRetrievalFailureException: Entity `com.example.assignment.Assignment` with identifier value `9` does not exist
	at org.springframework.orm.jpa.EntityManagerFactoryUtils.convertJpaAccessExceptionIfPossible(EntityManagerFactoryUtils.java:379)
	at org.springframework.orm.jpa.vendor.HibernateJpaDialect.translateExceptionIfPossible(HibernateJpaDialect.java:246)
	at org.springframework.orm.jpa.AbstractEntityManagerFactoryBean.translateExceptionIfPossible(AbstractEntityManagerFactoryBean.java:560)
	at org.springframework.dao.support.ChainedPersistenceExceptionTranslator.translateExceptionIfPossible(ChainedPersistenceExceptionTranslator.java:61)
	at org.springframework.dao.support.DataAccessUtils.translateIfNecessary(DataAccessUtils.java:343)
	at org.springframework.dao.support.PersistenceExceptionTranslationInterceptor.invoke(PersistenceExceptionTranslationInterceptor.java:160)
	at org.springframework.aop.framework.ReflectiveMethodInvocation.proceed(ReflectiveMethodInvocation.java:184)
	at org.springframework.aop.framework.JdkDynamicAopProxy.invoke(JdkDynamicAopProxy.java:223)
	at jdk.proxy2/jdk.proxy2.$Proxy141.findByClassRoomIdOrderByDistributedAtAsc(Unknown Source)
	at com.example.assignment.DistributionService.listByClass(DistributionService.java:38)
	at java.base/jdk.internal.reflect.DirectMethodHandleAccessor.invoke(DirectMethodHandleAccessor.java:103)
	at java.base/java.lang.reflect.Method.invoke(Method.java:580)
	at org.springframework.transaction.interceptor.TransactionAspectSupport.invokeWithinTransaction(TransactionAspectSupport.java:392)
	at org.springframework.transaction.interceptor.TransactionInterceptor.invoke(TransactionInterceptor.java:119)
	at org.springframework.aop.framework.ReflectiveMethodInvocation.proceed(ReflectiveMethodInvocation.java:184)
	at org.springframework.aop.framework.CglibAopProxy$DynamicAdvisedInterceptor.intercept(CglibAopProxy.java:720)
	at com.example.assignment.DistributionService$$SpringCGLIB$$0.listByClass(<generated>)
	at com.example.assignment.DistributionController.redistribute(DistributionController.java:40)
	at java.base/jdk.internal.reflect.DirectMethodHandleAccessor.invoke(DirectMethodHandleAccessor.java:103)
	at java.base/java.lang.reflect.Method.invoke(Method.java:580)
	at org.springframework.web.method.support.InvocableHandlerMethod.doInvoke(InvocableHandlerMethod.java:255)
	at org.springframework.web.method.support.InvocableHandlerMethod.invokeForRequest(InvocableHandlerMethod.java:188)
	at org.springframework.web.servlet.mvc.method.annotation.ServletInvocableHandlerMethod.invokeAndHandle(ServletInvocableHandlerMethod.java:118)
	at org.springframework.web.servlet.mvc.method.annotation.RequestMappingHandlerAdapter.invokeHandlerMethod(RequestMappingHandlerAdapter.java:926)
	at org.springframework.web.servlet.DispatcherServlet.doDispatch(DispatcherServlet.java:1089)
	at org.springframework.web.servlet.FrameworkServlet.processRequest(FrameworkServlet.java:1014)
	... 44 more
Caused by: org.hibernate.FetchNotFoundException: Entity `com.example.assignment.Assignment` with identifier value `9` does not exist
	at org.hibernate.internal.SessionFactoryImpl$1.handleEntityNotFound(SessionFactoryImpl.java:305)
	at org.hibernate.sql.results.graph.entity.internal.EntityInitializerImpl.resolveInstance(EntityInitializerImpl.java:1027)
	at org.hibernate.sql.results.internal.InitializersList.resolveInstances(InitializersList.java:48)
	at org.hibernate.sql.results.internal.RowProcessingStateStandardImpl.finishRowProcessing(RowProcessingStateStandardImpl.java:141)
	at org.hibernate.sql.results.spi.ListResultsConsumer.consume(ListResultsConsumer.java:200)
	at org.hibernate.query.sqm.internal.ConcreteSqmSelectQueryPlan.executeQuery(ConcreteSqmSelectQueryPlan.java:370)
	... 73 common frames omitted
2026-09-17T14:03:34.990+09:00  INFO 1 --- [item-bank-api] [nio-8080-exec-2] c.example.common.GlobalExceptionHandler  : no handler for /apple-touch-icon.png
2026-09-17T14:03:39.786+09:00  INFO 1 --- [item-bank-api] [nio-8080-exec-7] c.example.common.GlobalExceptionHandler  : not found: 문항이 없습니다: id=54 (/api/items/54)
2026-09-17T14:03:49.098+09:00  INFO 1 --- [item-bank-api] [nio-8080-exec-1] c.e.assignment.DistributionService       : redistributed distribution 43 (assignment 6, class 1) reason=STU-1007 요청 — 제출 화면 오류
2026-09-17T14:03:49.104+09:00 ERROR 1 --- [item-bank-api] [nio-8080-exec-1] c.example.common.GlobalExceptionHandler  : unhandled exception on /api/distributions/43/redistribute
org.springframework.orm.jpa.JpaObjectRetrievalFailureException: Entity `com.example.assignment.Assignment` with identifier value `9` does not exist
	at org.springframework.orm.jpa.EntityManagerFactoryUtils.convertJpaAccessExceptionIfPossible(EntityManagerFactoryUtils.java:379)
	at org.springframework.orm.jpa.vendor.HibernateJpaDialect.translateExceptionIfPossible(HibernateJpaDialect.java:246)
	at org.springframework.orm.jpa.AbstractEntityManagerFactoryBean.translateExceptionIfPossible(AbstractEntityManagerFactoryBean.java:560)
	at org.springframework.dao.support.ChainedPersistenceExceptionTranslator.translateExceptionIfPossible(ChainedPersistenceExceptionTranslator.java:61)
	at org.springframework.dao.support.DataAccessUtils.translateIfNecessary(DataAccessUtils.java:343)
	at org.springframework.dao.support.PersistenceExceptionTranslationInterceptor.invoke(PersistenceExceptionTranslationInterceptor.java:160)
	at org.springframework.aop.framework.ReflectiveMethodInvocation.proceed(ReflectiveMethodInvocation.java:184)
	at org.springframework.aop.framework.JdkDynamicAopProxy.invoke(JdkDynamicAopProxy.java:223)
	at jdk.proxy2/jdk.proxy2.$Proxy141.findByClassRoomIdOrderByDistributedAtAsc(Unknown Source)
	at com.example.assignment.DistributionService.listByClass(DistributionService.java:38)
	at java.base/jdk.internal.reflect.DirectMethodHandleAccessor.invoke(DirectMethodHandleAccessor.java:103)
	at java.base/java.lang.reflect.Method.invoke(Method.java:580)
	at org.springframework.transaction.interceptor.TransactionAspectSupport.invokeWithinTransaction(TransactionAspectSupport.java:392)
	at org.springframework.transaction.interceptor.TransactionInterceptor.invoke(TransactionInterceptor.java:119)
	at org.springframework.aop.framework.ReflectiveMethodInvocation.proceed(ReflectiveMethodInvocation.java:184)
	at org.springframework.aop.framework.CglibAopProxy$DynamicAdvisedInterceptor.intercept(CglibAopProxy.java:720)
	at com.example.assignment.DistributionService$$SpringCGLIB$$0.listByClass(<generated>)
	at com.example.assignment.DistributionController.redistribute(DistributionController.java:40)
	at java.base/jdk.internal.reflect.DirectMethodHandleAccessor.invoke(DirectMethodHandleAccessor.java:103)
	at java.base/java.lang.reflect.Method.invoke(Method.java:580)
	at org.springframework.web.method.support.InvocableHandlerMethod.doInvoke(InvocableHandlerMethod.java:255)
	at org.springframework.web.method.support.InvocableHandlerMethod.invokeForRequest(InvocableHandlerMethod.java:188)
	at org.springframework.web.servlet.mvc.method.annotation.ServletInvocableHandlerMethod.invokeAndHandle(ServletInvocableHandlerMethod.java:118)
	at org.springframework.web.servlet.mvc.method.annotation.RequestMappingHandlerAdapter.invokeHandlerMethod(RequestMappingHandlerAdapter.java:926)
	at org.springframework.web.servlet.DispatcherServlet.doDispatch(DispatcherServlet.java:1089)
	at org.springframework.web.servlet.FrameworkServlet.processRequest(FrameworkServlet.java:1014)
	... 44 more
Caused by: org.hibernate.FetchNotFoundException: Entity `com.example.assignment.Assignment` with identifier value `9` does not exist
	at org.hibernate.internal.SessionFactoryImpl$1.handleEntityNotFound(SessionFactoryImpl.java:305)
	at org.hibernate.sql.results.graph.entity.internal.EntityInitializerImpl.resolveInstance(EntityInitializerImpl.java:1027)
	at org.hibernate.sql.results.internal.InitializersList.resolveInstances(InitializersList.java:48)
	at org.hibernate.sql.results.internal.RowProcessingStateStandardImpl.finishRowProcessing(RowProcessingStateStandardImpl.java:141)
	at org.hibernate.sql.results.spi.ListResultsConsumer.consume(ListResultsConsumer.java:200)
	at org.hibernate.query.sqm.internal.ConcreteSqmSelectQueryPlan.executeQuery(ConcreteSqmSelectQueryPlan.java:370)
	... 73 common frames omitted
2026-09-17T14:03:51.923+09:00  INFO 1 --- [item-bank-api] [nio-8080-exec-3] c.example.common.GlobalExceptionHandler  : no handler for /robots.txt
2026-09-17T14:03:53.523+09:00  INFO 1 --- [item-bank-api] [nio-8080-exec-4] c.example.common.GlobalExceptionHandler  : not found: 배포가 없습니다: id=9 (/api/distributions/9)
2026-09-17T14:03:58.594+09:00  INFO 1 --- [item-bank-api] [nio-8080-exec-5] c.e.assignment.DistributionService       : redistributed distribution 43 (assignment 6, class 1) reason=STU-1007 요청 — 제출 화면 오류
2026-09-17T14:03:58.600+09:00 ERROR 1 --- [item-bank-api] [nio-8080-exec-5] c.example.common.GlobalExceptionHandler  : unhandled exception on /api/distributions/43/redistribute
org.springframework.orm.jpa.JpaObjectRetrievalFailureException: Entity `com.example.assignment.Assignment` with identifier value `9` does not exist
	at org.springframework.orm.jpa.EntityManagerFactoryUtils.convertJpaAccessExceptionIfPossible(EntityManagerFactoryUtils.java:379)
	at org.springframework.orm.jpa.vendor.HibernateJpaDialect.translateExceptionIfPossible(HibernateJpaDialect.java:246)
	at org.springframework.orm.jpa.AbstractEntityManagerFactoryBean.translateExceptionIfPossible(AbstractEntityManagerFactoryBean.java:560)
	at org.springframework.dao.support.ChainedPersistenceExceptionTranslator.translateExceptionIfPossible(ChainedPersistenceExceptionTranslator.java:61)
	at org.springframework.dao.support.DataAccessUtils.translateIfNecessary(DataAccessUtils.java:343)
	at org.springframework.dao.support.PersistenceExceptionTranslationInterceptor.invoke(PersistenceExceptionTranslationInterceptor.java:160)
	at org.springframework.aop.framework.ReflectiveMethodInvocation.proceed(ReflectiveMethodInvocation.java:184)
	at org.springframework.aop.framework.JdkDynamicAopProxy.invoke(JdkDynamicAopProxy.java:223)
	at jdk.proxy2/jdk.proxy2.$Proxy141.findByClassRoomIdOrderByDistributedAtAsc(Unknown Source)
	at com.example.assignment.DistributionService.listByClass(DistributionService.java:38)
	at java.base/jdk.internal.reflect.DirectMethodHandleAccessor.invoke(DirectMethodHandleAccessor.java:103)
	at java.base/java.lang.reflect.Method.invoke(Method.java:580)
	at org.springframework.transaction.interceptor.TransactionAspectSupport.invokeWithinTransaction(TransactionAspectSupport.java:392)
	at org.springframework.transaction.interceptor.TransactionInterceptor.invoke(TransactionInterceptor.java:119)
	at org.springframework.aop.framework.ReflectiveMethodInvocation.proceed(ReflectiveMethodInvocation.java:184)
	at org.springframework.aop.framework.CglibAopProxy$DynamicAdvisedInterceptor.intercept(CglibAopProxy.java:720)
	at com.example.assignment.DistributionService$$SpringCGLIB$$0.listByClass(<generated>)
	at com.example.assignment.DistributionController.redistribute(DistributionController.java:40)
	at java.base/jdk.internal.reflect.DirectMethodHandleAccessor.invoke(DirectMethodHandleAccessor.java:103)
	at java.base/java.lang.reflect.Method.invoke(Method.java:580)
	at org.springframework.web.method.support.InvocableHandlerMethod.doInvoke(InvocableHandlerMethod.java:255)
	at org.springframework.web.method.support.InvocableHandlerMethod.invokeForRequest(InvocableHandlerMethod.java:188)
	at org.springframework.web.servlet.mvc.method.annotation.ServletInvocableHandlerMethod.invokeAndHandle(ServletInvocableHandlerMethod.java:118)
	at org.springframework.web.servlet.mvc.method.annotation.RequestMappingHandlerAdapter.invokeHandlerMethod(RequestMappingHandlerAdapter.java:926)
	at org.springframework.web.servlet.DispatcherServlet.doDispatch(DispatcherServlet.java:1089)
	at org.springframework.web.servlet.FrameworkServlet.processRequest(FrameworkServlet.java:1014)
	... 44 more
Caused by: org.hibernate.FetchNotFoundException: Entity `com.example.assignment.Assignment` with identifier value `9` does not exist
	at org.hibernate.internal.SessionFactoryImpl$1.handleEntityNotFound(SessionFactoryImpl.java:305)
	at org.hibernate.sql.results.graph.entity.internal.EntityInitializerImpl.resolveInstance(EntityInitializerImpl.java:1027)
	at org.hibernate.sql.results.internal.InitializersList.resolveInstances(InitializersList.java:48)
	at org.hibernate.sql.results.internal.RowProcessingStateStandardImpl.finishRowProcessing(RowProcessingStateStandardImpl.java:141)
	at org.hibernate.sql.results.spi.ListResultsConsumer.consume(ListResultsConsumer.java:200)
	at org.hibernate.query.sqm.internal.ConcreteSqmSelectQueryPlan.executeQuery(ConcreteSqmSelectQueryPlan.java:370)
	... 73 common frames omitted
2026-09-17T14:04:05.651+09:00  INFO 1 --- [item-bank-api] [nio-8080-exec-1] c.example.common.GlobalExceptionHandler  : no handler for /robots.txt
2026-09-17T14:04:30.442+09:00  INFO 1 --- [item-bank-api] [nio-8080-exec-5] c.example.common.GlobalExceptionHandler  : no handler for /apple-touch-icon.png
2026-09-17T14:04:58.479+09:00  INFO 1 --- [item-bank-api] [nio-8080-exec-4] c.example.common.GlobalExceptionHandler  : not found: 단원이 없습니다: code=M7-1 (/api/units/M7-1/items)
2026-09-17T14:05:04.480+09:00  INFO 1 --- [item-bank-api] [nio-8080-exec-7] c.example.common.GlobalExceptionHandler  : no handler for /robots.txt
2026-09-17T14:05:26.018+09:00  INFO 1 --- [item-bank-api] [nio-8080-exec-1] c.example.common.GlobalExceptionHandler  : no handler for /favicon.ico
2026-09-17T14:06:36.977+09:00  INFO 1 --- [item-bank-api] [nio-8080-exec-2] com.example.assignment.ReportService     : built class report for class 3: 3 distributions, 10 submissions
2026-09-17T14:06:41.216+09:00  INFO 1 --- [item-bank-api] [nio-8080-exec-4] c.e.assignment.DistributionService       : redistributed distribution 43 (assignment 6, class 1) reason=STU-1003 결석으로 재배포
2026-09-17T14:06:41.222+09:00 ERROR 1 --- [item-bank-api] [nio-8080-exec-4] c.example.common.GlobalExceptionHandler  : unhandled exception on /api/distributions/43/redistribute
org.springframework.orm.jpa.JpaObjectRetrievalFailureException: Entity `com.example.assignment.Assignment` with identifier value `9` does not exist
	at org.springframework.orm.jpa.EntityManagerFactoryUtils.convertJpaAccessExceptionIfPossible(EntityManagerFactoryUtils.java:379)
	at org.springframework.orm.jpa.vendor.HibernateJpaDialect.translateExceptionIfPossible(HibernateJpaDialect.java:246)
	at org.springframework.orm.jpa.AbstractEntityManagerFactoryBean.translateExceptionIfPossible(AbstractEntityManagerFactoryBean.java:560)
	at org.springframework.dao.support.ChainedPersistenceExceptionTranslator.translateExceptionIfPossible(ChainedPersistenceExceptionTranslator.java:61)
	at org.springframework.dao.support.DataAccessUtils.translateIfNecessary(DataAccessUtils.java:343)
	at org.springframework.dao.support.PersistenceExceptionTranslationInterceptor.invoke(PersistenceExceptionTranslationInterceptor.java:160)
	at org.springframework.aop.framework.ReflectiveMethodInvocation.proceed(ReflectiveMethodInvocation.java:184)
	at org.springframework.aop.framework.JdkDynamicAopProxy.invoke(JdkDynamicAopProxy.java:223)
	at jdk.proxy2/jdk.proxy2.$Proxy141.findByClassRoomIdOrderByDistributedAtAsc(Unknown Source)
	at com.example.assignment.DistributionService.listByClass(DistributionService.java:38)
	at java.base/jdk.internal.reflect.DirectMethodHandleAccessor.invoke(DirectMethodHandleAccessor.java:103)
	at java.base/java.lang.reflect.Method.invoke(Method.java:580)
	at org.springframework.transaction.interceptor.TransactionAspectSupport.invokeWithinTransaction(TransactionAspectSupport.java:392)
	at org.springframework.transaction.interceptor.TransactionInterceptor.invoke(TransactionInterceptor.java:119)
	at org.springframework.aop.framework.ReflectiveMethodInvocation.proceed(ReflectiveMethodInvocation.java:184)
	at org.springframework.aop.framework.CglibAopProxy$DynamicAdvisedInterceptor.intercept(CglibAopProxy.java:720)
	at com.example.assignment.DistributionService$$SpringCGLIB$$0.listByClass(<generated>)
	at com.example.assignment.DistributionController.redistribute(DistributionController.java:40)
	at java.base/jdk.internal.reflect.DirectMethodHandleAccessor.invoke(DirectMethodHandleAccessor.java:103)
	at java.base/java.lang.reflect.Method.invoke(Method.java:580)
	at org.springframework.web.method.support.InvocableHandlerMethod.doInvoke(InvocableHandlerMethod.java:255)
	at org.springframework.web.method.support.InvocableHandlerMethod.invokeForRequest(InvocableHandlerMethod.java:188)
	at org.springframework.web.servlet.mvc.method.annotation.ServletInvocableHandlerMethod.invokeAndHandle(ServletInvocableHandlerMethod.java:118)
	at org.springframework.web.servlet.mvc.method.annotation.RequestMappingHandlerAdapter.invokeHandlerMethod(RequestMappingHandlerAdapter.java:926)
	at org.springframework.web.servlet.DispatcherServlet.doDispatch(DispatcherServlet.java:1089)
	at org.springframework.web.servlet.FrameworkServlet.processRequest(FrameworkServlet.java:1014)
	... 44 more
Caused by: org.hibernate.FetchNotFoundException: Entity `com.example.assignment.Assignment` with identifier value `9` does not exist
	at org.hibernate.internal.SessionFactoryImpl$1.handleEntityNotFound(SessionFactoryImpl.java:305)
	at org.hibernate.sql.results.graph.entity.internal.EntityInitializerImpl.resolveInstance(EntityInitializerImpl.java:1027)
	at org.hibernate.sql.results.internal.InitializersList.resolveInstances(InitializersList.java:48)
	at org.hibernate.sql.results.internal.RowProcessingStateStandardImpl.finishRowProcessing(RowProcessingStateStandardImpl.java:141)
	at org.hibernate.sql.results.spi.ListResultsConsumer.consume(ListResultsConsumer.java:200)
	at org.hibernate.query.sqm.internal.ConcreteSqmSelectQueryPlan.executeQuery(ConcreteSqmSelectQueryPlan.java:370)
	... 73 common frames omitted
2026-09-17T14:07:00.119+09:00  INFO 1 --- [item-bank-api] [nio-8080-exec-7] c.example.common.GlobalExceptionHandler  : no handler for /robots.txt
2026-09-17T14:07:11.921+09:00  INFO 1 --- [item-bank-api] [nio-8080-exec-4] c.example.common.GlobalExceptionHandler  : no handler for /robots.txt
2026-09-17T14:07:19.906+09:00  INFO 1 --- [item-bank-api] [nio-8080-exec-9] c.example.common.GlobalExceptionHandler  : not found: 문항이 없습니다: id=47 (/api/items/47)
2026-09-17T14:07:36.079+09:00  INFO 1 --- [item-bank-api] [nio-8080-exec-2] c.example.common.GlobalExceptionHandler  : no handler for /favicon.ico
2026-09-17T14:07:52.957+09:00  INFO 1 --- [item-bank-api] [nio-8080-exec-8] c.example.common.GlobalExceptionHandler  : no handler for /robots.txt
2026-09-17T14:08:04.897+09:00  INFO 1 --- [item-bank-api] [nio-8080-exec-9] c.example.common.GlobalExceptionHandler  : not found: 배포가 없습니다: id=14 (/api/distributions/14)
2026-09-17T14:08:07.873+09:00  INFO 1 --- [item-bank-api] [nio-8080-exec-5] c.example.common.GlobalExceptionHandler  : no handler for /favicon.ico
2026-09-17T14:08:08.159+09:00  INFO 1 --- [item-bank-api] [nio-8080-exec-6] c.example.common.GlobalExceptionHandler  : no handler for /robots.txt
2026-09-17T14:08:20.563+09:00  INFO 1 --- [item-bank-api] [nio-8080-exec-7] c.example.common.GlobalExceptionHandler  : no handler for /robots.txt
2026-09-17T14:09:11.230+09:00  INFO 1 --- [item-bank-api] [nio-8080-exec-5] c.example.common.GlobalExceptionHandler  : no handler for /api/item/12
2026-09-17T14:09:14.133+09:00  INFO 1 --- [item-bank-api] [nio-8080-exec-4] c.example.common.GlobalExceptionHandler  : not found: 배포가 없습니다: id=13 (/api/distributions/13)
2026-09-17T14:09:27.212+09:00  INFO 1 --- [item-bank-api] [nio-8080-exec-9] c.example.common.GlobalExceptionHandler  : not found: 문항이 없습니다: id=50 (/api/items/50)
2026-09-17T14:09:35.179+09:00  INFO 1 --- [item-bank-api] [nio-8080-exec-2] c.example.common.GlobalExceptionHandler  : not found: 문항이 없습니다: id=44 (/api/items/44)
2026-09-17T14:10:00.901+09:00  INFO 1 --- [item-bank-api] [nio-8080-exec-2] c.example.common.GlobalExceptionHandler  : bad request: Method parameter 'id': Failed to convert value of type 'java.lang.String' to required type 'java.lang.Integer'; For input string: "undefined" (/api/items/undefined)
2026-09-17T14:10:46.812+09:00  INFO 1 --- [item-bank-api] [io-8080-exec-10] c.example.common.GlobalExceptionHandler  : bad request: Method parameter 'id': Failed to convert value of type 'java.lang.String' to required type 'java.lang.Integer'; For input string: "undefined" (/api/items/undefined)
2026-09-17T14:11:09.837+09:00  INFO 1 --- [item-bank-api] [nio-8080-exec-3] c.e.assignment.DistributionService       : redistributed distribution 42 (assignment 4, class 1) reason=STU-1003 결석으로 재배포
2026-09-17T14:11:09.843+09:00 ERROR 1 --- [item-bank-api] [nio-8080-exec-3] c.example.common.GlobalExceptionHandler  : unhandled exception on /api/distributions/42/redistribute
org.springframework.orm.jpa.JpaObjectRetrievalFailureException: Entity `com.example.assignment.Assignment` with identifier value `9` does not exist
	at org.springframework.orm.jpa.EntityManagerFactoryUtils.convertJpaAccessExceptionIfPossible(EntityManagerFactoryUtils.java:379)
	at org.springframework.orm.jpa.vendor.HibernateJpaDialect.translateExceptionIfPossible(HibernateJpaDialect.java:246)
	at org.springframework.orm.jpa.AbstractEntityManagerFactoryBean.translateExceptionIfPossible(AbstractEntityManagerFactoryBean.java:560)
	at org.springframework.dao.support.ChainedPersistenceExceptionTranslator.translateExceptionIfPossible(ChainedPersistenceExceptionTranslator.java:61)
	at org.springframework.dao.support.DataAccessUtils.translateIfNecessary(DataAccessUtils.java:343)
	at org.springframework.dao.support.PersistenceExceptionTranslationInterceptor.invoke(PersistenceExceptionTranslationInterceptor.java:160)
	at org.springframework.aop.framework.ReflectiveMethodInvocation.proceed(ReflectiveMethodInvocation.java:184)
	at org.springframework.aop.framework.JdkDynamicAopProxy.invoke(JdkDynamicAopProxy.java:223)
	at jdk.proxy2/jdk.proxy2.$Proxy141.findByClassRoomIdOrderByDistributedAtAsc(Unknown Source)
	at com.example.assignment.DistributionService.listByClass(DistributionService.java:38)
	at java.base/jdk.internal.reflect.DirectMethodHandleAccessor.invoke(DirectMethodHandleAccessor.java:103)
	at java.base/java.lang.reflect.Method.invoke(Method.java:580)
	at org.springframework.transaction.interceptor.TransactionAspectSupport.invokeWithinTransaction(TransactionAspectSupport.java:392)
	at org.springframework.transaction.interceptor.TransactionInterceptor.invoke(TransactionInterceptor.java:119)
	at org.springframework.aop.framework.ReflectiveMethodInvocation.proceed(ReflectiveMethodInvocation.java:184)
	at org.springframework.aop.framework.CglibAopProxy$DynamicAdvisedInterceptor.intercept(CglibAopProxy.java:720)
	at com.example.assignment.DistributionService$$SpringCGLIB$$0.listByClass(<generated>)
	at com.example.assignment.DistributionController.redistribute(DistributionController.java:40)
	at java.base/jdk.internal.reflect.DirectMethodHandleAccessor.invoke(DirectMethodHandleAccessor.java:103)
	at java.base/java.lang.reflect.Method.invoke(Method.java:580)
	at org.springframework.web.method.support.InvocableHandlerMethod.doInvoke(InvocableHandlerMethod.java:255)
	at org.springframework.web.method.support.InvocableHandlerMethod.invokeForRequest(InvocableHandlerMethod.java:188)
	at org.springframework.web.servlet.mvc.method.annotation.ServletInvocableHandlerMethod.invokeAndHandle(ServletInvocableHandlerMethod.java:118)
	at org.springframework.web.servlet.mvc.method.annotation.RequestMappingHandlerAdapter.invokeHandlerMethod(RequestMappingHandlerAdapter.java:926)
	at org.springframework.web.servlet.DispatcherServlet.doDispatch(DispatcherServlet.java:1089)
	at org.springframework.web.servlet.FrameworkServlet.processRequest(FrameworkServlet.java:1014)
	... 44 more
Caused by: org.hibernate.FetchNotFoundException: Entity `com.example.assignment.Assignment` with identifier value `9` does not exist
	at org.hibernate.internal.SessionFactoryImpl$1.handleEntityNotFound(SessionFactoryImpl.java:305)
	at org.hibernate.sql.results.graph.entity.internal.EntityInitializerImpl.resolveInstance(EntityInitializerImpl.java:1027)
	at org.hibernate.sql.results.internal.InitializersList.resolveInstances(InitializersList.java:48)
	at org.hibernate.sql.results.internal.RowProcessingStateStandardImpl.finishRowProcessing(RowProcessingStateStandardImpl.java:141)
	at org.hibernate.sql.results.spi.ListResultsConsumer.consume(ListResultsConsumer.java:200)
	at org.hibernate.query.sqm.internal.ConcreteSqmSelectQueryPlan.executeQuery(ConcreteSqmSelectQueryPlan.java:370)
	... 73 common frames omitted
2026-09-17T14:11:18.811+09:00  INFO 1 --- [item-bank-api] [io-8080-exec-10] c.example.common.GlobalExceptionHandler  : no handler for /apple-touch-icon.png
2026-09-17T14:11:21.419+09:00  INFO 1 --- [item-bank-api] [nio-8080-exec-4] c.e.assignment.DistributionService       : redistributed distribution 42 (assignment 4, class 1) reason=null
2026-09-17T14:11:21.425+09:00 ERROR 1 --- [item-bank-api] [nio-8080-exec-4] c.example.common.GlobalExceptionHandler  : unhandled exception on /api/distributions/42/redistribute
org.springframework.orm.jpa.JpaObjectRetrievalFailureException: Entity `com.example.assignment.Assignment` with identifier value `9` does not exist
	at org.springframework.orm.jpa.EntityManagerFactoryUtils.convertJpaAccessExceptionIfPossible(EntityManagerFactoryUtils.java:379)
	at org.springframework.orm.jpa.vendor.HibernateJpaDialect.translateExceptionIfPossible(HibernateJpaDialect.java:246)
	at org.springframework.orm.jpa.AbstractEntityManagerFactoryBean.translateExceptionIfPossible(AbstractEntityManagerFactoryBean.java:560)
	at org.springframework.dao.support.ChainedPersistenceExceptionTranslator.translateExceptionIfPossible(ChainedPersistenceExceptionTranslator.java:61)
	at org.springframework.dao.support.DataAccessUtils.translateIfNecessary(DataAccessUtils.java:343)
	at org.springframework.dao.support.PersistenceExceptionTranslationInterceptor.invoke(PersistenceExceptionTranslationInterceptor.java:160)
	at org.springframework.aop.framework.ReflectiveMethodInvocation.proceed(ReflectiveMethodInvocation.java:184)
	at org.springframework.aop.framework.JdkDynamicAopProxy.invoke(JdkDynamicAopProxy.java:223)
	at jdk.proxy2/jdk.proxy2.$Proxy141.findByClassRoomIdOrderByDistributedAtAsc(Unknown Source)
	at com.example.assignment.DistributionService.listByClass(DistributionService.java:38)
	at java.base/jdk.internal.reflect.DirectMethodHandleAccessor.invoke(DirectMethodHandleAccessor.java:103)
	at java.base/java.lang.reflect.Method.invoke(Method.java:580)
	at org.springframework.transaction.interceptor.TransactionAspectSupport.invokeWithinTransaction(TransactionAspectSupport.java:392)
	at org.springframework.transaction.interceptor.TransactionInterceptor.invoke(TransactionInterceptor.java:119)
	at org.springframework.aop.framework.ReflectiveMethodInvocation.proceed(ReflectiveMethodInvocation.java:184)
	at org.springframework.aop.framework.CglibAopProxy$DynamicAdvisedInterceptor.intercept(CglibAopProxy.java:720)
	at com.example.assignment.DistributionService$$SpringCGLIB$$0.listByClass(<generated>)
	at com.example.assignment.DistributionController.redistribute(DistributionController.java:40)
	at java.base/jdk.internal.reflect.DirectMethodHandleAccessor.invoke(DirectMethodHandleAccessor.java:103)
	at java.base/java.lang.reflect.Method.invoke(Method.java:580)
	at org.springframework.web.method.support.InvocableHandlerMethod.doInvoke(InvocableHandlerMethod.java:255)
	at org.springframework.web.method.support.InvocableHandlerMethod.invokeForRequest(InvocableHandlerMethod.java:188)
	at org.springframework.web.servlet.mvc.method.annotation.ServletInvocableHandlerMethod.invokeAndHandle(ServletInvocableHandlerMethod.java:118)
	at org.springframework.web.servlet.mvc.method.annotation.RequestMappingHandlerAdapter.invokeHandlerMethod(RequestMappingHandlerAdapter.java:926)
	at org.springframework.web.servlet.DispatcherServlet.doDispatch(DispatcherServlet.java:1089)
	at org.springframework.web.servlet.FrameworkServlet.processRequest(FrameworkServlet.java:1014)
	... 44 more
Caused by: org.hibernate.FetchNotFoundException: Entity `com.example.assignment.Assignment` with identifier value `9` does not exist
	at org.hibernate.internal.SessionFactoryImpl$1.handleEntityNotFound(SessionFactoryImpl.java:305)
	at org.hibernate.sql.results.graph.entity.internal.EntityInitializerImpl.resolveInstance(EntityInitializerImpl.java:1027)
	at org.hibernate.sql.results.internal.InitializersList.resolveInstances(InitializersList.java:48)
	at org.hibernate.sql.results.internal.RowProcessingStateStandardImpl.finishRowProcessing(RowProcessingStateStandardImpl.java:141)
	at org.hibernate.sql.results.spi.ListResultsConsumer.consume(ListResultsConsumer.java:200)
	at org.hibernate.query.sqm.internal.ConcreteSqmSelectQueryPlan.executeQuery(ConcreteSqmSelectQueryPlan.java:370)
	... 73 common frames omitted
2026-09-17T14:11:26.215+09:00  INFO 1 --- [item-bank-api] [nio-8080-exec-1] c.example.common.GlobalExceptionHandler  : not found: 문항이 없습니다: id=47 (/api/items/47)
2026-09-17T14:11:29.813+09:00  INFO 1 --- [item-bank-api] [nio-8080-exec-6] c.example.common.GlobalExceptionHandler  : no handler for /api/unit
2026-09-17T14:11:36.176+09:00  INFO 1 --- [item-bank-api] [nio-8080-exec-2] c.e.assignment.DistributionService       : redistributed distribution 42 (assignment 4, class 1) reason=STU-1003 보충 제출 기회
2026-09-17T14:11:36.182+09:00 ERROR 1 --- [item-bank-api] [nio-8080-exec-2] c.example.common.GlobalExceptionHandler  : unhandled exception on /api/distributions/42/redistribute
org.springframework.orm.jpa.JpaObjectRetrievalFailureException: Entity `com.example.assignment.Assignment` with identifier value `9` does not exist
	at org.springframework.orm.jpa.EntityManagerFactoryUtils.convertJpaAccessExceptionIfPossible(EntityManagerFactoryUtils.java:379)
	at org.springframework.orm.jpa.vendor.HibernateJpaDialect.translateExceptionIfPossible(HibernateJpaDialect.java:246)
	at org.springframework.orm.jpa.AbstractEntityManagerFactoryBean.translateExceptionIfPossible(AbstractEntityManagerFactoryBean.java:560)
	at org.springframework.dao.support.ChainedPersistenceExceptionTranslator.translateExceptionIfPossible(ChainedPersistenceExceptionTranslator.java:61)
	at org.springframework.dao.support.DataAccessUtils.translateIfNecessary(DataAccessUtils.java:343)
	at org.springframework.dao.support.PersistenceExceptionTranslationInterceptor.invoke(PersistenceExceptionTranslationInterceptor.java:160)
	at org.springframework.aop.framework.ReflectiveMethodInvocation.proceed(ReflectiveMethodInvocation.java:184)
	at org.springframework.aop.framework.JdkDynamicAopProxy.invoke(JdkDynamicAopProxy.java:223)
	at jdk.proxy2/jdk.proxy2.$Proxy141.findByClassRoomIdOrderByDistributedAtAsc(Unknown Source)
	at com.example.assignment.DistributionService.listByClass(DistributionService.java:38)
	at java.base/jdk.internal.reflect.DirectMethodHandleAccessor.invoke(DirectMethodHandleAccessor.java:103)
	at java.base/java.lang.reflect.Method.invoke(Method.java:580)
	at org.springframework.transaction.interceptor.TransactionAspectSupport.invokeWithinTransaction(TransactionAspectSupport.java:392)
	at org.springframework.transaction.interceptor.TransactionInterceptor.invoke(TransactionInterceptor.java:119)
	at org.springframework.aop.framework.ReflectiveMethodInvocation.proceed(ReflectiveMethodInvocation.java:184)
	at org.springframework.aop.framework.CglibAopProxy$DynamicAdvisedInterceptor.intercept(CglibAopProxy.java:720)
	at com.example.assignment.DistributionService$$SpringCGLIB$$0.listByClass(<generated>)
	at com.example.assignment.DistributionController.redistribute(DistributionController.java:40)
	at java.base/jdk.internal.reflect.DirectMethodHandleAccessor.invoke(DirectMethodHandleAccessor.java:103)
	at java.base/java.lang.reflect.Method.invoke(Method.java:580)
	at org.springframework.web.method.support.InvocableHandlerMethod.doInvoke(InvocableHandlerMethod.java:255)
	at org.springframework.web.method.support.InvocableHandlerMethod.invokeForRequest(InvocableHandlerMethod.java:188)
	at org.springframework.web.servlet.mvc.method.annotation.ServletInvocableHandlerMethod.invokeAndHandle(ServletInvocableHandlerMethod.java:118)
	at org.springframework.web.servlet.mvc.method.annotation.RequestMappingHandlerAdapter.invokeHandlerMethod(RequestMappingHandlerAdapter.java:926)
	at org.springframework.web.servlet.DispatcherServlet.doDispatch(DispatcherServlet.java:1089)
	at org.springframework.web.servlet.FrameworkServlet.processRequest(FrameworkServlet.java:1014)
	... 44 more
Caused by: org.hibernate.FetchNotFoundException: Entity `com.example.assignment.Assignment` with identifier value `9` does not exist
	at org.hibernate.internal.SessionFactoryImpl$1.handleEntityNotFound(SessionFactoryImpl.java:305)
	at org.hibernate.sql.results.graph.entity.internal.EntityInitializerImpl.resolveInstance(EntityInitializerImpl.java:1027)
	at org.hibernate.sql.results.internal.InitializersList.resolveInstances(InitializersList.java:48)
	at org.hibernate.sql.results.internal.RowProcessingStateStandardImpl.finishRowProcessing(RowProcessingStateStandardImpl.java:141)
	at org.hibernate.sql.results.spi.ListResultsConsumer.consume(ListResultsConsumer.java:200)
	at org.hibernate.query.sqm.internal.ConcreteSqmSelectQueryPlan.executeQuery(ConcreteSqmSelectQueryPlan.java:370)
	... 73 common frames omitted
2026-09-17T14:11:44.900+09:00  INFO 1 --- [item-bank-api] [nio-8080-exec-8] c.example.common.GlobalExceptionHandler  : bad request: Method parameter 'id': Failed to convert value of type 'java.lang.String' to required type 'java.lang.Integer'; For input string: "NaN" (/api/items/NaN)
2026-09-17T14:12:02.155+09:00  INFO 1 --- [item-bank-api] [nio-8080-exec-9] c.example.common.GlobalExceptionHandler  : bad request: Method parameter 'id': Failed to convert value of type 'java.lang.String' to required type 'java.lang.Integer'; For input string: "NaN" (/api/items/NaN)
2026-09-17T14:12:36.519+09:00  INFO 1 --- [item-bank-api] [nio-8080-exec-3] com.example.assignment.ReportService     : built class report for class 3: 3 distributions, 10 submissions
2026-09-17T14:12:36.652+09:00  INFO 1 --- [item-bank-api] [nio-8080-exec-6] c.example.common.GlobalExceptionHandler  : not found: 문항이 없습니다: id=31 (/api/items/31)
2026-09-17T14:12:49.825+09:00  INFO 1 --- [item-bank-api] [nio-8080-exec-8] c.example.common.GlobalExceptionHandler  : no handler for /robots.txt
2026-09-17T14:12:52.929+09:00  INFO 1 --- [item-bank-api] [nio-8080-exec-8] c.example.common.GlobalExceptionHandler  : no handler for /robots.txt
2026-09-17T14:13:29.104+09:00  INFO 1 --- [item-bank-api] [nio-8080-exec-9] c.example.common.GlobalExceptionHandler  : not found: 문항이 없습니다: id=32 (/api/items/32)
2026-09-17T14:13:38.653+09:00  INFO 1 --- [item-bank-api] [nio-8080-exec-9] c.example.common.GlobalExceptionHandler  : no handler for /api/unit
2026-09-17T14:13:39.072+09:00  INFO 1 --- [item-bank-api] [nio-8080-exec-8] c.example.common.GlobalExceptionHandler  : no handler for /api/unit
2026-09-17T14:13:43.710+09:00  INFO 1 --- [item-bank-api] [nio-8080-exec-3] c.example.common.GlobalExceptionHandler  : bad request: Method parameter 'id': Failed to convert value of type 'java.lang.String' to required type 'java.lang.Integer'; For input string: "undefined" (/api/items/undefined)
2026-09-17T14:14:01.365+09:00  INFO 1 --- [item-bank-api] [nio-8080-exec-4] c.example.common.GlobalExceptionHandler  : no handler for /favicon.ico
2026-09-17T14:14:16.497+09:00  INFO 1 --- [item-bank-api] [nio-8080-exec-2] c.example.common.GlobalExceptionHandler  : no handler for /api/unit
2026-09-17T14:14:35.600+09:00  INFO 1 --- [item-bank-api] [nio-8080-exec-5] c.example.common.GlobalExceptionHandler  : no handler for /api/unit
2026-09-17T14:14:51.211+09:00  INFO 1 --- [item-bank-api] [nio-8080-exec-2] c.example.common.GlobalExceptionHandler  : not found: 문항이 없습니다: id=61 (/api/items/61)
2026-09-17T14:14:58.206+09:00  INFO 1 --- [item-bank-api] [nio-8080-exec-3] c.example.common.GlobalExceptionHandler  : no handler for /favicon.ico
2026-09-17T14:15:27.107+09:00  INFO 1 --- [item-bank-api] [nio-8080-exec-5] c.example.common.GlobalExceptionHandler  : not found: 배포가 없습니다: id=10 (/api/distributions/10)
2026-09-17T14:15:45.947+09:00  INFO 1 --- [item-bank-api] [nio-8080-exec-7] c.example.common.GlobalExceptionHandler  : no handler for /api/unit
2026-09-17T14:15:54.529+09:00  INFO 1 --- [item-bank-api] [io-8080-exec-10] c.example.common.GlobalExceptionHandler  : no handler for /robots.txt
2026-09-17T14:15:57.307+09:00  INFO 1 --- [item-bank-api] [nio-8080-exec-4] c.e.assignment.DistributionService       : redistributed distribution 43 (assignment 6, class 1) reason=STU-1003 결석으로 재배포
2026-09-17T14:15:57.313+09:00 ERROR 1 --- [item-bank-api] [nio-8080-exec-4] c.example.common.GlobalExceptionHandler  : unhandled exception on /api/distributions/43/redistribute
org.springframework.orm.jpa.JpaObjectRetrievalFailureException: Entity `com.example.assignment.Assignment` with identifier value `9` does not exist
	at org.springframework.orm.jpa.EntityManagerFactoryUtils.convertJpaAccessExceptionIfPossible(EntityManagerFactoryUtils.java:379)
	at org.springframework.orm.jpa.vendor.HibernateJpaDialect.translateExceptionIfPossible(HibernateJpaDialect.java:246)
	at org.springframework.orm.jpa.AbstractEntityManagerFactoryBean.translateExceptionIfPossible(AbstractEntityManagerFactoryBean.java:560)
	at org.springframework.dao.support.ChainedPersistenceExceptionTranslator.translateExceptionIfPossible(ChainedPersistenceExceptionTranslator.java:61)
	at org.springframework.dao.support.DataAccessUtils.translateIfNecessary(DataAccessUtils.java:343)
	at org.springframework.dao.support.PersistenceExceptionTranslationInterceptor.invoke(PersistenceExceptionTranslationInterceptor.java:160)
	at org.springframework.aop.framework.ReflectiveMethodInvocation.proceed(ReflectiveMethodInvocation.java:184)
	at org.springframework.aop.framework.JdkDynamicAopProxy.invoke(JdkDynamicAopProxy.java:223)
	at jdk.proxy2/jdk.proxy2.$Proxy141.findByClassRoomIdOrderByDistributedAtAsc(Unknown Source)
	at com.example.assignment.DistributionService.listByClass(DistributionService.java:38)
	at java.base/jdk.internal.reflect.DirectMethodHandleAccessor.invoke(DirectMethodHandleAccessor.java:103)
	at java.base/java.lang.reflect.Method.invoke(Method.java:580)
	at org.springframework.transaction.interceptor.TransactionAspectSupport.invokeWithinTransaction(TransactionAspectSupport.java:392)
	at org.springframework.transaction.interceptor.TransactionInterceptor.invoke(TransactionInterceptor.java:119)
	at org.springframework.aop.framework.ReflectiveMethodInvocation.proceed(ReflectiveMethodInvocation.java:184)
	at org.springframework.aop.framework.CglibAopProxy$DynamicAdvisedInterceptor.intercept(CglibAopProxy.java:720)
	at com.example.assignment.DistributionService$$SpringCGLIB$$0.listByClass(<generated>)
	at com.example.assignment.DistributionController.redistribute(DistributionController.java:40)
	at java.base/jdk.internal.reflect.DirectMethodHandleAccessor.invoke(DirectMethodHandleAccessor.java:103)
	at java.base/java.lang.reflect.Method.invoke(Method.java:580)
	at org.springframework.web.method.support.InvocableHandlerMethod.doInvoke(InvocableHandlerMethod.java:255)
	at org.springframework.web.method.support.InvocableHandlerMethod.invokeForRequest(InvocableHandlerMethod.java:188)
	at org.springframework.web.servlet.mvc.method.annotation.ServletInvocableHandlerMethod.invokeAndHandle(ServletInvocableHandlerMethod.java:118)
	at org.springframework.web.servlet.mvc.method.annotation.RequestMappingHandlerAdapter.invokeHandlerMethod(RequestMappingHandlerAdapter.java:926)
	at org.springframework.web.servlet.DispatcherServlet.doDispatch(DispatcherServlet.java:1089)
	at org.springframework.web.servlet.FrameworkServlet.processRequest(FrameworkServlet.java:1014)
	... 44 more
Caused by: org.hibernate.FetchNotFoundException: Entity `com.example.assignment.Assignment` with identifier value `9` does not exist
	at org.hibernate.internal.SessionFactoryImpl$1.handleEntityNotFound(SessionFactoryImpl.java:305)
	at org.hibernate.sql.results.graph.entity.internal.EntityInitializerImpl.resolveInstance(EntityInitializerImpl.java:1027)
	at org.hibernate.sql.results.internal.InitializersList.resolveInstances(InitializersList.java:48)
	at org.hibernate.sql.results.internal.RowProcessingStateStandardImpl.finishRowProcessing(RowProcessingStateStandardImpl.java:141)
	at org.hibernate.sql.results.spi.ListResultsConsumer.consume(ListResultsConsumer.java:200)
	at org.hibernate.query.sqm.internal.ConcreteSqmSelectQueryPlan.executeQuery(ConcreteSqmSelectQueryPlan.java:370)
	... 73 common frames omitted
2026-09-17T14:16:04.275+09:00  INFO 1 --- [item-bank-api] [nio-8080-exec-2] c.e.assignment.DistributionService       : redistributed distribution 43 (assignment 6, class 1) reason=STU-1003 결석으로 재배포
2026-09-17T14:16:04.281+09:00 ERROR 1 --- [item-bank-api] [nio-8080-exec-2] c.example.common.GlobalExceptionHandler  : unhandled exception on /api/distributions/43/redistribute
org.springframework.orm.jpa.JpaObjectRetrievalFailureException: Entity `com.example.assignment.Assignment` with identifier value `9` does not exist
	at org.springframework.orm.jpa.EntityManagerFactoryUtils.convertJpaAccessExceptionIfPossible(EntityManagerFactoryUtils.java:379)
	at org.springframework.orm.jpa.vendor.HibernateJpaDialect.translateExceptionIfPossible(HibernateJpaDialect.java:246)
	at org.springframework.orm.jpa.AbstractEntityManagerFactoryBean.translateExceptionIfPossible(AbstractEntityManagerFactoryBean.java:560)
	at org.springframework.dao.support.ChainedPersistenceExceptionTranslator.translateExceptionIfPossible(ChainedPersistenceExceptionTranslator.java:61)
	at org.springframework.dao.support.DataAccessUtils.translateIfNecessary(DataAccessUtils.java:343)
	at org.springframework.dao.support.PersistenceExceptionTranslationInterceptor.invoke(PersistenceExceptionTranslationInterceptor.java:160)
	at org.springframework.aop.framework.ReflectiveMethodInvocation.proceed(ReflectiveMethodInvocation.java:184)
	at org.springframework.aop.framework.JdkDynamicAopProxy.invoke(JdkDynamicAopProxy.java:223)
	at jdk.proxy2/jdk.proxy2.$Proxy141.findByClassRoomIdOrderByDistributedAtAsc(Unknown Source)
	at com.example.assignment.DistributionService.listByClass(DistributionService.java:38)
	at java.base/jdk.internal.reflect.DirectMethodHandleAccessor.invoke(DirectMethodHandleAccessor.java:103)
	at java.base/java.lang.reflect.Method.invoke(Method.java:580)
	at org.springframework.transaction.interceptor.TransactionAspectSupport.invokeWithinTransaction(TransactionAspectSupport.java:392)
	at org.springframework.transaction.interceptor.TransactionInterceptor.invoke(TransactionInterceptor.java:119)
	at org.springframework.aop.framework.ReflectiveMethodInvocation.proceed(ReflectiveMethodInvocation.java:184)
	at org.springframework.aop.framework.CglibAopProxy$DynamicAdvisedInterceptor.intercept(CglibAopProxy.java:720)
	at com.example.assignment.DistributionService$$SpringCGLIB$$0.listByClass(<generated>)
	at com.example.assignment.DistributionController.redistribute(DistributionController.java:40)
	at java.base/jdk.internal.reflect.DirectMethodHandleAccessor.invoke(DirectMethodHandleAccessor.java:103)
	at java.base/java.lang.reflect.Method.invoke(Method.java:580)
	at org.springframework.web.method.support.InvocableHandlerMethod.doInvoke(InvocableHandlerMethod.java:255)
	at org.springframework.web.method.support.InvocableHandlerMethod.invokeForRequest(InvocableHandlerMethod.java:188)
	at org.springframework.web.servlet.mvc.method.annotation.ServletInvocableHandlerMethod.invokeAndHandle(ServletInvocableHandlerMethod.java:118)
	at org.springframework.web.servlet.mvc.method.annotation.RequestMappingHandlerAdapter.invokeHandlerMethod(RequestMappingHandlerAdapter.java:926)
	at org.springframework.web.servlet.DispatcherServlet.doDispatch(DispatcherServlet.java:1089)
	at org.springframework.web.servlet.FrameworkServlet.processRequest(FrameworkServlet.java:1014)
	... 44 more
Caused by: org.hibernate.FetchNotFoundException: Entity `com.example.assignment.Assignment` with identifier value `9` does not exist
	at org.hibernate.internal.SessionFactoryImpl$1.handleEntityNotFound(SessionFactoryImpl.java:305)
	at org.hibernate.sql.results.graph.entity.internal.EntityInitializerImpl.resolveInstance(EntityInitializerImpl.java:1027)
	at org.hibernate.sql.results.internal.InitializersList.resolveInstances(InitializersList.java:48)
	at org.hibernate.sql.results.internal.RowProcessingStateStandardImpl.finishRowProcessing(RowProcessingStateStandardImpl.java:141)
	at org.hibernate.sql.results.spi.ListResultsConsumer.consume(ListResultsConsumer.java:200)
	at org.hibernate.query.sqm.internal.ConcreteSqmSelectQueryPlan.executeQuery(ConcreteSqmSelectQueryPlan.java:370)
	... 73 common frames omitted
2026-09-17T14:16:15.083+09:00  INFO 1 --- [item-bank-api] [nio-8080-exec-1] c.example.common.GlobalExceptionHandler  : not found: 문항이 없습니다: id=35 (/api/items/35)
2026-09-17T14:16:28.416+09:00  INFO 1 --- [item-bank-api] [nio-8080-exec-4] c.e.assignment.DistributionService       : redistributed distribution 43 (assignment 6, class 1) reason=STU-1003 결석으로 재배포
2026-09-17T14:16:28.422+09:00 ERROR 1 --- [item-bank-api] [nio-8080-exec-4] c.example.common.GlobalExceptionHandler  : unhandled exception on /api/distributions/43/redistribute
org.springframework.orm.jpa.JpaObjectRetrievalFailureException: Entity `com.example.assignment.Assignment` with identifier value `9` does not exist
	at org.springframework.orm.jpa.EntityManagerFactoryUtils.convertJpaAccessExceptionIfPossible(EntityManagerFactoryUtils.java:379)
	at org.springframework.orm.jpa.vendor.HibernateJpaDialect.translateExceptionIfPossible(HibernateJpaDialect.java:246)
	at org.springframework.orm.jpa.AbstractEntityManagerFactoryBean.translateExceptionIfPossible(AbstractEntityManagerFactoryBean.java:560)
	at org.springframework.dao.support.ChainedPersistenceExceptionTranslator.translateExceptionIfPossible(ChainedPersistenceExceptionTranslator.java:61)
	at org.springframework.dao.support.DataAccessUtils.translateIfNecessary(DataAccessUtils.java:343)
	at org.springframework.dao.support.PersistenceExceptionTranslationInterceptor.invoke(PersistenceExceptionTranslationInterceptor.java:160)
	at org.springframework.aop.framework.ReflectiveMethodInvocation.proceed(ReflectiveMethodInvocation.java:184)
	at org.springframework.aop.framework.JdkDynamicAopProxy.invoke(JdkDynamicAopProxy.java:223)
	at jdk.proxy2/jdk.proxy2.$Proxy141.findByClassRoomIdOrderByDistributedAtAsc(Unknown Source)
	at com.example.assignment.DistributionService.listByClass(DistributionService.java:38)
	at java.base/jdk.internal.reflect.DirectMethodHandleAccessor.invoke(DirectMethodHandleAccessor.java:103)
	at java.base/java.lang.reflect.Method.invoke(Method.java:580)
	at org.springframework.transaction.interceptor.TransactionAspectSupport.invokeWithinTransaction(TransactionAspectSupport.java:392)
	at org.springframework.transaction.interceptor.TransactionInterceptor.invoke(TransactionInterceptor.java:119)
	at org.springframework.aop.framework.ReflectiveMethodInvocation.proceed(ReflectiveMethodInvocation.java:184)
	at org.springframework.aop.framework.CglibAopProxy$DynamicAdvisedInterceptor.intercept(CglibAopProxy.java:720)
	at com.example.assignment.DistributionService$$SpringCGLIB$$0.listByClass(<generated>)
	at com.example.assignment.DistributionController.redistribute(DistributionController.java:40)
	at java.base/jdk.internal.reflect.DirectMethodHandleAccessor.invoke(DirectMethodHandleAccessor.java:103)
	at java.base/java.lang.reflect.Method.invoke(Method.java:580)
	at org.springframework.web.method.support.InvocableHandlerMethod.doInvoke(InvocableHandlerMethod.java:255)
	at org.springframework.web.method.support.InvocableHandlerMethod.invokeForRequest(InvocableHandlerMethod.java:188)
	at org.springframework.web.servlet.mvc.method.annotation.ServletInvocableHandlerMethod.invokeAndHandle(ServletInvocableHandlerMethod.java:118)
	at org.springframework.web.servlet.mvc.method.annotation.RequestMappingHandlerAdapter.invokeHandlerMethod(RequestMappingHandlerAdapter.java:926)
	at org.springframework.web.servlet.DispatcherServlet.doDispatch(DispatcherServlet.java:1089)
	at org.springframework.web.servlet.FrameworkServlet.processRequest(FrameworkServlet.java:1014)
	... 44 more
Caused by: org.hibernate.FetchNotFoundException: Entity `com.example.assignment.Assignment` with identifier value `9` does not exist
	at org.hibernate.internal.SessionFactoryImpl$1.handleEntityNotFound(SessionFactoryImpl.java:305)
	at org.hibernate.sql.results.graph.entity.internal.EntityInitializerImpl.resolveInstance(EntityInitializerImpl.java:1027)
	at org.hibernate.sql.results.internal.InitializersList.resolveInstances(InitializersList.java:48)
	at org.hibernate.sql.results.internal.RowProcessingStateStandardImpl.finishRowProcessing(RowProcessingStateStandardImpl.java:141)
	at org.hibernate.sql.results.spi.ListResultsConsumer.consume(ListResultsConsumer.java:200)
	at org.hibernate.query.sqm.internal.ConcreteSqmSelectQueryPlan.executeQuery(ConcreteSqmSelectQueryPlan.java:370)
	... 73 common frames omitted
2026-09-17T14:16:39.396+09:00  INFO 1 --- [item-bank-api] [nio-8080-exec-8] c.example.common.GlobalExceptionHandler  : no handler for /api/unit
2026-09-17T14:17:01.333+09:00  INFO 1 --- [item-bank-api] [nio-8080-exec-9] c.example.common.GlobalExceptionHandler  : no handler for /favicon.ico
2026-09-17T14:17:09.530+09:00  INFO 1 --- [item-bank-api] [nio-8080-exec-5] c.example.common.GlobalExceptionHandler  : no handler for /favicon.ico
2026-09-17T14:17:19.218+09:00  INFO 1 --- [item-bank-api] [nio-8080-exec-2] c.example.common.GlobalExceptionHandler  : no handler for /api/item/12
2026-09-17T14:17:36.314+09:00  INFO 1 --- [item-bank-api] [nio-8080-exec-7] c.example.common.GlobalExceptionHandler  : not found: 문항이 없습니다: id=51 (/api/items/51)
2026-09-17T14:17:38.600+09:00  INFO 1 --- [item-bank-api] [nio-8080-exec-9] c.example.common.GlobalExceptionHandler  : no handler for /favicon.ico
2026-09-17T14:17:40.458+09:00  INFO 1 --- [item-bank-api] [nio-8080-exec-1] c.example.common.GlobalExceptionHandler  : not found: 문항이 없습니다: id=33 (/api/items/33)
2026-09-17T14:17:51.514+09:00  INFO 1 --- [item-bank-api] [nio-8080-exec-3] c.example.common.GlobalExceptionHandler  : not found: 배포가 없습니다: id=14 (/api/distributions/14)
2026-09-17T14:18:20.277+09:00  INFO 1 --- [item-bank-api] [nio-8080-exec-7] c.example.common.GlobalExceptionHandler  : no handler for /api/unit
2026-09-17T14:18:21.298+09:00  INFO 1 --- [item-bank-api] [nio-8080-exec-3] c.example.common.GlobalExceptionHandler  : no handler for /api/item/12
2026-09-17T14:18:31.622+09:00  INFO 1 --- [item-bank-api] [nio-8080-exec-6] c.example.common.GlobalExceptionHandler  : not found: 배포가 없습니다: id=12 (/api/distributions/12)
2026-09-17T14:18:43.940+09:00  INFO 1 --- [item-bank-api] [nio-8080-exec-9] c.example.common.GlobalExceptionHandler  : no handler for /api/unit
2026-09-17T14:19:00.934+09:00  INFO 1 --- [item-bank-api] [nio-8080-exec-6] c.example.common.GlobalExceptionHandler  : no handler for /apple-touch-icon.png
2026-09-17T14:19:35.177+09:00  INFO 1 --- [item-bank-api] [nio-8080-exec-5] c.example.common.GlobalExceptionHandler  : not found: 문항이 없습니다: id=40 (/api/items/40)
2026-09-17T14:20:08.552+09:00  INFO 1 --- [item-bank-api] [nio-8080-exec-7] com.example.assignment.ReportService     : built class report for class 2: 3 distributions, 10 submissions
2026-09-17T14:20:10.061+09:00  INFO 1 --- [item-bank-api] [nio-8080-exec-4] c.example.common.GlobalExceptionHandler  : no handler for /favicon.ico
2026-09-17T14:20:11.840+09:00  INFO 1 --- [item-bank-api] [nio-8080-exec-8] c.example.common.GlobalExceptionHandler  : no handler for /robots.txt
2026-09-17T14:20:12.450+09:00  INFO 1 --- [item-bank-api] [nio-8080-exec-7] c.example.common.GlobalExceptionHandler  : no handler for /robots.txt
2026-09-17T14:20:29.607+09:00  INFO 1 --- [item-bank-api] [io-8080-exec-10] c.example.common.GlobalExceptionHandler  : not found: 문항이 없습니다: id=61 (/api/items/61)
2026-09-17T14:20:40.157+09:00  INFO 1 --- [item-bank-api] [io-8080-exec-10] com.example.assignment.ReportService     : built class report for class 2: 3 distributions, 10 submissions
2026-09-17T14:21:02.224+09:00  INFO 1 --- [item-bank-api] [nio-8080-exec-8] c.e.assignment.DistributionService       : redistributed distribution 5 (assignment 3, class 3) reason=STU-1003 결석으로 재배포
2026-09-17T14:21:02.317+09:00  INFO 1 --- [item-bank-api] [nio-8080-exec-8] c.example.common.GlobalExceptionHandler  : not found: 문항이 없습니다: id=56 (/api/items/56)
2026-09-17T14:21:08.988+09:00  INFO 1 --- [item-bank-api] [nio-8080-exec-5] c.example.common.GlobalExceptionHandler  : no handler for /api/item/12
2026-09-17T14:21:15.895+09:00  INFO 1 --- [item-bank-api] [nio-8080-exec-7] c.example.common.GlobalExceptionHandler  : no handler for /api/unit
2026-09-17T14:21:28.062+09:00  INFO 1 --- [item-bank-api] [nio-8080-exec-7] c.example.common.GlobalExceptionHandler  : not found: 문항이 없습니다: id=54 (/api/items/54)
2026-09-17T14:21:43.834+09:00  INFO 1 --- [item-bank-api] [nio-8080-exec-2] c.example.common.GlobalExceptionHandler  : no handler for /api/item/12
2026-09-17T14:21:50.576+09:00  INFO 1 --- [item-bank-api] [nio-8080-exec-8] c.example.common.GlobalExceptionHandler  : not found: 문항이 없습니다: id=45 (/api/items/45)
2026-09-17T14:21:56.845+09:00  INFO 1 --- [item-bank-api] [nio-8080-exec-2] c.example.common.GlobalExceptionHandler  : not found: 문항이 없습니다: id=57 (/api/items/57)
2026-09-17T14:22:00.144+09:00  INFO 1 --- [item-bank-api] [nio-8080-exec-6] c.e.assignment.DistributionService       : redistributed distribution 42 (assignment 4, class 1) reason=STU-1003 결석으로 재배포
2026-09-17T14:22:00.150+09:00 ERROR 1 --- [item-bank-api] [nio-8080-exec-6] c.example.common.GlobalExceptionHandler  : unhandled exception on /api/distributions/42/redistribute
org.springframework.orm.jpa.JpaObjectRetrievalFailureException: Entity `com.example.assignment.Assignment` with identifier value `9` does not exist
	at org.springframework.orm.jpa.EntityManagerFactoryUtils.convertJpaAccessExceptionIfPossible(EntityManagerFactoryUtils.java:379)
	at org.springframework.orm.jpa.vendor.HibernateJpaDialect.translateExceptionIfPossible(HibernateJpaDialect.java:246)
	at org.springframework.orm.jpa.AbstractEntityManagerFactoryBean.translateExceptionIfPossible(AbstractEntityManagerFactoryBean.java:560)
	at org.springframework.dao.support.ChainedPersistenceExceptionTranslator.translateExceptionIfPossible(ChainedPersistenceExceptionTranslator.java:61)
	at org.springframework.dao.support.DataAccessUtils.translateIfNecessary(DataAccessUtils.java:343)
	at org.springframework.dao.support.PersistenceExceptionTranslationInterceptor.invoke(PersistenceExceptionTranslationInterceptor.java:160)
	at org.springframework.aop.framework.ReflectiveMethodInvocation.proceed(ReflectiveMethodInvocation.java:184)
	at org.springframework.aop.framework.JdkDynamicAopProxy.invoke(JdkDynamicAopProxy.java:223)
	at jdk.proxy2/jdk.proxy2.$Proxy141.findByClassRoomIdOrderByDistributedAtAsc(Unknown Source)
	at com.example.assignment.DistributionService.listByClass(DistributionService.java:38)
	at java.base/jdk.internal.reflect.DirectMethodHandleAccessor.invoke(DirectMethodHandleAccessor.java:103)
	at java.base/java.lang.reflect.Method.invoke(Method.java:580)
	at org.springframework.transaction.interceptor.TransactionAspectSupport.invokeWithinTransaction(TransactionAspectSupport.java:392)
	at org.springframework.transaction.interceptor.TransactionInterceptor.invoke(TransactionInterceptor.java:119)
	at org.springframework.aop.framework.ReflectiveMethodInvocation.proceed(ReflectiveMethodInvocation.java:184)
	at org.springframework.aop.framework.CglibAopProxy$DynamicAdvisedInterceptor.intercept(CglibAopProxy.java:720)
	at com.example.assignment.DistributionService$$SpringCGLIB$$0.listByClass(<generated>)
	at com.example.assignment.DistributionController.redistribute(DistributionController.java:40)
	at java.base/jdk.internal.reflect.DirectMethodHandleAccessor.invoke(DirectMethodHandleAccessor.java:103)
	at java.base/java.lang.reflect.Method.invoke(Method.java:580)
	at org.springframework.web.method.support.InvocableHandlerMethod.doInvoke(InvocableHandlerMethod.java:255)
	at org.springframework.web.method.support.InvocableHandlerMethod.invokeForRequest(InvocableHandlerMethod.java:188)
	at org.springframework.web.servlet.mvc.method.annotation.ServletInvocableHandlerMethod.invokeAndHandle(ServletInvocableHandlerMethod.java:118)
	at org.springframework.web.servlet.mvc.method.annotation.RequestMappingHandlerAdapter.invokeHandlerMethod(RequestMappingHandlerAdapter.java:926)
	at org.springframework.web.servlet.DispatcherServlet.doDispatch(DispatcherServlet.java:1089)
	at org.springframework.web.servlet.FrameworkServlet.processRequest(FrameworkServlet.java:1014)
	... 44 more
Caused by: org.hibernate.FetchNotFoundException: Entity `com.example.assignment.Assignment` with identifier value `9` does not exist
	at org.hibernate.internal.SessionFactoryImpl$1.handleEntityNotFound(SessionFactoryImpl.java:305)
	at org.hibernate.sql.results.graph.entity.internal.EntityInitializerImpl.resolveInstance(EntityInitializerImpl.java:1027)
	at org.hibernate.sql.results.internal.InitializersList.resolveInstances(InitializersList.java:48)
	at org.hibernate.sql.results.internal.RowProcessingStateStandardImpl.finishRowProcessing(RowProcessingStateStandardImpl.java:141)
	at org.hibernate.sql.results.spi.ListResultsConsumer.consume(ListResultsConsumer.java:200)
	at org.hibernate.query.sqm.internal.ConcreteSqmSelectQueryPlan.executeQuery(ConcreteSqmSelectQueryPlan.java:370)
	... 73 common frames omitted
2026-09-17T14:22:18.332+09:00  INFO 1 --- [item-bank-api] [nio-8080-exec-6] c.e.assignment.DistributionService       : redistributed distribution 42 (assignment 4, class 1) reason=STU-1003 보충 제출 기회
2026-09-17T14:22:18.338+09:00 ERROR 1 --- [item-bank-api] [nio-8080-exec-6] c.example.common.GlobalExceptionHandler  : unhandled exception on /api/distributions/42/redistribute
org.springframework.orm.jpa.JpaObjectRetrievalFailureException: Entity `com.example.assignment.Assignment` with identifier value `9` does not exist
	at org.springframework.orm.jpa.EntityManagerFactoryUtils.convertJpaAccessExceptionIfPossible(EntityManagerFactoryUtils.java:379)
	at org.springframework.orm.jpa.vendor.HibernateJpaDialect.translateExceptionIfPossible(HibernateJpaDialect.java:246)
	at org.springframework.orm.jpa.AbstractEntityManagerFactoryBean.translateExceptionIfPossible(AbstractEntityManagerFactoryBean.java:560)
	at org.springframework.dao.support.ChainedPersistenceExceptionTranslator.translateExceptionIfPossible(ChainedPersistenceExceptionTranslator.java:61)
	at org.springframework.dao.support.DataAccessUtils.translateIfNecessary(DataAccessUtils.java:343)
	at org.springframework.dao.support.PersistenceExceptionTranslationInterceptor.invoke(PersistenceExceptionTranslationInterceptor.java:160)
	at org.springframework.aop.framework.ReflectiveMethodInvocation.proceed(ReflectiveMethodInvocation.java:184)
	at org.springframework.aop.framework.JdkDynamicAopProxy.invoke(JdkDynamicAopProxy.java:223)
	at jdk.proxy2/jdk.proxy2.$Proxy141.findByClassRoomIdOrderByDistributedAtAsc(Unknown Source)
	at com.example.assignment.DistributionService.listByClass(DistributionService.java:38)
	at java.base/jdk.internal.reflect.DirectMethodHandleAccessor.invoke(DirectMethodHandleAccessor.java:103)
	at java.base/java.lang.reflect.Method.invoke(Method.java:580)
	at org.springframework.transaction.interceptor.TransactionAspectSupport.invokeWithinTransaction(TransactionAspectSupport.java:392)
	at org.springframework.transaction.interceptor.TransactionInterceptor.invoke(TransactionInterceptor.java:119)
	at org.springframework.aop.framework.ReflectiveMethodInvocation.proceed(ReflectiveMethodInvocation.java:184)
	at org.springframework.aop.framework.CglibAopProxy$DynamicAdvisedInterceptor.intercept(CglibAopProxy.java:720)
	at com.example.assignment.DistributionService$$SpringCGLIB$$0.listByClass(<generated>)
	at com.example.assignment.DistributionController.redistribute(DistributionController.java:40)
	at java.base/jdk.internal.reflect.DirectMethodHandleAccessor.invoke(DirectMethodHandleAccessor.java:103)
	at java.base/java.lang.reflect.Method.invoke(Method.java:580)
	at org.springframework.web.method.support.InvocableHandlerMethod.doInvoke(InvocableHandlerMethod.java:255)
	at org.springframework.web.method.support.InvocableHandlerMethod.invokeForRequest(InvocableHandlerMethod.java:188)
	at org.springframework.web.servlet.mvc.method.annotation.ServletInvocableHandlerMethod.invokeAndHandle(ServletInvocableHandlerMethod.java:118)
	at org.springframework.web.servlet.mvc.method.annotation.RequestMappingHandlerAdapter.invokeHandlerMethod(RequestMappingHandlerAdapter.java:926)
	at org.springframework.web.servlet.DispatcherServlet.doDispatch(DispatcherServlet.java:1089)
	at org.springframework.web.servlet.FrameworkServlet.processRequest(FrameworkServlet.java:1014)
	... 44 more
Caused by: org.hibernate.FetchNotFoundException: Entity `com.example.assignment.Assignment` with identifier value `9` does not exist
	at org.hibernate.internal.SessionFactoryImpl$1.handleEntityNotFound(SessionFactoryImpl.java:305)
	at org.hibernate.sql.results.graph.entity.internal.EntityInitializerImpl.resolveInstance(EntityInitializerImpl.java:1027)
	at org.hibernate.sql.results.internal.InitializersList.resolveInstances(InitializersList.java:48)
	at org.hibernate.sql.results.internal.RowProcessingStateStandardImpl.finishRowProcessing(RowProcessingStateStandardImpl.java:141)
	at org.hibernate.sql.results.spi.ListResultsConsumer.consume(ListResultsConsumer.java:200)
	at org.hibernate.query.sqm.internal.ConcreteSqmSelectQueryPlan.executeQuery(ConcreteSqmSelectQueryPlan.java:370)
	... 73 common frames omitted
2026-09-17T14:22:40.765+09:00  INFO 1 --- [item-bank-api] [nio-8080-exec-7] c.e.assignment.DistributionService       : redistributed distribution 42 (assignment 4, class 1) reason=STU-1003 결석으로 재배포
2026-09-17T14:22:40.771+09:00 ERROR 1 --- [item-bank-api] [nio-8080-exec-7] c.example.common.GlobalExceptionHandler  : unhandled exception on /api/distributions/42/redistribute
org.springframework.orm.jpa.JpaObjectRetrievalFailureException: Entity `com.example.assignment.Assignment` with identifier value `9` does not exist
	at org.springframework.orm.jpa.EntityManagerFactoryUtils.convertJpaAccessExceptionIfPossible(EntityManagerFactoryUtils.java:379)
	at org.springframework.orm.jpa.vendor.HibernateJpaDialect.translateExceptionIfPossible(HibernateJpaDialect.java:246)
	at org.springframework.orm.jpa.AbstractEntityManagerFactoryBean.translateExceptionIfPossible(AbstractEntityManagerFactoryBean.java:560)
	at org.springframework.dao.support.ChainedPersistenceExceptionTranslator.translateExceptionIfPossible(ChainedPersistenceExceptionTranslator.java:61)
	at org.springframework.dao.support.DataAccessUtils.translateIfNecessary(DataAccessUtils.java:343)
	at org.springframework.dao.support.PersistenceExceptionTranslationInterceptor.invoke(PersistenceExceptionTranslationInterceptor.java:160)
	at org.springframework.aop.framework.ReflectiveMethodInvocation.proceed(ReflectiveMethodInvocation.java:184)
	at org.springframework.aop.framework.JdkDynamicAopProxy.invoke(JdkDynamicAopProxy.java:223)
	at jdk.proxy2/jdk.proxy2.$Proxy141.findByClassRoomIdOrderByDistributedAtAsc(Unknown Source)
	at com.example.assignment.DistributionService.listByClass(DistributionService.java:38)
	at java.base/jdk.internal.reflect.DirectMethodHandleAccessor.invoke(DirectMethodHandleAccessor.java:103)
	at java.base/java.lang.reflect.Method.invoke(Method.java:580)
	at org.springframework.transaction.interceptor.TransactionAspectSupport.invokeWithinTransaction(TransactionAspectSupport.java:392)
	at org.springframework.transaction.interceptor.TransactionInterceptor.invoke(TransactionInterceptor.java:119)
	at org.springframework.aop.framework.ReflectiveMethodInvocation.proceed(ReflectiveMethodInvocation.java:184)
	at org.springframework.aop.framework.CglibAopProxy$DynamicAdvisedInterceptor.intercept(CglibAopProxy.java:720)
	at com.example.assignment.DistributionService$$SpringCGLIB$$0.listByClass(<generated>)
	at com.example.assignment.DistributionController.redistribute(DistributionController.java:40)
	at java.base/jdk.internal.reflect.DirectMethodHandleAccessor.invoke(DirectMethodHandleAccessor.java:103)
	at java.base/java.lang.reflect.Method.invoke(Method.java:580)
	at org.springframework.web.method.support.InvocableHandlerMethod.doInvoke(InvocableHandlerMethod.java:255)
	at org.springframework.web.method.support.InvocableHandlerMethod.invokeForRequest(InvocableHandlerMethod.java:188)
	at org.springframework.web.servlet.mvc.method.annotation.ServletInvocableHandlerMethod.invokeAndHandle(ServletInvocableHandlerMethod.java:118)
	at org.springframework.web.servlet.mvc.method.annotation.RequestMappingHandlerAdapter.invokeHandlerMethod(RequestMappingHandlerAdapter.java:926)
	at org.springframework.web.servlet.DispatcherServlet.doDispatch(DispatcherServlet.java:1089)
	at org.springframework.web.servlet.FrameworkServlet.processRequest(FrameworkServlet.java:1014)
	... 44 more
Caused by: org.hibernate.FetchNotFoundException: Entity `com.example.assignment.Assignment` with identifier value `9` does not exist
	at org.hibernate.internal.SessionFactoryImpl$1.handleEntityNotFound(SessionFactoryImpl.java:305)
	at org.hibernate.sql.results.graph.entity.internal.EntityInitializerImpl.resolveInstance(EntityInitializerImpl.java:1027)
	at org.hibernate.sql.results.internal.InitializersList.resolveInstances(InitializersList.java:48)
	at org.hibernate.sql.results.internal.RowProcessingStateStandardImpl.finishRowProcessing(RowProcessingStateStandardImpl.java:141)
	at org.hibernate.sql.results.spi.ListResultsConsumer.consume(ListResultsConsumer.java:200)
	at org.hibernate.query.sqm.internal.ConcreteSqmSelectQueryPlan.executeQuery(ConcreteSqmSelectQueryPlan.java:370)
	... 73 common frames omitted
2026-09-17T14:22:46.548+09:00  INFO 1 --- [item-bank-api] [nio-8080-exec-3] c.e.assignment.DistributionService       : redistributed distribution 5 (assignment 3, class 3) reason=STU-1003 결석으로 재배포
2026-09-17T14:22:49.996+09:00  INFO 1 --- [item-bank-api] [nio-8080-exec-4] c.example.common.GlobalExceptionHandler  : not found: 문항이 없습니다: id=40 (/api/items/40)
2026-09-17T14:23:14.114+09:00  INFO 1 --- [item-bank-api] [nio-8080-exec-4] c.example.common.GlobalExceptionHandler  : no handler for /api/unit
2026-09-17T14:23:24.444+09:00  INFO 1 --- [item-bank-api] [nio-8080-exec-2] c.example.common.GlobalExceptionHandler  : no handler for /api/unit
2026-09-17T14:23:26.665+09:00  INFO 1 --- [item-bank-api] [io-8080-exec-10] c.example.common.GlobalExceptionHandler  : no handler for /favicon.ico
2026-09-17T14:23:41.671+09:00  INFO 1 --- [item-bank-api] [nio-8080-exec-2] c.example.common.GlobalExceptionHandler  : no handler for /api/unit
2026-09-17T14:23:43.704+09:00  INFO 1 --- [item-bank-api] [io-8080-exec-10] c.example.common.GlobalExceptionHandler  : no handler for /api/unit
2026-09-17T14:24:07.338+09:00  INFO 1 --- [item-bank-api] [nio-8080-exec-9] c.example.common.GlobalExceptionHandler  : no handler for /robots.txt
2026-09-17T14:24:12.669+09:00  WARN 1 --- [item-bank-api] [nio-8080-exec-8] c.example.common.GlobalExceptionHandler  : state conflict: 마감된 과제는 재배포할 수 없습니다: distributionId=3 (/api/distributions/3/redistribute)
2026-09-17T14:24:40.030+09:00  INFO 1 --- [item-bank-api] [nio-8080-exec-9] c.example.common.GlobalExceptionHandler  : no handler for /api/unit
2026-09-17T14:25:12.751+09:00  INFO 1 --- [item-bank-api] [nio-8080-exec-6] c.example.common.GlobalExceptionHandler  : no handler for /api/item/12
2026-09-17T14:26:38.965+09:00  INFO 1 --- [item-bank-api] [nio-8080-exec-6] c.example.common.GlobalExceptionHandler  : not found: 문항이 없습니다: id=52 (/api/items/52)
2026-09-17T14:26:49.287+09:00  INFO 1 --- [item-bank-api] [nio-8080-exec-2] c.example.common.GlobalExceptionHandler  : bad request: Method parameter 'id': Failed to convert value of type 'java.lang.String' to required type 'java.lang.Integer'; For input string: "NaN" (/api/items/NaN)
2026-09-17T14:27:30.634+09:00  INFO 1 --- [item-bank-api] [nio-8080-exec-1] c.e.assignment.DistributionService       : redistributed distribution 42 (assignment 4, class 1) reason=null
2026-09-17T14:27:30.640+09:00 ERROR 1 --- [item-bank-api] [nio-8080-exec-1] c.example.common.GlobalExceptionHandler  : unhandled exception on /api/distributions/42/redistribute
org.springframework.orm.jpa.JpaObjectRetrievalFailureException: Entity `com.example.assignment.Assignment` with identifier value `9` does not exist
	at org.springframework.orm.jpa.EntityManagerFactoryUtils.convertJpaAccessExceptionIfPossible(EntityManagerFactoryUtils.java:379)
	at org.springframework.orm.jpa.vendor.HibernateJpaDialect.translateExceptionIfPossible(HibernateJpaDialect.java:246)
	at org.springframework.orm.jpa.AbstractEntityManagerFactoryBean.translateExceptionIfPossible(AbstractEntityManagerFactoryBean.java:560)
	at org.springframework.dao.support.ChainedPersistenceExceptionTranslator.translateExceptionIfPossible(ChainedPersistenceExceptionTranslator.java:61)
	at org.springframework.dao.support.DataAccessUtils.translateIfNecessary(DataAccessUtils.java:343)
	at org.springframework.dao.support.PersistenceExceptionTranslationInterceptor.invoke(PersistenceExceptionTranslationInterceptor.java:160)
	at org.springframework.aop.framework.ReflectiveMethodInvocation.proceed(ReflectiveMethodInvocation.java:184)
	at org.springframework.aop.framework.JdkDynamicAopProxy.invoke(JdkDynamicAopProxy.java:223)
	at jdk.proxy2/jdk.proxy2.$Proxy141.findByClassRoomIdOrderByDistributedAtAsc(Unknown Source)
	at com.example.assignment.DistributionService.listByClass(DistributionService.java:38)
	at java.base/jdk.internal.reflect.DirectMethodHandleAccessor.invoke(DirectMethodHandleAccessor.java:103)
	at java.base/java.lang.reflect.Method.invoke(Method.java:580)
	at org.springframework.transaction.interceptor.TransactionAspectSupport.invokeWithinTransaction(TransactionAspectSupport.java:392)
	at org.springframework.transaction.interceptor.TransactionInterceptor.invoke(TransactionInterceptor.java:119)
	at org.springframework.aop.framework.ReflectiveMethodInvocation.proceed(ReflectiveMethodInvocation.java:184)
	at org.springframework.aop.framework.CglibAopProxy$DynamicAdvisedInterceptor.intercept(CglibAopProxy.java:720)
	at com.example.assignment.DistributionService$$SpringCGLIB$$0.listByClass(<generated>)
	at com.example.assignment.DistributionController.redistribute(DistributionController.java:40)
	at java.base/jdk.internal.reflect.DirectMethodHandleAccessor.invoke(DirectMethodHandleAccessor.java:103)
	at java.base/java.lang.reflect.Method.invoke(Method.java:580)
	at org.springframework.web.method.support.InvocableHandlerMethod.doInvoke(InvocableHandlerMethod.java:255)
	at org.springframework.web.method.support.InvocableHandlerMethod.invokeForRequest(InvocableHandlerMethod.java:188)
	at org.springframework.web.servlet.mvc.method.annotation.ServletInvocableHandlerMethod.invokeAndHandle(ServletInvocableHandlerMethod.java:118)
	at org.springframework.web.servlet.mvc.method.annotation.RequestMappingHandlerAdapter.invokeHandlerMethod(RequestMappingHandlerAdapter.java:926)
	at org.springframework.web.servlet.DispatcherServlet.doDispatch(DispatcherServlet.java:1089)
	at org.springframework.web.servlet.FrameworkServlet.processRequest(FrameworkServlet.java:1014)
	... 44 more
Caused by: org.hibernate.FetchNotFoundException: Entity `com.example.assignment.Assignment` with identifier value `9` does not exist
	at org.hibernate.internal.SessionFactoryImpl$1.handleEntityNotFound(SessionFactoryImpl.java:305)
	at org.hibernate.sql.results.graph.entity.internal.EntityInitializerImpl.resolveInstance(EntityInitializerImpl.java:1027)
	at org.hibernate.sql.results.internal.InitializersList.resolveInstances(InitializersList.java:48)
	at org.hibernate.sql.results.internal.RowProcessingStateStandardImpl.finishRowProcessing(RowProcessingStateStandardImpl.java:141)
	at org.hibernate.sql.results.spi.ListResultsConsumer.consume(ListResultsConsumer.java:200)
	at org.hibernate.query.sqm.internal.ConcreteSqmSelectQueryPlan.executeQuery(ConcreteSqmSelectQueryPlan.java:370)
	... 73 common frames omitted
2026-09-17T14:27:51.319+09:00  INFO 1 --- [item-bank-api] [nio-8080-exec-2] c.example.common.GlobalExceptionHandler  : no handler for /apple-touch-icon.png
2026-09-17T14:27:55.556+09:00  INFO 1 --- [item-bank-api] [nio-8080-exec-2] c.e.assignment.DistributionService       : redistributed distribution 42 (assignment 4, class 1) reason=null
2026-09-17T14:27:55.562+09:00 ERROR 1 --- [item-bank-api] [nio-8080-exec-2] c.example.common.GlobalExceptionHandler  : unhandled exception on /api/distributions/42/redistribute
org.springframework.orm.jpa.JpaObjectRetrievalFailureException: Entity `com.example.assignment.Assignment` with identifier value `9` does not exist
	at org.springframework.orm.jpa.EntityManagerFactoryUtils.convertJpaAccessExceptionIfPossible(EntityManagerFactoryUtils.java:379)
	at org.springframework.orm.jpa.vendor.HibernateJpaDialect.translateExceptionIfPossible(HibernateJpaDialect.java:246)
	at org.springframework.orm.jpa.AbstractEntityManagerFactoryBean.translateExceptionIfPossible(AbstractEntityManagerFactoryBean.java:560)
	at org.springframework.dao.support.ChainedPersistenceExceptionTranslator.translateExceptionIfPossible(ChainedPersistenceExceptionTranslator.java:61)
	at org.springframework.dao.support.DataAccessUtils.translateIfNecessary(DataAccessUtils.java:343)
	at org.springframework.dao.support.PersistenceExceptionTranslationInterceptor.invoke(PersistenceExceptionTranslationInterceptor.java:160)
	at org.springframework.aop.framework.ReflectiveMethodInvocation.proceed(ReflectiveMethodInvocation.java:184)
	at org.springframework.aop.framework.JdkDynamicAopProxy.invoke(JdkDynamicAopProxy.java:223)
	at jdk.proxy2/jdk.proxy2.$Proxy141.findByClassRoomIdOrderByDistributedAtAsc(Unknown Source)
	at com.example.assignment.DistributionService.listByClass(DistributionService.java:38)
	at java.base/jdk.internal.reflect.DirectMethodHandleAccessor.invoke(DirectMethodHandleAccessor.java:103)
	at java.base/java.lang.reflect.Method.invoke(Method.java:580)
	at org.springframework.transaction.interceptor.TransactionAspectSupport.invokeWithinTransaction(TransactionAspectSupport.java:392)
	at org.springframework.transaction.interceptor.TransactionInterceptor.invoke(TransactionInterceptor.java:119)
	at org.springframework.aop.framework.ReflectiveMethodInvocation.proceed(ReflectiveMethodInvocation.java:184)
	at org.springframework.aop.framework.CglibAopProxy$DynamicAdvisedInterceptor.intercept(CglibAopProxy.java:720)
	at com.example.assignment.DistributionService$$SpringCGLIB$$0.listByClass(<generated>)
	at com.example.assignment.DistributionController.redistribute(DistributionController.java:40)
	at java.base/jdk.internal.reflect.DirectMethodHandleAccessor.invoke(DirectMethodHandleAccessor.java:103)
	at java.base/java.lang.reflect.Method.invoke(Method.java:580)
	at org.springframework.web.method.support.InvocableHandlerMethod.doInvoke(InvocableHandlerMethod.java:255)
	at org.springframework.web.method.support.InvocableHandlerMethod.invokeForRequest(InvocableHandlerMethod.java:188)
	at org.springframework.web.servlet.mvc.method.annotation.ServletInvocableHandlerMethod.invokeAndHandle(ServletInvocableHandlerMethod.java:118)
	at org.springframework.web.servlet.mvc.method.annotation.RequestMappingHandlerAdapter.invokeHandlerMethod(RequestMappingHandlerAdapter.java:926)
	at org.springframework.web.servlet.DispatcherServlet.doDispatch(DispatcherServlet.java:1089)
	at org.springframework.web.servlet.FrameworkServlet.processRequest(FrameworkServlet.java:1014)
	... 44 more
Caused by: org.hibernate.FetchNotFoundException: Entity `com.example.assignment.Assignment` with identifier value `9` does not exist
	at org.hibernate.internal.SessionFactoryImpl$1.handleEntityNotFound(SessionFactoryImpl.java:305)
	at org.hibernate.sql.results.graph.entity.internal.EntityInitializerImpl.resolveInstance(EntityInitializerImpl.java:1027)
	at org.hibernate.sql.results.internal.InitializersList.resolveInstances(InitializersList.java:48)
	at org.hibernate.sql.results.internal.RowProcessingStateStandardImpl.finishRowProcessing(RowProcessingStateStandardImpl.java:141)
	at org.hibernate.sql.results.spi.ListResultsConsumer.consume(ListResultsConsumer.java:200)
	at org.hibernate.query.sqm.internal.ConcreteSqmSelectQueryPlan.executeQuery(ConcreteSqmSelectQueryPlan.java:370)
	... 73 common frames omitted
2026-09-17T14:28:05.990+09:00  INFO 1 --- [item-bank-api] [nio-8080-exec-1] c.e.assignment.DistributionService       : redistributed distribution 42 (assignment 4, class 1) reason=STU-1003 결석으로 재배포
2026-09-17T14:28:05.996+09:00 ERROR 1 --- [item-bank-api] [nio-8080-exec-1] c.example.common.GlobalExceptionHandler  : unhandled exception on /api/distributions/42/redistribute
org.springframework.orm.jpa.JpaObjectRetrievalFailureException: Entity `com.example.assignment.Assignment` with identifier value `9` does not exist
	at org.springframework.orm.jpa.EntityManagerFactoryUtils.convertJpaAccessExceptionIfPossible(EntityManagerFactoryUtils.java:379)
	at org.springframework.orm.jpa.vendor.HibernateJpaDialect.translateExceptionIfPossible(HibernateJpaDialect.java:246)
	at org.springframework.orm.jpa.AbstractEntityManagerFactoryBean.translateExceptionIfPossible(AbstractEntityManagerFactoryBean.java:560)
	at org.springframework.dao.support.ChainedPersistenceExceptionTranslator.translateExceptionIfPossible(ChainedPersistenceExceptionTranslator.java:61)
	at org.springframework.dao.support.DataAccessUtils.translateIfNecessary(DataAccessUtils.java:343)
	at org.springframework.dao.support.PersistenceExceptionTranslationInterceptor.invoke(PersistenceExceptionTranslationInterceptor.java:160)
	at org.springframework.aop.framework.ReflectiveMethodInvocation.proceed(ReflectiveMethodInvocation.java:184)
	at org.springframework.aop.framework.JdkDynamicAopProxy.invoke(JdkDynamicAopProxy.java:223)
	at jdk.proxy2/jdk.proxy2.$Proxy141.findByClassRoomIdOrderByDistributedAtAsc(Unknown Source)
	at com.example.assignment.DistributionService.listByClass(DistributionService.java:38)
	at java.base/jdk.internal.reflect.DirectMethodHandleAccessor.invoke(DirectMethodHandleAccessor.java:103)
	at java.base/java.lang.reflect.Method.invoke(Method.java:580)
	at org.springframework.transaction.interceptor.TransactionAspectSupport.invokeWithinTransaction(TransactionAspectSupport.java:392)
	at org.springframework.transaction.interceptor.TransactionInterceptor.invoke(TransactionInterceptor.java:119)
	at org.springframework.aop.framework.ReflectiveMethodInvocation.proceed(ReflectiveMethodInvocation.java:184)
	at org.springframework.aop.framework.CglibAopProxy$DynamicAdvisedInterceptor.intercept(CglibAopProxy.java:720)
	at com.example.assignment.DistributionService$$SpringCGLIB$$0.listByClass(<generated>)
	at com.example.assignment.DistributionController.redistribute(DistributionController.java:40)
	at java.base/jdk.internal.reflect.DirectMethodHandleAccessor.invoke(DirectMethodHandleAccessor.java:103)
	at java.base/java.lang.reflect.Method.invoke(Method.java:580)
	at org.springframework.web.method.support.InvocableHandlerMethod.doInvoke(InvocableHandlerMethod.java:255)
	at org.springframework.web.method.support.InvocableHandlerMethod.invokeForRequest(InvocableHandlerMethod.java:188)
	at org.springframework.web.servlet.mvc.method.annotation.ServletInvocableHandlerMethod.invokeAndHandle(ServletInvocableHandlerMethod.java:118)
	at org.springframework.web.servlet.mvc.method.annotation.RequestMappingHandlerAdapter.invokeHandlerMethod(RequestMappingHandlerAdapter.java:926)
	at org.springframework.web.servlet.DispatcherServlet.doDispatch(DispatcherServlet.java:1089)
	at org.springframework.web.servlet.FrameworkServlet.processRequest(FrameworkServlet.java:1014)
	... 44 more
Caused by: org.hibernate.FetchNotFoundException: Entity `com.example.assignment.Assignment` with identifier value `9` does not exist
	at org.hibernate.internal.SessionFactoryImpl$1.handleEntityNotFound(SessionFactoryImpl.java:305)
	at org.hibernate.sql.results.graph.entity.internal.EntityInitializerImpl.resolveInstance(EntityInitializerImpl.java:1027)
	at org.hibernate.sql.results.internal.InitializersList.resolveInstances(InitializersList.java:48)
	at org.hibernate.sql.results.internal.RowProcessingStateStandardImpl.finishRowProcessing(RowProcessingStateStandardImpl.java:141)
	at org.hibernate.sql.results.spi.ListResultsConsumer.consume(ListResultsConsumer.java:200)
	at org.hibernate.query.sqm.internal.ConcreteSqmSelectQueryPlan.executeQuery(ConcreteSqmSelectQueryPlan.java:370)
	... 73 common frames omitted
2026-09-17T14:28:25.498+09:00  INFO 1 --- [item-bank-api] [nio-8080-exec-7] c.example.common.GlobalExceptionHandler  : no handler for /favicon.ico
2026-09-17T14:28:30.162+09:00  INFO 1 --- [item-bank-api] [nio-8080-exec-5] c.example.common.GlobalExceptionHandler  : no handler for /apple-touch-icon.png
2026-09-17T14:29:11.724+09:00  INFO 1 --- [item-bank-api] [nio-8080-exec-6] c.example.common.GlobalExceptionHandler  : not found: 단원이 없습니다: code=M7-1 (/api/units/M7-1/items)
2026-09-17T14:29:20.301+09:00  INFO 1 --- [item-bank-api] [nio-8080-exec-5] c.example.common.GlobalExceptionHandler  : no handler for /api/unit
2026-09-17T14:29:25.290+09:00  INFO 1 --- [item-bank-api] [nio-8080-exec-3] c.example.common.GlobalExceptionHandler  : no handler for /api/item/12
2026-09-17T14:29:40.425+09:00  INFO 1 --- [item-bank-api] [io-8080-exec-10] c.example.common.GlobalExceptionHandler  : not found: 문항이 없습니다: id=51 (/api/items/51)
2026-09-17T14:29:42.711+09:00  INFO 1 --- [item-bank-api] [io-8080-exec-10] c.example.common.GlobalExceptionHandler  : no handler for /favicon.ico
2026-09-17T14:29:47.960+09:00  INFO 1 --- [item-bank-api] [nio-8080-exec-6] c.example.common.GlobalExceptionHandler  : no handler for /api/unit
2026-09-17T14:29:48.250+09:00  INFO 1 --- [item-bank-api] [nio-8080-exec-9] c.example.common.GlobalExceptionHandler  : no handler for /api/item/12
2026-09-17T14:30:00.734+09:00  WARN 1 --- [item-bank-api] [nio-8080-exec-1] c.example.common.GlobalExceptionHandler  : state conflict: 마감된 과제는 재배포할 수 없습니다: distributionId=2 (/api/distributions/2/redistribute)
2026-09-17T14:30:09.428+09:00  INFO 1 --- [item-bank-api] [nio-8080-exec-2] c.example.common.GlobalExceptionHandler  : no handler for /favicon.ico
2026-09-17T14:30:40.738+09:00  INFO 1 --- [item-bank-api] [nio-8080-exec-1] c.example.common.GlobalExceptionHandler  : not found: 문항이 없습니다: id=60 (/api/items/60)
2026-09-17T14:31:00.765+09:00  INFO 1 --- [item-bank-api] [nio-8080-exec-1] c.example.common.GlobalExceptionHandler  : no handler for /favicon.ico
2026-09-17T14:31:05.244+09:00  INFO 1 --- [item-bank-api] [nio-8080-exec-4] c.example.common.GlobalExceptionHandler  : no handler for /api/item/12
2026-09-17T14:31:20.094+09:00  INFO 1 --- [item-bank-api] [nio-8080-exec-5] com.example.assignment.ReportService     : built class report for class 3: 3 distributions, 10 submissions
2026-09-17T14:31:34.672+09:00  INFO 1 --- [item-bank-api] [nio-8080-exec-5] c.e.assignment.DistributionService       : redistributed distribution 43 (assignment 6, class 1) reason=STU-1003 결석으로 재배포
2026-09-17T14:31:34.678+09:00 ERROR 1 --- [item-bank-api] [nio-8080-exec-5] c.example.common.GlobalExceptionHandler  : unhandled exception on /api/distributions/43/redistribute
org.springframework.orm.jpa.JpaObjectRetrievalFailureException: Entity `com.example.assignment.Assignment` with identifier value `9` does not exist
	at org.springframework.orm.jpa.EntityManagerFactoryUtils.convertJpaAccessExceptionIfPossible(EntityManagerFactoryUtils.java:379)
	at org.springframework.orm.jpa.vendor.HibernateJpaDialect.translateExceptionIfPossible(HibernateJpaDialect.java:246)
	at org.springframework.orm.jpa.AbstractEntityManagerFactoryBean.translateExceptionIfPossible(AbstractEntityManagerFactoryBean.java:560)
	at org.springframework.dao.support.ChainedPersistenceExceptionTranslator.translateExceptionIfPossible(ChainedPersistenceExceptionTranslator.java:61)
	at org.springframework.dao.support.DataAccessUtils.translateIfNecessary(DataAccessUtils.java:343)
	at org.springframework.dao.support.PersistenceExceptionTranslationInterceptor.invoke(PersistenceExceptionTranslationInterceptor.java:160)
	at org.springframework.aop.framework.ReflectiveMethodInvocation.proceed(ReflectiveMethodInvocation.java:184)
	at org.springframework.aop.framework.JdkDynamicAopProxy.invoke(JdkDynamicAopProxy.java:223)
	at jdk.proxy2/jdk.proxy2.$Proxy141.findByClassRoomIdOrderByDistributedAtAsc(Unknown Source)
	at com.example.assignment.DistributionService.listByClass(DistributionService.java:38)
	at java.base/jdk.internal.reflect.DirectMethodHandleAccessor.invoke(DirectMethodHandleAccessor.java:103)
	at java.base/java.lang.reflect.Method.invoke(Method.java:580)
	at org.springframework.transaction.interceptor.TransactionAspectSupport.invokeWithinTransaction(TransactionAspectSupport.java:392)
	at org.springframework.transaction.interceptor.TransactionInterceptor.invoke(TransactionInterceptor.java:119)
	at org.springframework.aop.framework.ReflectiveMethodInvocation.proceed(ReflectiveMethodInvocation.java:184)
	at org.springframework.aop.framework.CglibAopProxy$DynamicAdvisedInterceptor.intercept(CglibAopProxy.java:720)
	at com.example.assignment.DistributionService$$SpringCGLIB$$0.listByClass(<generated>)
	at com.example.assignment.DistributionController.redistribute(DistributionController.java:40)
	at java.base/jdk.internal.reflect.DirectMethodHandleAccessor.invoke(DirectMethodHandleAccessor.java:103)
	at java.base/java.lang.reflect.Method.invoke(Method.java:580)
	at org.springframework.web.method.support.InvocableHandlerMethod.doInvoke(InvocableHandlerMethod.java:255)
	at org.springframework.web.method.support.InvocableHandlerMethod.invokeForRequest(InvocableHandlerMethod.java:188)
	at org.springframework.web.servlet.mvc.method.annotation.ServletInvocableHandlerMethod.invokeAndHandle(ServletInvocableHandlerMethod.java:118)
	at org.springframework.web.servlet.mvc.method.annotation.RequestMappingHandlerAdapter.invokeHandlerMethod(RequestMappingHandlerAdapter.java:926)
	at org.springframework.web.servlet.DispatcherServlet.doDispatch(DispatcherServlet.java:1089)
	at org.springframework.web.servlet.FrameworkServlet.processRequest(FrameworkServlet.java:1014)
	... 44 more
Caused by: org.hibernate.FetchNotFoundException: Entity `com.example.assignment.Assignment` with identifier value `9` does not exist
	at org.hibernate.internal.SessionFactoryImpl$1.handleEntityNotFound(SessionFactoryImpl.java:305)
	at org.hibernate.sql.results.graph.entity.internal.EntityInitializerImpl.resolveInstance(EntityInitializerImpl.java:1027)
	at org.hibernate.sql.results.internal.InitializersList.resolveInstances(InitializersList.java:48)
	at org.hibernate.sql.results.internal.RowProcessingStateStandardImpl.finishRowProcessing(RowProcessingStateStandardImpl.java:141)
	at org.hibernate.sql.results.spi.ListResultsConsumer.consume(ListResultsConsumer.java:200)
	at org.hibernate.query.sqm.internal.ConcreteSqmSelectQueryPlan.executeQuery(ConcreteSqmSelectQueryPlan.java:370)
	... 73 common frames omitted
2026-09-17T14:31:50.417+09:00  INFO 1 --- [item-bank-api] [nio-8080-exec-2] c.e.assignment.DistributionService       : redistributed distribution 43 (assignment 6, class 1) reason=null
2026-09-17T14:31:50.423+09:00 ERROR 1 --- [item-bank-api] [nio-8080-exec-2] c.example.common.GlobalExceptionHandler  : unhandled exception on /api/distributions/43/redistribute
org.springframework.orm.jpa.JpaObjectRetrievalFailureException: Entity `com.example.assignment.Assignment` with identifier value `9` does not exist
	at org.springframework.orm.jpa.EntityManagerFactoryUtils.convertJpaAccessExceptionIfPossible(EntityManagerFactoryUtils.java:379)
	at org.springframework.orm.jpa.vendor.HibernateJpaDialect.translateExceptionIfPossible(HibernateJpaDialect.java:246)
	at org.springframework.orm.jpa.AbstractEntityManagerFactoryBean.translateExceptionIfPossible(AbstractEntityManagerFactoryBean.java:560)
	at org.springframework.dao.support.ChainedPersistenceExceptionTranslator.translateExceptionIfPossible(ChainedPersistenceExceptionTranslator.java:61)
	at org.springframework.dao.support.DataAccessUtils.translateIfNecessary(DataAccessUtils.java:343)
	at org.springframework.dao.support.PersistenceExceptionTranslationInterceptor.invoke(PersistenceExceptionTranslationInterceptor.java:160)
	at org.springframework.aop.framework.ReflectiveMethodInvocation.proceed(ReflectiveMethodInvocation.java:184)
	at org.springframework.aop.framework.JdkDynamicAopProxy.invoke(JdkDynamicAopProxy.java:223)
	at jdk.proxy2/jdk.proxy2.$Proxy141.findByClassRoomIdOrderByDistributedAtAsc(Unknown Source)
	at com.example.assignment.DistributionService.listByClass(DistributionService.java:38)
	at java.base/jdk.internal.reflect.DirectMethodHandleAccessor.invoke(DirectMethodHandleAccessor.java:103)
	at java.base/java.lang.reflect.Method.invoke(Method.java:580)
	at org.springframework.transaction.interceptor.TransactionAspectSupport.invokeWithinTransaction(TransactionAspectSupport.java:392)
	at org.springframework.transaction.interceptor.TransactionInterceptor.invoke(TransactionInterceptor.java:119)
	at org.springframework.aop.framework.ReflectiveMethodInvocation.proceed(ReflectiveMethodInvocation.java:184)
	at org.springframework.aop.framework.CglibAopProxy$DynamicAdvisedInterceptor.intercept(CglibAopProxy.java:720)
	at com.example.assignment.DistributionService$$SpringCGLIB$$0.listByClass(<generated>)
	at com.example.assignment.DistributionController.redistribute(DistributionController.java:40)
	at java.base/jdk.internal.reflect.DirectMethodHandleAccessor.invoke(DirectMethodHandleAccessor.java:103)
	at java.base/java.lang.reflect.Method.invoke(Method.java:580)
	at org.springframework.web.method.support.InvocableHandlerMethod.doInvoke(InvocableHandlerMethod.java:255)
	at org.springframework.web.method.support.InvocableHandlerMethod.invokeForRequest(InvocableHandlerMethod.java:188)
	at org.springframework.web.servlet.mvc.method.annotation.ServletInvocableHandlerMethod.invokeAndHandle(ServletInvocableHandlerMethod.java:118)
	at org.springframework.web.servlet.mvc.method.annotation.RequestMappingHandlerAdapter.invokeHandlerMethod(RequestMappingHandlerAdapter.java:926)
	at org.springframework.web.servlet.DispatcherServlet.doDispatch(DispatcherServlet.java:1089)
	at org.springframework.web.servlet.FrameworkServlet.processRequest(FrameworkServlet.java:1014)
	... 44 more
Caused by: org.hibernate.FetchNotFoundException: Entity `com.example.assignment.Assignment` with identifier value `9` does not exist
	at org.hibernate.internal.SessionFactoryImpl$1.handleEntityNotFound(SessionFactoryImpl.java:305)
	at org.hibernate.sql.results.graph.entity.internal.EntityInitializerImpl.resolveInstance(EntityInitializerImpl.java:1027)
	at org.hibernate.sql.results.internal.InitializersList.resolveInstances(InitializersList.java:48)
	at org.hibernate.sql.results.internal.RowProcessingStateStandardImpl.finishRowProcessing(RowProcessingStateStandardImpl.java:141)
	at org.hibernate.sql.results.spi.ListResultsConsumer.consume(ListResultsConsumer.java:200)
	at org.hibernate.query.sqm.internal.ConcreteSqmSelectQueryPlan.executeQuery(ConcreteSqmSelectQueryPlan.java:370)
	... 73 common frames omitted
2026-09-17T14:31:55.148+09:00  INFO 1 --- [item-bank-api] [nio-8080-exec-3] c.example.common.GlobalExceptionHandler  : no handler for /robots.txt
2026-09-17T14:32:00.472+09:00  INFO 1 --- [item-bank-api] [nio-8080-exec-1] c.example.common.GlobalExceptionHandler  : bad request: Method parameter 'id': Failed to convert value of type 'java.lang.String' to required type 'java.lang.Integer'; For input string: "null" (/api/items/null)
2026-09-17T14:32:07.742+09:00  INFO 1 --- [item-bank-api] [nio-8080-exec-4] c.e.assignment.DistributionService       : redistributed distribution 43 (assignment 6, class 1) reason=STU-1007 요청 — 제출 화면 오류
2026-09-17T14:32:07.748+09:00 ERROR 1 --- [item-bank-api] [nio-8080-exec-4] c.example.common.GlobalExceptionHandler  : unhandled exception on /api/distributions/43/redistribute
org.springframework.orm.jpa.JpaObjectRetrievalFailureException: Entity `com.example.assignment.Assignment` with identifier value `9` does not exist
	at org.springframework.orm.jpa.EntityManagerFactoryUtils.convertJpaAccessExceptionIfPossible(EntityManagerFactoryUtils.java:379)
	at org.springframework.orm.jpa.vendor.HibernateJpaDialect.translateExceptionIfPossible(HibernateJpaDialect.java:246)
	at org.springframework.orm.jpa.AbstractEntityManagerFactoryBean.translateExceptionIfPossible(AbstractEntityManagerFactoryBean.java:560)
	at org.springframework.dao.support.ChainedPersistenceExceptionTranslator.translateExceptionIfPossible(ChainedPersistenceExceptionTranslator.java:61)
	at org.springframework.dao.support.DataAccessUtils.translateIfNecessary(DataAccessUtils.java:343)
	at org.springframework.dao.support.PersistenceExceptionTranslationInterceptor.invoke(PersistenceExceptionTranslationInterceptor.java:160)
	at org.springframework.aop.framework.ReflectiveMethodInvocation.proceed(ReflectiveMethodInvocation.java:184)
	at org.springframework.aop.framework.JdkDynamicAopProxy.invoke(JdkDynamicAopProxy.java:223)
	at jdk.proxy2/jdk.proxy2.$Proxy141.findByClassRoomIdOrderByDistributedAtAsc(Unknown Source)
	at com.example.assignment.DistributionService.listByClass(DistributionService.java:38)
	at java.base/jdk.internal.reflect.DirectMethodHandleAccessor.invoke(DirectMethodHandleAccessor.java:103)
	at java.base/java.lang.reflect.Method.invoke(Method.java:580)
	at org.springframework.transaction.interceptor.TransactionAspectSupport.invokeWithinTransaction(TransactionAspectSupport.java:392)
	at org.springframework.transaction.interceptor.TransactionInterceptor.invoke(TransactionInterceptor.java:119)
	at org.springframework.aop.framework.ReflectiveMethodInvocation.proceed(ReflectiveMethodInvocation.java:184)
	at org.springframework.aop.framework.CglibAopProxy$DynamicAdvisedInterceptor.intercept(CglibAopProxy.java:720)
	at com.example.assignment.DistributionService$$SpringCGLIB$$0.listByClass(<generated>)
	at com.example.assignment.DistributionController.redistribute(DistributionController.java:40)
	at java.base/jdk.internal.reflect.DirectMethodHandleAccessor.invoke(DirectMethodHandleAccessor.java:103)
	at java.base/java.lang.reflect.Method.invoke(Method.java:580)
	at org.springframework.web.method.support.InvocableHandlerMethod.doInvoke(InvocableHandlerMethod.java:255)
	at org.springframework.web.method.support.InvocableHandlerMethod.invokeForRequest(InvocableHandlerMethod.java:188)
	at org.springframework.web.servlet.mvc.method.annotation.ServletInvocableHandlerMethod.invokeAndHandle(ServletInvocableHandlerMethod.java:118)
	at org.springframework.web.servlet.mvc.method.annotation.RequestMappingHandlerAdapter.invokeHandlerMethod(RequestMappingHandlerAdapter.java:926)
	at org.springframework.web.servlet.DispatcherServlet.doDispatch(DispatcherServlet.java:1089)
	at org.springframework.web.servlet.FrameworkServlet.processRequest(FrameworkServlet.java:1014)
	... 44 more
Caused by: org.hibernate.FetchNotFoundException: Entity `com.example.assignment.Assignment` with identifier value `9` does not exist
	at org.hibernate.internal.SessionFactoryImpl$1.handleEntityNotFound(SessionFactoryImpl.java:305)
	at org.hibernate.sql.results.graph.entity.internal.EntityInitializerImpl.resolveInstance(EntityInitializerImpl.java:1027)
	at org.hibernate.sql.results.internal.InitializersList.resolveInstances(InitializersList.java:48)
	at org.hibernate.sql.results.internal.RowProcessingStateStandardImpl.finishRowProcessing(RowProcessingStateStandardImpl.java:141)
	at org.hibernate.sql.results.spi.ListResultsConsumer.consume(ListResultsConsumer.java:200)
	at org.hibernate.query.sqm.internal.ConcreteSqmSelectQueryPlan.executeQuery(ConcreteSqmSelectQueryPlan.java:370)
	... 73 common frames omitted
2026-09-17T14:32:20.507+09:00  INFO 1 --- [item-bank-api] [nio-8080-exec-5] c.example.common.GlobalExceptionHandler  : not found: 배포가 없습니다: id=14 (/api/distributions/14)
2026-09-17T14:32:25.526+09:00  INFO 1 --- [item-bank-api] [io-8080-exec-10] c.example.common.GlobalExceptionHandler  : not found: 문항이 없습니다: id=41 (/api/items/41)
2026-09-17T14:32:35.046+09:00  INFO 1 --- [item-bank-api] [io-8080-exec-10] c.example.common.GlobalExceptionHandler  : no handler for /robots.txt
2026-09-17T14:32:56.382+09:00  INFO 1 --- [item-bank-api] [nio-8080-exec-5] c.example.common.GlobalExceptionHandler  : no handler for /api/item/12
2026-09-17T14:33:02.051+09:00  INFO 1 --- [item-bank-api] [nio-8080-exec-6] c.example.common.GlobalExceptionHandler  : no handler for /api/unit
2026-09-17T14:33:24.793+09:00  INFO 1 --- [item-bank-api] [nio-8080-exec-4] c.example.common.GlobalExceptionHandler  : not found: 배포가 없습니다: id=11 (/api/distributions/11)
2026-09-17T14:33:25.873+09:00  INFO 1 --- [item-bank-api] [nio-8080-exec-1] c.example.common.GlobalExceptionHandler  : not found: 문항이 없습니다: id=59 (/api/items/59)
2026-09-17T14:33:45.752+09:00  INFO 1 --- [item-bank-api] [nio-8080-exec-2] c.example.common.GlobalExceptionHandler  : not found: 배포가 없습니다: id=11 (/api/distributions/11)
2026-09-17T14:34:12.130+09:00  INFO 1 --- [item-bank-api] [nio-8080-exec-9] c.e.assignment.DistributionService       : redistributed distribution 43 (assignment 6, class 1) reason=보강 수업 후 재배포
2026-09-17T14:34:12.136+09:00 ERROR 1 --- [item-bank-api] [nio-8080-exec-9] c.example.common.GlobalExceptionHandler  : unhandled exception on /api/distributions/43/redistribute
org.springframework.orm.jpa.JpaObjectRetrievalFailureException: Entity `com.example.assignment.Assignment` with identifier value `9` does not exist
	at org.springframework.orm.jpa.EntityManagerFactoryUtils.convertJpaAccessExceptionIfPossible(EntityManagerFactoryUtils.java:379)
	at org.springframework.orm.jpa.vendor.HibernateJpaDialect.translateExceptionIfPossible(HibernateJpaDialect.java:246)
	at org.springframework.orm.jpa.AbstractEntityManagerFactoryBean.translateExceptionIfPossible(AbstractEntityManagerFactoryBean.java:560)
	at org.springframework.dao.support.ChainedPersistenceExceptionTranslator.translateExceptionIfPossible(ChainedPersistenceExceptionTranslator.java:61)
	at org.springframework.dao.support.DataAccessUtils.translateIfNecessary(DataAccessUtils.java:343)
	at org.springframework.dao.support.PersistenceExceptionTranslationInterceptor.invoke(PersistenceExceptionTranslationInterceptor.java:160)
	at org.springframework.aop.framework.ReflectiveMethodInvocation.proceed(ReflectiveMethodInvocation.java:184)
	at org.springframework.aop.framework.JdkDynamicAopProxy.invoke(JdkDynamicAopProxy.java:223)
	at jdk.proxy2/jdk.proxy2.$Proxy141.findByClassRoomIdOrderByDistributedAtAsc(Unknown Source)
	at com.example.assignment.DistributionService.listByClass(DistributionService.java:38)
	at java.base/jdk.internal.reflect.DirectMethodHandleAccessor.invoke(DirectMethodHandleAccessor.java:103)
	at java.base/java.lang.reflect.Method.invoke(Method.java:580)
	at org.springframework.transaction.interceptor.TransactionAspectSupport.invokeWithinTransaction(TransactionAspectSupport.java:392)
	at org.springframework.transaction.interceptor.TransactionInterceptor.invoke(TransactionInterceptor.java:119)
	at org.springframework.aop.framework.ReflectiveMethodInvocation.proceed(ReflectiveMethodInvocation.java:184)
	at org.springframework.aop.framework.CglibAopProxy$DynamicAdvisedInterceptor.intercept(CglibAopProxy.java:720)
	at com.example.assignment.DistributionService$$SpringCGLIB$$0.listByClass(<generated>)
	at com.example.assignment.DistributionController.redistribute(DistributionController.java:40)
	at java.base/jdk.internal.reflect.DirectMethodHandleAccessor.invoke(DirectMethodHandleAccessor.java:103)
	at java.base/java.lang.reflect.Method.invoke(Method.java:580)
	at org.springframework.web.method.support.InvocableHandlerMethod.doInvoke(InvocableHandlerMethod.java:255)
	at org.springframework.web.method.support.InvocableHandlerMethod.invokeForRequest(InvocableHandlerMethod.java:188)
	at org.springframework.web.servlet.mvc.method.annotation.ServletInvocableHandlerMethod.invokeAndHandle(ServletInvocableHandlerMethod.java:118)
	at org.springframework.web.servlet.mvc.method.annotation.RequestMappingHandlerAdapter.invokeHandlerMethod(RequestMappingHandlerAdapter.java:926)
	at org.springframework.web.servlet.DispatcherServlet.doDispatch(DispatcherServlet.java:1089)
	at org.springframework.web.servlet.FrameworkServlet.processRequest(FrameworkServlet.java:1014)
	... 44 more
Caused by: org.hibernate.FetchNotFoundException: Entity `com.example.assignment.Assignment` with identifier value `9` does not exist
	at org.hibernate.internal.SessionFactoryImpl$1.handleEntityNotFound(SessionFactoryImpl.java:305)
	at org.hibernate.sql.results.graph.entity.internal.EntityInitializerImpl.resolveInstance(EntityInitializerImpl.java:1027)
	at org.hibernate.sql.results.internal.InitializersList.resolveInstances(InitializersList.java:48)
	at org.hibernate.sql.results.internal.RowProcessingStateStandardImpl.finishRowProcessing(RowProcessingStateStandardImpl.java:141)
	at org.hibernate.sql.results.spi.ListResultsConsumer.consume(ListResultsConsumer.java:200)
	at org.hibernate.query.sqm.internal.ConcreteSqmSelectQueryPlan.executeQuery(ConcreteSqmSelectQueryPlan.java:370)
	... 73 common frames omitted
2026-09-17T14:34:20.120+09:00  INFO 1 --- [item-bank-api] [nio-8080-exec-7] c.example.common.GlobalExceptionHandler  : not found: 문항이 없습니다: id=58 (/api/items/58)
2026-09-17T14:34:25.269+09:00  INFO 1 --- [item-bank-api] [nio-8080-exec-6] c.e.assignment.DistributionService       : redistributed distribution 43 (assignment 6, class 1) reason=STU-1007 요청 — 제출 화면 오류
2026-09-17T14:34:25.275+09:00 ERROR 1 --- [item-bank-api] [nio-8080-exec-6] c.example.common.GlobalExceptionHandler  : unhandled exception on /api/distributions/43/redistribute
org.springframework.orm.jpa.JpaObjectRetrievalFailureException: Entity `com.example.assignment.Assignment` with identifier value `9` does not exist
	at org.springframework.orm.jpa.EntityManagerFactoryUtils.convertJpaAccessExceptionIfPossible(EntityManagerFactoryUtils.java:379)
	at org.springframework.orm.jpa.vendor.HibernateJpaDialect.translateExceptionIfPossible(HibernateJpaDialect.java:246)
	at org.springframework.orm.jpa.AbstractEntityManagerFactoryBean.translateExceptionIfPossible(AbstractEntityManagerFactoryBean.java:560)
	at org.springframework.dao.support.ChainedPersistenceExceptionTranslator.translateExceptionIfPossible(ChainedPersistenceExceptionTranslator.java:61)
	at org.springframework.dao.support.DataAccessUtils.translateIfNecessary(DataAccessUtils.java:343)
	at org.springframework.dao.support.PersistenceExceptionTranslationInterceptor.invoke(PersistenceExceptionTranslationInterceptor.java:160)
	at org.springframework.aop.framework.ReflectiveMethodInvocation.proceed(ReflectiveMethodInvocation.java:184)
	at org.springframework.aop.framework.JdkDynamicAopProxy.invoke(JdkDynamicAopProxy.java:223)
	at jdk.proxy2/jdk.proxy2.$Proxy141.findByClassRoomIdOrderByDistributedAtAsc(Unknown Source)
	at com.example.assignment.DistributionService.listByClass(DistributionService.java:38)
	at java.base/jdk.internal.reflect.DirectMethodHandleAccessor.invoke(DirectMethodHandleAccessor.java:103)
	at java.base/java.lang.reflect.Method.invoke(Method.java:580)
	at org.springframework.transaction.interceptor.TransactionAspectSupport.invokeWithinTransaction(TransactionAspectSupport.java:392)
	at org.springframework.transaction.interceptor.TransactionInterceptor.invoke(TransactionInterceptor.java:119)
	at org.springframework.aop.framework.ReflectiveMethodInvocation.proceed(ReflectiveMethodInvocation.java:184)
	at org.springframework.aop.framework.CglibAopProxy$DynamicAdvisedInterceptor.intercept(CglibAopProxy.java:720)
	at com.example.assignment.DistributionService$$SpringCGLIB$$0.listByClass(<generated>)
	at com.example.assignment.DistributionController.redistribute(DistributionController.java:40)
	at java.base/jdk.internal.reflect.DirectMethodHandleAccessor.invoke(DirectMethodHandleAccessor.java:103)
	at java.base/java.lang.reflect.Method.invoke(Method.java:580)
	at org.springframework.web.method.support.InvocableHandlerMethod.doInvoke(InvocableHandlerMethod.java:255)
	at org.springframework.web.method.support.InvocableHandlerMethod.invokeForRequest(InvocableHandlerMethod.java:188)
	at org.springframework.web.servlet.mvc.method.annotation.ServletInvocableHandlerMethod.invokeAndHandle(ServletInvocableHandlerMethod.java:118)
	at org.springframework.web.servlet.mvc.method.annotation.RequestMappingHandlerAdapter.invokeHandlerMethod(RequestMappingHandlerAdapter.java:926)
	at org.springframework.web.servlet.DispatcherServlet.doDispatch(DispatcherServlet.java:1089)
	at org.springframework.web.servlet.FrameworkServlet.processRequest(FrameworkServlet.java:1014)
	... 44 more
Caused by: org.hibernate.FetchNotFoundException: Entity `com.example.assignment.Assignment` with identifier value `9` does not exist
	at org.hibernate.internal.SessionFactoryImpl$1.handleEntityNotFound(SessionFactoryImpl.java:305)
	at org.hibernate.sql.results.graph.entity.internal.EntityInitializerImpl.resolveInstance(EntityInitializerImpl.java:1027)
	at org.hibernate.sql.results.internal.InitializersList.resolveInstances(InitializersList.java:48)
	at org.hibernate.sql.results.internal.RowProcessingStateStandardImpl.finishRowProcessing(RowProcessingStateStandardImpl.java:141)
	at org.hibernate.sql.results.spi.ListResultsConsumer.consume(ListResultsConsumer.java:200)
	at org.hibernate.query.sqm.internal.ConcreteSqmSelectQueryPlan.executeQuery(ConcreteSqmSelectQueryPlan.java:370)
	... 73 common frames omitted
2026-09-17T14:34:45.433+09:00  INFO 1 --- [item-bank-api] [nio-8080-exec-5] c.e.assignment.DistributionService       : redistributed distribution 43 (assignment 6, class 1) reason=STU-1007 요청 — 제출 화면 오류
2026-09-17T14:34:45.439+09:00 ERROR 1 --- [item-bank-api] [nio-8080-exec-5] c.example.common.GlobalExceptionHandler  : unhandled exception on /api/distributions/43/redistribute
org.springframework.orm.jpa.JpaObjectRetrievalFailureException: Entity `com.example.assignment.Assignment` with identifier value `9` does not exist
	at org.springframework.orm.jpa.EntityManagerFactoryUtils.convertJpaAccessExceptionIfPossible(EntityManagerFactoryUtils.java:379)
	at org.springframework.orm.jpa.vendor.HibernateJpaDialect.translateExceptionIfPossible(HibernateJpaDialect.java:246)
	at org.springframework.orm.jpa.AbstractEntityManagerFactoryBean.translateExceptionIfPossible(AbstractEntityManagerFactoryBean.java:560)
	at org.springframework.dao.support.ChainedPersistenceExceptionTranslator.translateExceptionIfPossible(ChainedPersistenceExceptionTranslator.java:61)
	at org.springframework.dao.support.DataAccessUtils.translateIfNecessary(DataAccessUtils.java:343)
	at org.springframework.dao.support.PersistenceExceptionTranslationInterceptor.invoke(PersistenceExceptionTranslationInterceptor.java:160)
	at org.springframework.aop.framework.ReflectiveMethodInvocation.proceed(ReflectiveMethodInvocation.java:184)
	at org.springframework.aop.framework.JdkDynamicAopProxy.invoke(JdkDynamicAopProxy.java:223)
	at jdk.proxy2/jdk.proxy2.$Proxy141.findByClassRoomIdOrderByDistributedAtAsc(Unknown Source)
	at com.example.assignment.DistributionService.listByClass(DistributionService.java:38)
	at java.base/jdk.internal.reflect.DirectMethodHandleAccessor.invoke(DirectMethodHandleAccessor.java:103)
	at java.base/java.lang.reflect.Method.invoke(Method.java:580)
	at org.springframework.transaction.interceptor.TransactionAspectSupport.invokeWithinTransaction(TransactionAspectSupport.java:392)
	at org.springframework.transaction.interceptor.TransactionInterceptor.invoke(TransactionInterceptor.java:119)
	at org.springframework.aop.framework.ReflectiveMethodInvocation.proceed(ReflectiveMethodInvocation.java:184)
	at org.springframework.aop.framework.CglibAopProxy$DynamicAdvisedInterceptor.intercept(CglibAopProxy.java:720)
	at com.example.assignment.DistributionService$$SpringCGLIB$$0.listByClass(<generated>)
	at com.example.assignment.DistributionController.redistribute(DistributionController.java:40)
	at java.base/jdk.internal.reflect.DirectMethodHandleAccessor.invoke(DirectMethodHandleAccessor.java:103)
	at java.base/java.lang.reflect.Method.invoke(Method.java:580)
	at org.springframework.web.method.support.InvocableHandlerMethod.doInvoke(InvocableHandlerMethod.java:255)
	at org.springframework.web.method.support.InvocableHandlerMethod.invokeForRequest(InvocableHandlerMethod.java:188)
	at org.springframework.web.servlet.mvc.method.annotation.ServletInvocableHandlerMethod.invokeAndHandle(ServletInvocableHandlerMethod.java:118)
	at org.springframework.web.servlet.mvc.method.annotation.RequestMappingHandlerAdapter.invokeHandlerMethod(RequestMappingHandlerAdapter.java:926)
	at org.springframework.web.servlet.DispatcherServlet.doDispatch(DispatcherServlet.java:1089)
	at org.springframework.web.servlet.FrameworkServlet.processRequest(FrameworkServlet.java:1014)
	... 44 more
Caused by: org.hibernate.FetchNotFoundException: Entity `com.example.assignment.Assignment` with identifier value `9` does not exist
	at org.hibernate.internal.SessionFactoryImpl$1.handleEntityNotFound(SessionFactoryImpl.java:305)
	at org.hibernate.sql.results.graph.entity.internal.EntityInitializerImpl.resolveInstance(EntityInitializerImpl.java:1027)
	at org.hibernate.sql.results.internal.InitializersList.resolveInstances(InitializersList.java:48)
	at org.hibernate.sql.results.internal.RowProcessingStateStandardImpl.finishRowProcessing(RowProcessingStateStandardImpl.java:141)
	at org.hibernate.sql.results.spi.ListResultsConsumer.consume(ListResultsConsumer.java:200)
	at org.hibernate.query.sqm.internal.ConcreteSqmSelectQueryPlan.executeQuery(ConcreteSqmSelectQueryPlan.java:370)
	... 73 common frames omitted
2026-09-17T14:34:57.134+09:00  INFO 1 --- [item-bank-api] [nio-8080-exec-1] c.example.common.GlobalExceptionHandler  : no handler for /apple-touch-icon.png
2026-09-17T14:35:26.177+09:00  WARN 1 --- [item-bank-api] [nio-8080-exec-9] c.example.common.GlobalExceptionHandler  : state conflict: 마감된 과제는 재배포할 수 없습니다: distributionId=2 (/api/distributions/2/redistribute)
2026-09-17T14:35:38.579+09:00  INFO 1 --- [item-bank-api] [io-8080-exec-10] c.example.common.GlobalExceptionHandler  : no handler for /robots.txt
2026-09-17T14:35:51.595+09:00  INFO 1 --- [item-bank-api] [nio-8080-exec-7] c.example.common.GlobalExceptionHandler  : no handler for /robots.txt
2026-09-17T14:35:53.158+09:00  INFO 1 --- [item-bank-api] [nio-8080-exec-2] c.example.common.GlobalExceptionHandler  : not found: 배포가 없습니다: id=14 (/api/distributions/14)
2026-09-17T14:36:00.919+09:00  INFO 1 --- [item-bank-api] [nio-8080-exec-6] com.example.assignment.ReportService     : built class report for class 3: 3 distributions, 10 submissions
2026-09-17T14:36:50.954+09:00  INFO 1 --- [item-bank-api] [nio-8080-exec-6] c.example.common.GlobalExceptionHandler  : no handler for /apple-touch-icon.png
2026-09-17T14:36:51.522+09:00  INFO 1 --- [item-bank-api] [nio-8080-exec-3] c.example.common.GlobalExceptionHandler  : no handler for /api/item/12
2026-09-17T14:37:13.334+09:00  INFO 1 --- [item-bank-api] [nio-8080-exec-4] c.example.common.GlobalExceptionHandler  : not found: 문항이 없습니다: id=56 (/api/items/56)
2026-09-17T14:37:28.921+09:00  INFO 1 --- [item-bank-api] [nio-8080-exec-6] c.example.common.GlobalExceptionHandler  : no handler for /robots.txt
2026-09-17T14:37:36.148+09:00  INFO 1 --- [item-bank-api] [nio-8080-exec-3] c.example.common.GlobalExceptionHandler  : no handler for /robots.txt
2026-09-17T14:37:56.021+09:00  INFO 1 --- [item-bank-api] [nio-8080-exec-2] c.example.common.GlobalExceptionHandler  : no handler for /api/unit
2026-09-17T14:39:18.919+09:00  INFO 1 --- [item-bank-api] [nio-8080-exec-1] c.example.common.GlobalExceptionHandler  : no handler for /apple-touch-icon.png
2026-09-17T14:39:47.523+09:00  INFO 1 --- [item-bank-api] [nio-8080-exec-5] c.example.common.GlobalExceptionHandler  : no handler for /robots.txt
2026-09-17T14:39:57.905+09:00  INFO 1 --- [item-bank-api] [io-8080-exec-10] c.example.common.GlobalExceptionHandler  : no handler for /favicon.ico
