2026-09-16T06:06:45.471+09:00  INFO 1 --- [item-bank-api] [nio-8080-exec-6] c.example.common.GlobalExceptionHandler  : no handler for /apple-touch-icon.png
2026-09-16T06:07:19.296+09:00  INFO 1 --- [item-bank-api] [nio-8080-exec-5] c.example.common.GlobalExceptionHandler  : no handler for /favicon.ico
2026-09-16T06:08:17.667+09:00  INFO 1 --- [item-bank-api] [nio-8080-exec-4] c.example.common.GlobalExceptionHandler  : no handler for /api/item/12
2026-09-16T06:08:39.144+09:00  INFO 1 --- [item-bank-api] [nio-8080-exec-8] c.example.common.GlobalExceptionHandler  : no handler for /api/unit
2026-09-16T06:08:42.445+09:00  INFO 1 --- [item-bank-api] [io-8080-exec-10] c.example.common.GlobalExceptionHandler  : no handler for /apple-touch-icon.png
2026-09-16T06:09:21.199+09:00  INFO 1 --- [item-bank-api] [nio-8080-exec-5] c.example.common.GlobalExceptionHandler  : no handler for /apple-touch-icon.png
2026-09-16T06:09:45.851+09:00  INFO 1 --- [item-bank-api] [nio-8080-exec-7] c.example.common.GlobalExceptionHandler  : no handler for /api/unit
2026-09-16T06:11:08.219+09:00  INFO 1 --- [item-bank-api] [nio-8080-exec-8] c.example.common.GlobalExceptionHandler  : bad request: Method parameter 'id': Failed to convert value of type 'java.lang.String' to required type 'java.lang.Integer'; For input string: "undefined" (/api/items/undefined)
2026-09-16T06:11:09.246+09:00  INFO 1 --- [item-bank-api] [nio-8080-exec-5] c.example.common.GlobalExceptionHandler  : no handler for /api/unit
2026-09-16T06:11:12.037+09:00  INFO 1 --- [item-bank-api] [nio-8080-exec-3] c.example.common.GlobalExceptionHandler  : not found: 배포가 없습니다: id=13 (/api/distributions/13)
2026-09-16T06:13:05.212+09:00  INFO 1 --- [item-bank-api] [nio-8080-exec-3] c.example.common.GlobalExceptionHandler  : no handler for /favicon.ico
2026-09-16T06:14:17.251+09:00  INFO 1 --- [item-bank-api] [nio-8080-exec-4] c.example.common.GlobalExceptionHandler  : not found: 단원이 없습니다: code=M7-1 (/api/units/M7-1/items)
2026-09-16T06:15:35.998+09:00  INFO 1 --- [item-bank-api] [nio-8080-exec-9] c.example.common.GlobalExceptionHandler  : not found: 문항이 없습니다: id=45 (/api/items/45)
2026-09-16T06:18:24.275+09:00  INFO 1 --- [item-bank-api] [nio-8080-exec-8] c.example.common.GlobalExceptionHandler  : no handler for /apple-touch-icon.png
2026-09-16T06:19:09.356+09:00  INFO 1 --- [item-bank-api] [nio-8080-exec-8] c.example.common.GlobalExceptionHandler  : no handler for /api/item/12
2026-09-16T06:19:21.999+09:00  INFO 1 --- [item-bank-api] [io-8080-exec-10] c.example.common.GlobalExceptionHandler  : not found: 문항이 없습니다: id=41 (/api/items/41)
2026-09-16T06:21:26.378+09:00  INFO 1 --- [item-bank-api] [nio-8080-exec-4] c.example.common.GlobalExceptionHandler  : no handler for /robots.txt
2026-09-16T06:22:55.828+09:00  INFO 1 --- [item-bank-api] [nio-8080-exec-2] c.example.common.GlobalExceptionHandler  : no handler for /apple-touch-icon.png
2026-09-16T06:25:08.652+09:00  INFO 1 --- [item-bank-api] [nio-8080-exec-1] c.example.common.GlobalExceptionHandler  : no handler for /api/item/12
2026-09-16T06:28:01.897+09:00  INFO 1 --- [item-bank-api] [nio-8080-exec-1] c.example.common.GlobalExceptionHandler  : no handler for /api/item/12
2026-09-16T06:28:22.250+09:00  INFO 1 --- [item-bank-api] [nio-8080-exec-7] c.example.common.GlobalExceptionHandler  : no handler for /robots.txt
2026-09-16T06:28:23.400+09:00  INFO 1 --- [item-bank-api] [nio-8080-exec-8] c.example.common.GlobalExceptionHandler  : no handler for /favicon.ico
2026-09-16T06:29:00.216+09:00  INFO 1 --- [item-bank-api] [nio-8080-exec-6] c.example.common.GlobalExceptionHandler  : not found: 문항이 없습니다: id=49 (/api/items/49)
2026-09-16T06:32:21.635+09:00  INFO 1 --- [item-bank-api] [nio-8080-exec-2] c.example.common.GlobalExceptionHandler  : not found: 배포가 없습니다: id=14 (/api/distributions/14)
2026-09-16T06:36:20.564+09:00  INFO 1 --- [item-bank-api] [nio-8080-exec-3] c.example.common.GlobalExceptionHandler  : no handler for /apple-touch-icon.png
2026-09-16T06:36:35.714+09:00  INFO 1 --- [item-bank-api] [nio-8080-exec-8] c.example.common.GlobalExceptionHandler  : not found: 문항이 없습니다: id=42 (/api/items/42)
2026-09-16T06:38:03.091+09:00  INFO 1 --- [item-bank-api] [nio-8080-exec-2] c.example.common.GlobalExceptionHandler  : no handler for /robots.txt
2026-09-16T06:38:12.590+09:00  INFO 1 --- [item-bank-api] [nio-8080-exec-1] c.example.common.GlobalExceptionHandler  : no handler for /api/item/12
2026-09-16T06:38:19.111+09:00  INFO 1 --- [item-bank-api] [io-8080-exec-10] c.example.common.GlobalExceptionHandler  : not found: 문항이 없습니다: id=64 (/api/items/64)
2026-09-16T06:38:53.316+09:00  INFO 1 --- [item-bank-api] [nio-8080-exec-6] c.example.common.GlobalExceptionHandler  : not found: 문항이 없습니다: id=57 (/api/items/57)
2026-09-16T06:40:38.916+09:00  INFO 1 --- [item-bank-api] [nio-8080-exec-6] c.example.common.GlobalExceptionHandler  : no handler for /favicon.ico
2026-09-16T06:40:53.866+09:00  INFO 1 --- [item-bank-api] [nio-8080-exec-8] c.example.common.GlobalExceptionHandler  : no handler for /favicon.ico
2026-09-16T06:41:46.451+09:00  INFO 1 --- [item-bank-api] [nio-8080-exec-7] c.example.common.GlobalExceptionHandler  : no handler for /apple-touch-icon.png
2026-09-16T06:42:27.113+09:00  INFO 1 --- [item-bank-api] [nio-8080-exec-7] c.example.common.GlobalExceptionHandler  : no handler for /api/item/12
2026-09-16T06:43:56.753+09:00  INFO 1 --- [item-bank-api] [nio-8080-exec-5] c.example.common.GlobalExceptionHandler  : not found: 문항이 없습니다: id=45 (/api/items/45)
2026-09-16T06:44:06.259+09:00  INFO 1 --- [item-bank-api] [nio-8080-exec-9] c.example.common.GlobalExceptionHandler  : no handler for /api/unit
2026-09-16T06:45:12.954+09:00  INFO 1 --- [item-bank-api] [nio-8080-exec-7] c.example.common.GlobalExceptionHandler  : not found: 문항이 없습니다: id=39 (/api/items/39)
2026-09-16T06:46:24.715+09:00  INFO 1 --- [item-bank-api] [nio-8080-exec-4] c.example.common.GlobalExceptionHandler  : bad request: Method parameter 'id': Failed to convert value of type 'java.lang.String' to required type 'java.lang.Integer'; For input string: "NaN" (/api/items/NaN)
2026-09-16T06:47:38.968+09:00  INFO 1 --- [item-bank-api] [nio-8080-exec-1] c.example.common.GlobalExceptionHandler  : not found: 문항이 없습니다: id=32 (/api/items/32)
2026-09-16T06:48:04.945+09:00  INFO 1 --- [item-bank-api] [nio-8080-exec-3] c.example.common.GlobalExceptionHandler  : no handler for /apple-touch-icon.png
2026-09-16T06:48:07.203+09:00  INFO 1 --- [item-bank-api] [nio-8080-exec-2] c.example.common.GlobalExceptionHandler  : no handler for /apple-touch-icon.png
2026-09-16T06:50:14.472+09:00  INFO 1 --- [item-bank-api] [nio-8080-exec-5] c.example.common.GlobalExceptionHandler  : no handler for /robots.txt
2026-09-16T06:53:01.797+09:00  INFO 1 --- [item-bank-api] [nio-8080-exec-1] c.example.common.GlobalExceptionHandler  : no handler for /api/item/12
2026-09-16T06:53:05.141+09:00  INFO 1 --- [item-bank-api] [nio-8080-exec-1] c.example.common.GlobalExceptionHandler  : no handler for /favicon.ico
2026-09-16T06:53:07.258+09:00  INFO 1 --- [item-bank-api] [io-8080-exec-10] c.example.common.GlobalExceptionHandler  : not found: 문항이 없습니다: id=37 (/api/items/37)
2026-09-16T06:53:18.317+09:00  INFO 1 --- [item-bank-api] [nio-8080-exec-7] c.example.common.GlobalExceptionHandler  : bad request: Method parameter 'id': Failed to convert value of type 'java.lang.String' to required type 'java.lang.Integer'; For input string: "undefined" (/api/items/undefined)
2026-09-16T06:54:14.551+09:00  INFO 1 --- [item-bank-api] [nio-8080-exec-2] c.example.common.GlobalExceptionHandler  : not found: 문항이 없습니다: id=47 (/api/items/47)
2026-09-16T06:54:19.872+09:00  INFO 1 --- [item-bank-api] [io-8080-exec-10] c.example.common.GlobalExceptionHandler  : no handler for /favicon.ico
2026-09-16T06:54:46.763+09:00  INFO 1 --- [item-bank-api] [nio-8080-exec-5] c.example.common.GlobalExceptionHandler  : not found: 문항이 없습니다: id=34 (/api/items/34)
2026-09-16T06:55:12.221+09:00  INFO 1 --- [item-bank-api] [nio-8080-exec-9] c.example.common.GlobalExceptionHandler  : no handler for /api/item/12
2026-09-16T06:55:13.318+09:00  INFO 1 --- [item-bank-api] [nio-8080-exec-3] c.example.common.GlobalExceptionHandler  : not found: 문항이 없습니다: id=57 (/api/items/57)
2026-09-16T06:55:54.678+09:00  INFO 1 --- [item-bank-api] [nio-8080-exec-8] c.example.common.GlobalExceptionHandler  : no handler for /api/item/12
2026-09-16T06:57:16.172+09:00  INFO 1 --- [item-bank-api] [nio-8080-exec-2] c.example.common.GlobalExceptionHandler  : no handler for /api/unit
2026-09-16T06:57:55.506+09:00  INFO 1 --- [item-bank-api] [nio-8080-exec-3] c.example.common.GlobalExceptionHandler  : not found: 문항이 없습니다: id=40 (/api/items/40)
2026-09-16T06:58:29.418+09:00  INFO 1 --- [item-bank-api] [nio-8080-exec-4] c.example.common.GlobalExceptionHandler  : no handler for /apple-touch-icon.png
2026-09-16T06:58:39.364+09:00  INFO 1 --- [item-bank-api] [nio-8080-exec-3] c.example.common.GlobalExceptionHandler  : no handler for /api/unit
2026-09-16T06:58:55.702+09:00  INFO 1 --- [item-bank-api] [nio-8080-exec-2] c.example.common.GlobalExceptionHandler  : no handler for /api/item/12
2026-09-16T06:59:28.820+09:00  INFO 1 --- [item-bank-api] [nio-8080-exec-6] c.example.common.GlobalExceptionHandler  : no handler for /api/unit
2026-09-16T07:00:24.132+09:00  INFO 1 --- [item-bank-api] [io-8080-exec-10] c.example.common.GlobalExceptionHandler  : no handler for /api/unit
2026-09-16T07:00:36.435+09:00  INFO 1 --- [item-bank-api] [nio-8080-exec-5] c.example.common.GlobalExceptionHandler  : no handler for /api/item/12
2026-09-16T07:00:37.609+09:00  INFO 1 --- [item-bank-api] [nio-8080-exec-8] c.example.common.GlobalExceptionHandler  : no handler for /apple-touch-icon.png
2026-09-16T07:01:58.966+09:00  INFO 1 --- [item-bank-api] [nio-8080-exec-5] c.example.common.GlobalExceptionHandler  : no handler for /api/item/12
2026-09-16T07:02:28.998+09:00  INFO 1 --- [item-bank-api] [nio-8080-exec-7] c.example.common.GlobalExceptionHandler  : no handler for /favicon.ico
2026-09-16T07:02:31.818+09:00  INFO 1 --- [item-bank-api] [nio-8080-exec-7] c.example.common.GlobalExceptionHandler  : no handler for /api/unit
2026-09-16T07:02:38.615+09:00  INFO 1 --- [item-bank-api] [nio-8080-exec-4] c.example.common.GlobalExceptionHandler  : no handler for /robots.txt
2026-09-16T07:04:43.924+09:00  INFO 1 --- [item-bank-api] [nio-8080-exec-9] c.example.common.GlobalExceptionHandler  : no handler for /apple-touch-icon.png
2026-09-16T07:05:50.632+09:00  INFO 1 --- [item-bank-api] [nio-8080-exec-7] c.example.common.GlobalExceptionHandler  : no handler for /api/unit
2026-09-16T07:06:38.483+09:00  INFO 1 --- [item-bank-api] [nio-8080-exec-4] c.example.common.GlobalExceptionHandler  : no handler for /robots.txt
2026-09-16T07:07:30.442+09:00  INFO 1 --- [item-bank-api] [nio-8080-exec-6] c.example.common.GlobalExceptionHandler  : no handler for /apple-touch-icon.png
2026-09-16T07:07:35.091+09:00  INFO 1 --- [item-bank-api] [nio-8080-exec-5] c.example.common.GlobalExceptionHandler  : no handler for /apple-touch-icon.png
2026-09-16T07:08:13.006+09:00  INFO 1 --- [item-bank-api] [nio-8080-exec-5] c.example.common.GlobalExceptionHandler  : not found: 단원이 없습니다: code=M7-1 (/api/units/M7-1/items)
2026-09-16T07:08:32.030+09:00  INFO 1 --- [item-bank-api] [io-8080-exec-10] c.example.common.GlobalExceptionHandler  : no handler for /apple-touch-icon.png
2026-09-16T07:08:42.078+09:00  INFO 1 --- [item-bank-api] [nio-8080-exec-9] c.example.common.GlobalExceptionHandler  : no handler for /robots.txt
2026-09-16T07:09:18.530+09:00  INFO 1 --- [item-bank-api] [nio-8080-exec-3] c.example.common.GlobalExceptionHandler  : no handler for /robots.txt
2026-09-16T07:09:40.034+09:00  INFO 1 --- [item-bank-api] [nio-8080-exec-9] c.example.common.GlobalExceptionHandler  : not found: 문항이 없습니다: id=56 (/api/items/56)
2026-09-16T07:09:56.445+09:00  INFO 1 --- [item-bank-api] [io-8080-exec-10] c.example.common.GlobalExceptionHandler  : no handler for /robots.txt
2026-09-16T07:10:32.509+09:00  INFO 1 --- [item-bank-api] [nio-8080-exec-7] c.example.common.GlobalExceptionHandler  : not found: 문항이 없습니다: id=54 (/api/items/54)
2026-09-16T07:10:54.795+09:00  INFO 1 --- [item-bank-api] [nio-8080-exec-6] c.example.common.GlobalExceptionHandler  : no handler for /favicon.ico
2026-09-16T07:11:25.334+09:00  INFO 1 --- [item-bank-api] [nio-8080-exec-4] c.example.common.GlobalExceptionHandler  : no handler for /api/item/12
2026-09-16T07:12:40.222+09:00  INFO 1 --- [item-bank-api] [nio-8080-exec-9] c.example.common.GlobalExceptionHandler  : not found: 문항이 없습니다: id=44 (/api/items/44)
2026-09-16T07:12:51.314+09:00  INFO 1 --- [item-bank-api] [nio-8080-exec-6] c.example.common.GlobalExceptionHandler  : no handler for /robots.txt
2026-09-16T07:13:23.122+09:00  INFO 1 --- [item-bank-api] [nio-8080-exec-9] c.example.common.GlobalExceptionHandler  : no handler for /robots.txt
2026-09-16T07:13:32.968+09:00  INFO 1 --- [item-bank-api] [nio-8080-exec-2] c.example.common.GlobalExceptionHandler  : not found: 문항이 없습니다: id=63 (/api/items/63)
2026-09-16T07:14:02.314+09:00  INFO 1 --- [item-bank-api] [nio-8080-exec-7] c.example.common.GlobalExceptionHandler  : no handler for /apple-touch-icon.png
2026-09-16T07:14:06.527+09:00  INFO 1 --- [item-bank-api] [nio-8080-exec-3] c.example.common.GlobalExceptionHandler  : no handler for /api/item/12
2026-09-16T07:14:32.326+09:00  INFO 1 --- [item-bank-api] [nio-8080-exec-3] c.example.common.GlobalExceptionHandler  : not found: 문항이 없습니다: id=61 (/api/items/61)
2026-09-16T07:14:37.455+09:00  INFO 1 --- [item-bank-api] [nio-8080-exec-2] c.example.common.GlobalExceptionHandler  : not found: 문항이 없습니다: id=44 (/api/items/44)
2026-09-16T07:14:47.486+09:00  INFO 1 --- [item-bank-api] [nio-8080-exec-1] c.example.common.GlobalExceptionHandler  : no handler for /api/item/12
2026-09-16T07:15:57.019+09:00  INFO 1 --- [item-bank-api] [nio-8080-exec-1] c.example.common.GlobalExceptionHandler  : no handler for /favicon.ico
2026-09-16T07:16:35.840+09:00  INFO 1 --- [item-bank-api] [nio-8080-exec-6] c.example.common.GlobalExceptionHandler  : no handler for /robots.txt
2026-09-16T07:16:40.092+09:00  INFO 1 --- [item-bank-api] [nio-8080-exec-5] c.example.common.GlobalExceptionHandler  : no handler for /favicon.ico
2026-09-16T07:17:16.842+09:00  INFO 1 --- [item-bank-api] [nio-8080-exec-9] c.example.common.GlobalExceptionHandler  : no handler for /robots.txt
2026-09-16T07:18:04.259+09:00  INFO 1 --- [item-bank-api] [nio-8080-exec-9] c.example.common.GlobalExceptionHandler  : no handler for /robots.txt
2026-09-16T07:19:19.528+09:00  INFO 1 --- [item-bank-api] [nio-8080-exec-4] c.example.common.GlobalExceptionHandler  : no handler for /api/unit
2026-09-16T07:20:03.436+09:00  INFO 1 --- [item-bank-api] [nio-8080-exec-1] c.example.common.GlobalExceptionHandler  : no handler for /api/item/12
2026-09-16T07:20:19.321+09:00  INFO 1 --- [item-bank-api] [nio-8080-exec-6] c.example.common.GlobalExceptionHandler  : no handler for /apple-touch-icon.png
2026-09-16T07:20:35.730+09:00  INFO 1 --- [item-bank-api] [nio-8080-exec-9] c.example.common.GlobalExceptionHandler  : no handler for /favicon.ico
2026-09-16T07:21:48.341+09:00  INFO 1 --- [item-bank-api] [nio-8080-exec-1] c.example.common.GlobalExceptionHandler  : no handler for /apple-touch-icon.png
2026-09-16T07:24:51.174+09:00  INFO 1 --- [item-bank-api] [nio-8080-exec-9] c.example.common.GlobalExceptionHandler  : no handler for /robots.txt
2026-09-16T07:26:18.884+09:00  INFO 1 --- [item-bank-api] [nio-8080-exec-8] c.example.common.GlobalExceptionHandler  : no handler for /api/item/12
2026-09-16T07:26:44.345+09:00  INFO 1 --- [item-bank-api] [nio-8080-exec-1] c.example.common.GlobalExceptionHandler  : no handler for /robots.txt
2026-09-16T07:26:49.216+09:00  INFO 1 --- [item-bank-api] [nio-8080-exec-8] c.example.common.GlobalExceptionHandler  : no handler for /apple-touch-icon.png
2026-09-16T07:26:55.783+09:00  INFO 1 --- [item-bank-api] [nio-8080-exec-4] c.example.common.GlobalExceptionHandler  : no handler for /robots.txt
2026-09-16T07:27:29.347+09:00  INFO 1 --- [item-bank-api] [nio-8080-exec-7] c.example.common.GlobalExceptionHandler  : not found: 배포가 없습니다: id=9 (/api/distributions/9)
2026-09-16T07:27:45.892+09:00  INFO 1 --- [item-bank-api] [nio-8080-exec-5] c.example.common.GlobalExceptionHandler  : no handler for /robots.txt
2026-09-16T07:27:54.213+09:00  INFO 1 --- [item-bank-api] [nio-8080-exec-1] c.example.common.GlobalExceptionHandler  : no handler for /favicon.ico
2026-09-16T07:28:10.223+09:00  INFO 1 --- [item-bank-api] [nio-8080-exec-5] c.example.common.GlobalExceptionHandler  : no handler for /api/unit
2026-09-16T07:28:41.128+09:00  INFO 1 --- [item-bank-api] [nio-8080-exec-3] c.example.common.GlobalExceptionHandler  : no handler for /favicon.ico
2026-09-16T07:28:43.272+09:00  INFO 1 --- [item-bank-api] [io-8080-exec-10] c.example.common.GlobalExceptionHandler  : not found: 배포가 없습니다: id=11 (/api/distributions/11)
2026-09-16T07:28:55.696+09:00  INFO 1 --- [item-bank-api] [nio-8080-exec-9] c.example.common.GlobalExceptionHandler  : no handler for /favicon.ico
2026-09-16T07:29:28.802+09:00  INFO 1 --- [item-bank-api] [nio-8080-exec-5] c.example.common.GlobalExceptionHandler  : no handler for /apple-touch-icon.png
2026-09-16T07:30:08.376+09:00  INFO 1 --- [item-bank-api] [nio-8080-exec-3] c.example.common.GlobalExceptionHandler  : no handler for /apple-touch-icon.png
2026-09-16T07:30:33.633+09:00  INFO 1 --- [item-bank-api] [nio-8080-exec-4] c.example.common.GlobalExceptionHandler  : not found: 단원이 없습니다: code=M7-1 (/api/units/M7-1/items)
2026-09-16T07:31:24.005+09:00  INFO 1 --- [item-bank-api] [nio-8080-exec-6] c.example.common.GlobalExceptionHandler  : not found: 문항이 없습니다: id=64 (/api/items/64)
2026-09-16T07:31:27.974+09:00  INFO 1 --- [item-bank-api] [nio-8080-exec-6] c.example.common.GlobalExceptionHandler  : no handler for /favicon.ico
2026-09-16T07:31:55.387+09:00  INFO 1 --- [item-bank-api] [nio-8080-exec-8] c.example.common.GlobalExceptionHandler  : no handler for /robots.txt
2026-09-16T07:32:09.820+09:00  INFO 1 --- [item-bank-api] [nio-8080-exec-3] c.example.common.GlobalExceptionHandler  : no handler for /api/item/12
2026-09-16T07:32:30.795+09:00  INFO 1 --- [item-bank-api] [nio-8080-exec-6] c.example.common.GlobalExceptionHandler  : no handler for /api/unit
2026-09-16T07:32:34.296+09:00  INFO 1 --- [item-bank-api] [nio-8080-exec-6] c.example.common.GlobalExceptionHandler  : no handler for /api/item/12
2026-09-16T07:33:08.010+09:00  INFO 1 --- [item-bank-api] [nio-8080-exec-9] c.example.common.GlobalExceptionHandler  : bad request: Method parameter 'id': Failed to convert value of type 'java.lang.String' to required type 'java.lang.Integer'; For input string: "null" (/api/items/null)
2026-09-16T07:33:22.294+09:00  INFO 1 --- [item-bank-api] [nio-8080-exec-6] c.example.common.GlobalExceptionHandler  : no handler for /apple-touch-icon.png
2026-09-16T07:33:24.672+09:00  INFO 1 --- [item-bank-api] [nio-8080-exec-4] c.example.common.GlobalExceptionHandler  : no handler for /robots.txt
2026-09-16T07:34:05.529+09:00  INFO 1 --- [item-bank-api] [nio-8080-exec-2] c.example.common.GlobalExceptionHandler  : no handler for /robots.txt
2026-09-16T07:35:15.332+09:00  INFO 1 --- [item-bank-api] [nio-8080-exec-5] c.example.common.GlobalExceptionHandler  : no handler for /robots.txt
2026-09-16T07:36:07.890+09:00  INFO 1 --- [item-bank-api] [nio-8080-exec-6] c.example.common.GlobalExceptionHandler  : no handler for /apple-touch-icon.png
2026-09-16T07:36:46.846+09:00  INFO 1 --- [item-bank-api] [nio-8080-exec-3] c.example.common.GlobalExceptionHandler  : no handler for /api/item/12
2026-09-16T07:36:49.888+09:00  INFO 1 --- [item-bank-api] [nio-8080-exec-8] c.example.common.GlobalExceptionHandler  : not found: 문항이 없습니다: id=61 (/api/items/61)
2026-09-16T07:36:58.059+09:00  INFO 1 --- [item-bank-api] [nio-8080-exec-2] c.example.common.GlobalExceptionHandler  : no handler for /robots.txt
2026-09-16T07:37:31.967+09:00  INFO 1 --- [item-bank-api] [nio-8080-exec-3] c.example.common.GlobalExceptionHandler  : no handler for /favicon.ico
2026-09-16T07:37:38.152+09:00  INFO 1 --- [item-bank-api] [nio-8080-exec-5] c.example.common.GlobalExceptionHandler  : not found: 배포가 없습니다: id=9 (/api/distributions/9)
2026-09-16T07:39:40.149+09:00  INFO 1 --- [item-bank-api] [nio-8080-exec-5] c.example.common.GlobalExceptionHandler  : no handler for /favicon.ico
2026-09-16T07:40:00.181+09:00  INFO 1 --- [item-bank-api] [nio-8080-exec-6] c.example.common.GlobalExceptionHandler  : not found: 문항이 없습니다: id=49 (/api/items/49)
2026-09-16T07:40:21.346+09:00  INFO 1 --- [item-bank-api] [nio-8080-exec-8] c.example.common.GlobalExceptionHandler  : no handler for /api/item/12
2026-09-16T07:40:33.952+09:00  INFO 1 --- [item-bank-api] [nio-8080-exec-6] c.example.common.GlobalExceptionHandler  : no handler for /apple-touch-icon.png
2026-09-16T07:40:41.122+09:00  INFO 1 --- [item-bank-api] [nio-8080-exec-1] c.example.common.GlobalExceptionHandler  : no handler for /api/item/12
2026-09-16T07:41:19.872+09:00  INFO 1 --- [item-bank-api] [nio-8080-exec-3] c.example.common.GlobalExceptionHandler  : not found: 문항이 없습니다: id=57 (/api/items/57)
2026-09-16T07:42:52.929+09:00  INFO 1 --- [item-bank-api] [nio-8080-exec-8] c.example.common.GlobalExceptionHandler  : not found: 배포가 없습니다: id=12 (/api/distributions/12)
2026-09-16T07:43:22.355+09:00  INFO 1 --- [item-bank-api] [nio-8080-exec-4] com.example.assignment.ReportService     : built class report for class 1: 3 distributions, 10 submissions
2026-09-16T07:43:34.949+09:00  INFO 1 --- [item-bank-api] [nio-8080-exec-5] c.example.common.GlobalExceptionHandler  : no handler for /api/unit
2026-09-16T07:44:52.645+09:00  INFO 1 --- [item-bank-api] [nio-8080-exec-6] c.example.common.GlobalExceptionHandler  : no handler for /api/item/12
2026-09-16T07:45:17.293+09:00  INFO 1 --- [item-bank-api] [nio-8080-exec-7] c.example.common.GlobalExceptionHandler  : no handler for /api/item/12
2026-09-16T07:45:27.477+09:00  INFO 1 --- [item-bank-api] [nio-8080-exec-1] c.example.common.GlobalExceptionHandler  : not found: 배포가 없습니다: id=13 (/api/distributions/13)
2026-09-16T07:46:11.928+09:00  INFO 1 --- [item-bank-api] [nio-8080-exec-6] c.example.common.GlobalExceptionHandler  : no handler for /robots.txt
2026-09-16T07:46:55.932+09:00  INFO 1 --- [item-bank-api] [nio-8080-exec-2] c.example.common.GlobalExceptionHandler  : no handler for /api/item/12
2026-09-16T07:46:59.167+09:00  INFO 1 --- [item-bank-api] [nio-8080-exec-5] c.example.common.GlobalExceptionHandler  : no handler for /api/unit
2026-09-16T07:47:02.999+09:00  INFO 1 --- [item-bank-api] [nio-8080-exec-1] com.example.assignment.ReportService     : built class report for class 2: 3 distributions, 10 submissions
2026-09-16T07:47:42.106+09:00  INFO 1 --- [item-bank-api] [nio-8080-exec-8] c.example.common.GlobalExceptionHandler  : no handler for /api/unit
2026-09-16T07:48:40.801+09:00  INFO 1 --- [item-bank-api] [nio-8080-exec-4] c.example.common.GlobalExceptionHandler  : no handler for /apple-touch-icon.png
2026-09-16T07:49:51.461+09:00  INFO 1 --- [item-bank-api] [nio-8080-exec-8] c.example.common.GlobalExceptionHandler  : not found: 단원이 없습니다: code=M7-1 (/api/units/M7-1/items)
2026-09-16T07:51:20.882+09:00  INFO 1 --- [item-bank-api] [nio-8080-exec-3] c.example.common.GlobalExceptionHandler  : not found: 배포가 없습니다: id=13 (/api/distributions/13)
2026-09-16T07:51:35.655+09:00  INFO 1 --- [item-bank-api] [nio-8080-exec-4] c.example.common.GlobalExceptionHandler  : bad request: Method parameter 'id': Failed to convert value of type 'java.lang.String' to required type 'java.lang.Integer'; For input string: "undefined" (/api/items/undefined)
2026-09-16T07:51:45.529+09:00  INFO 1 --- [item-bank-api] [io-8080-exec-10] c.example.common.GlobalExceptionHandler  : no handler for /favicon.ico
2026-09-16T07:52:19.184+09:00  INFO 1 --- [item-bank-api] [nio-8080-exec-9] com.example.assignment.ReportService     : built class report for class 3: 3 distributions, 10 submissions
2026-09-16T07:53:31.235+09:00  INFO 1 --- [item-bank-api] [nio-8080-exec-8] c.example.common.GlobalExceptionHandler  : no handler for /favicon.ico
2026-09-16T07:53:52.115+09:00  INFO 1 --- [item-bank-api] [nio-8080-exec-1] c.example.common.GlobalExceptionHandler  : no handler for /api/item/12
2026-09-16T07:54:46.947+09:00  INFO 1 --- [item-bank-api] [io-8080-exec-10] c.example.common.GlobalExceptionHandler  : not found: 문항이 없습니다: id=46 (/api/items/46)
2026-09-16T07:55:11.042+09:00  INFO 1 --- [item-bank-api] [nio-8080-exec-9] c.example.common.GlobalExceptionHandler  : no handler for /api/item/12
2026-09-16T07:55:23.255+09:00  INFO 1 --- [item-bank-api] [nio-8080-exec-7] c.example.common.GlobalExceptionHandler  : no handler for /robots.txt
2026-09-16T07:57:49.264+09:00  INFO 1 --- [item-bank-api] [nio-8080-exec-2] c.example.common.GlobalExceptionHandler  : not found: 문항이 없습니다: id=38 (/api/items/38)
2026-09-16T07:57:49.566+09:00  INFO 1 --- [item-bank-api] [io-8080-exec-10] c.example.common.GlobalExceptionHandler  : no handler for /api/item/12
2026-09-16T07:57:53.054+09:00  INFO 1 --- [item-bank-api] [nio-8080-exec-2] c.example.common.GlobalExceptionHandler  : no handler for /apple-touch-icon.png
2026-09-16T07:58:14.797+09:00  INFO 1 --- [item-bank-api] [nio-8080-exec-8] c.example.common.GlobalExceptionHandler  : no handler for /api/item/12
2026-09-16T07:58:43.601+09:00  INFO 1 --- [item-bank-api] [io-8080-exec-10] c.example.common.GlobalExceptionHandler  : no handler for /apple-touch-icon.png
2026-09-16T07:59:08.177+09:00  INFO 1 --- [item-bank-api] [nio-8080-exec-6] c.example.common.GlobalExceptionHandler  : no handler for /favicon.ico
2026-09-16T07:59:22.913+09:00  INFO 1 --- [item-bank-api] [nio-8080-exec-4] c.example.common.GlobalExceptionHandler  : no handler for /robots.txt
2026-09-16T07:59:36.833+09:00  INFO 1 --- [item-bank-api] [nio-8080-exec-8] c.example.common.GlobalExceptionHandler  : no handler for /robots.txt
2026-09-16T07:59:37.264+09:00  INFO 1 --- [item-bank-api] [nio-8080-exec-8] c.example.common.GlobalExceptionHandler  : no handler for /apple-touch-icon.png
2026-09-16T08:00:11.675+09:00  INFO 1 --- [item-bank-api] [nio-8080-exec-1] c.example.common.GlobalExceptionHandler  : not found: 문항이 없습니다: id=48 (/api/items/48)
2026-09-16T08:00:43.695+09:00  INFO 1 --- [item-bank-api] [nio-8080-exec-2] c.example.common.GlobalExceptionHandler  : no handler for /api/item/12
2026-09-16T08:01:05.346+09:00  INFO 1 --- [item-bank-api] [nio-8080-exec-3] c.example.common.GlobalExceptionHandler  : not found: 문항이 없습니다: id=49 (/api/items/49)
2026-09-16T08:01:06.232+09:00  INFO 1 --- [item-bank-api] [io-8080-exec-10] com.example.assignment.ReportService     : built class report for class 1: 3 distributions, 10 submissions
2026-09-16T08:01:11.165+09:00  INFO 1 --- [item-bank-api] [nio-8080-exec-5] c.example.common.GlobalExceptionHandler  : no handler for /apple-touch-icon.png
2026-09-16T08:01:42.844+09:00  INFO 1 --- [item-bank-api] [nio-8080-exec-1] c.example.common.GlobalExceptionHandler  : no handler for /api/unit
2026-09-16T08:02:01.017+09:00  INFO 1 --- [item-bank-api] [nio-8080-exec-8] c.example.common.GlobalExceptionHandler  : not found: 문항이 없습니다: id=51 (/api/items/51)
2026-09-16T08:02:19.216+09:00  INFO 1 --- [item-bank-api] [nio-8080-exec-7] c.example.common.GlobalExceptionHandler  : no handler for /api/item/12
2026-09-16T08:02:40.691+09:00  INFO 1 --- [item-bank-api] [nio-8080-exec-4] com.example.assignment.ReportService     : built class report for class 1: 3 distributions, 10 submissions
2026-09-16T08:03:55.248+09:00  INFO 1 --- [item-bank-api] [nio-8080-exec-4] c.example.common.GlobalExceptionHandler  : no handler for /api/unit
2026-09-16T08:04:14.854+09:00  INFO 1 --- [item-bank-api] [nio-8080-exec-2] c.example.common.GlobalExceptionHandler  : no handler for /robots.txt
2026-09-16T08:04:27.506+09:00  INFO 1 --- [item-bank-api] [nio-8080-exec-5] c.example.common.GlobalExceptionHandler  : no handler for /api/unit
2026-09-16T08:04:36.447+09:00  INFO 1 --- [item-bank-api] [nio-8080-exec-8] c.example.common.GlobalExceptionHandler  : no handler for /api/unit
2026-09-16T08:04:47.154+09:00  INFO 1 --- [item-bank-api] [nio-8080-exec-4] c.example.common.GlobalExceptionHandler  : no handler for /robots.txt
2026-09-16T08:05:09.630+09:00  INFO 1 --- [item-bank-api] [nio-8080-exec-3] c.example.common.GlobalExceptionHandler  : no handler for /api/item/12
2026-09-16T08:05:23.713+09:00  INFO 1 --- [item-bank-api] [nio-8080-exec-5] c.example.common.GlobalExceptionHandler  : no handler for /apple-touch-icon.png
2026-09-16T08:05:25.022+09:00  INFO 1 --- [item-bank-api] [nio-8080-exec-2] c.example.common.GlobalExceptionHandler  : no handler for /robots.txt
2026-09-16T08:05:57.738+09:00  INFO 1 --- [item-bank-api] [nio-8080-exec-1] c.example.common.GlobalExceptionHandler  : no handler for /api/item/12
2026-09-16T08:06:43.293+09:00  INFO 1 --- [item-bank-api] [nio-8080-exec-9] c.example.common.GlobalExceptionHandler  : no handler for /apple-touch-icon.png
2026-09-16T08:07:22.253+09:00  INFO 1 --- [item-bank-api] [nio-8080-exec-5] c.example.common.GlobalExceptionHandler  : no handler for /api/unit
2026-09-16T08:07:37.863+09:00  INFO 1 --- [item-bank-api] [nio-8080-exec-4] c.example.common.GlobalExceptionHandler  : not found: 배포가 없습니다: id=13 (/api/distributions/13)
2026-09-16T08:07:43.447+09:00  INFO 1 --- [item-bank-api] [nio-8080-exec-6] c.example.common.GlobalExceptionHandler  : no handler for /api/unit
2026-09-16T08:07:49.619+09:00  INFO 1 --- [item-bank-api] [nio-8080-exec-5] c.example.common.GlobalExceptionHandler  : not found: 문항이 없습니다: id=52 (/api/items/52)
2026-09-16T08:08:05.062+09:00  INFO 1 --- [item-bank-api] [nio-8080-exec-7] c.example.common.GlobalExceptionHandler  : not found: 문항이 없습니다: id=63 (/api/items/63)
2026-09-16T08:08:08.136+09:00  INFO 1 --- [item-bank-api] [nio-8080-exec-9] c.example.common.GlobalExceptionHandler  : no handler for /api/unit
2026-09-16T08:08:23.320+09:00  INFO 1 --- [item-bank-api] [nio-8080-exec-2] c.example.common.GlobalExceptionHandler  : not found: 문항이 없습니다: id=62 (/api/items/62)
2026-09-16T08:08:28.827+09:00  INFO 1 --- [item-bank-api] [nio-8080-exec-8] c.example.common.GlobalExceptionHandler  : no handler for /apple-touch-icon.png
2026-09-16T08:08:35.557+09:00  INFO 1 --- [item-bank-api] [nio-8080-exec-3] c.example.common.GlobalExceptionHandler  : no handler for /robots.txt
2026-09-16T08:08:50.345+09:00  INFO 1 --- [item-bank-api] [nio-8080-exec-1] c.example.common.GlobalExceptionHandler  : not found: 단원이 없습니다: code=M7-1 (/api/units/M7-1/items)
2026-09-16T08:09:18.549+09:00  INFO 1 --- [item-bank-api] [nio-8080-exec-1] c.example.common.GlobalExceptionHandler  : no handler for /api/item/12
2026-09-16T08:09:45.353+09:00  INFO 1 --- [item-bank-api] [nio-8080-exec-9] c.example.common.GlobalExceptionHandler  : no handler for /apple-touch-icon.png
2026-09-16T08:09:59.691+09:00  INFO 1 --- [item-bank-api] [nio-8080-exec-7] c.example.common.GlobalExceptionHandler  : no handler for /api/unit
2026-09-16T08:11:21.488+09:00  INFO 1 --- [item-bank-api] [nio-8080-exec-5] c.example.common.GlobalExceptionHandler  : no handler for /favicon.ico
2026-09-16T08:12:29.685+09:00  INFO 1 --- [item-bank-api] [nio-8080-exec-9] c.example.common.GlobalExceptionHandler  : no handler for /api/item/12
2026-09-16T08:12:39.384+09:00  INFO 1 --- [item-bank-api] [nio-8080-exec-5] c.example.common.GlobalExceptionHandler  : not found: 문항이 없습니다: id=62 (/api/items/62)
2026-09-16T08:13:16.727+09:00  INFO 1 --- [item-bank-api] [nio-8080-exec-9] c.example.common.GlobalExceptionHandler  : no handler for /api/unit
2026-09-16T08:13:41.295+09:00  INFO 1 --- [item-bank-api] [nio-8080-exec-2] c.example.common.GlobalExceptionHandler  : no handler for /api/unit
2026-09-16T08:13:54.497+09:00  INFO 1 --- [item-bank-api] [nio-8080-exec-8] c.example.common.GlobalExceptionHandler  : no handler for /favicon.ico
2026-09-16T08:13:56.172+09:00  WARN 1 --- [item-bank-api] [nio-8080-exec-5] c.example.common.GlobalExceptionHandler  : state conflict: 마감된 과제는 재배포할 수 없습니다: distributionId=1 (/api/distributions/1/redistribute)
2026-09-16T08:13:58.376+09:00  INFO 1 --- [item-bank-api] [nio-8080-exec-2] c.example.common.GlobalExceptionHandler  : no handler for /api/item/12
2026-09-16T08:14:19.897+09:00  INFO 1 --- [item-bank-api] [nio-8080-exec-5] c.example.common.GlobalExceptionHandler  : no handler for /robots.txt
2026-09-16T08:14:58.729+09:00  INFO 1 --- [item-bank-api] [nio-8080-exec-2] c.example.common.GlobalExceptionHandler  : no handler for /favicon.ico
2026-09-16T08:15:00.028+09:00  INFO 1 --- [item-bank-api] [nio-8080-exec-5] c.example.common.GlobalExceptionHandler  : no handler for /api/item/12
2026-09-16T08:15:01.181+09:00  INFO 1 --- [item-bank-api] [io-8080-exec-10] c.example.common.GlobalExceptionHandler  : not found: 문항이 없습니다: id=51 (/api/items/51)
2026-09-16T08:15:26.913+09:00  INFO 1 --- [item-bank-api] [nio-8080-exec-1] c.example.common.GlobalExceptionHandler  : no handler for /api/item/12
2026-09-16T08:15:34.885+09:00  INFO 1 --- [item-bank-api] [nio-8080-exec-6] c.example.common.GlobalExceptionHandler  : no handler for /apple-touch-icon.png
2026-09-16T08:15:40.523+09:00  INFO 1 --- [item-bank-api] [nio-8080-exec-1] c.example.common.GlobalExceptionHandler  : no handler for /apple-touch-icon.png
2026-09-16T08:16:12.313+09:00  INFO 1 --- [item-bank-api] [nio-8080-exec-9] c.example.common.GlobalExceptionHandler  : not found: 문항이 없습니다: id=38 (/api/items/38)
2026-09-16T08:16:25.838+09:00  INFO 1 --- [item-bank-api] [nio-8080-exec-9] c.example.common.GlobalExceptionHandler  : no handler for /robots.txt
2026-09-16T08:17:00.406+09:00  INFO 1 --- [item-bank-api] [nio-8080-exec-6] c.example.common.GlobalExceptionHandler  : no handler for /api/unit
2026-09-16T08:17:02.371+09:00  INFO 1 --- [item-bank-api] [nio-8080-exec-8] com.example.assignment.ReportService     : built class report for class 3: 3 distributions, 10 submissions
2026-09-16T08:17:46.508+09:00  INFO 1 --- [item-bank-api] [nio-8080-exec-4] c.example.common.GlobalExceptionHandler  : no handler for /api/item/12
2026-09-16T08:17:50.486+09:00  INFO 1 --- [item-bank-api] [nio-8080-exec-9] c.example.common.GlobalExceptionHandler  : not found: 단원이 없습니다: code=M7-1 (/api/units/M7-1/items)
2026-09-16T08:20:19.164+09:00  INFO 1 --- [item-bank-api] [nio-8080-exec-9] c.e.assignment.DistributionService       : redistributed distribution 6 (assignment 4, class 3) reason=null
2026-09-16T08:20:19.871+09:00  INFO 1 --- [item-bank-api] [nio-8080-exec-2] c.e.assignment.DistributionService       : redistributed distribution 6 (assignment 4, class 3) reason=null
2026-09-16T08:20:39.683+09:00  INFO 1 --- [item-bank-api] [nio-8080-exec-7] c.example.common.GlobalExceptionHandler  : no handler for /favicon.ico
2026-09-16T08:21:19.865+09:00  INFO 1 --- [item-bank-api] [nio-8080-exec-9] c.example.common.GlobalExceptionHandler  : no handler for /api/item/12
2026-09-16T08:22:49.279+09:00  INFO 1 --- [item-bank-api] [nio-8080-exec-9] c.example.common.GlobalExceptionHandler  : not found: 문항이 없습니다: id=54 (/api/items/54)
2026-09-16T08:22:56.670+09:00  INFO 1 --- [item-bank-api] [nio-8080-exec-8] c.example.common.GlobalExceptionHandler  : no handler for /api/item/12
2026-09-16T08:23:04.875+09:00  INFO 1 --- [item-bank-api] [nio-8080-exec-6] c.example.common.GlobalExceptionHandler  : no handler for /apple-touch-icon.png
2026-09-16T08:23:19.799+09:00  INFO 1 --- [item-bank-api] [nio-8080-exec-4] c.example.common.GlobalExceptionHandler  : no handler for /apple-touch-icon.png
2026-09-16T08:25:21.623+09:00  INFO 1 --- [item-bank-api] [nio-8080-exec-1] c.example.common.GlobalExceptionHandler  : no handler for /apple-touch-icon.png
2026-09-16T08:25:56.813+09:00  INFO 1 --- [item-bank-api] [nio-8080-exec-1] c.example.common.GlobalExceptionHandler  : no handler for /robots.txt
2026-09-16T08:26:02.549+09:00  INFO 1 --- [item-bank-api] [nio-8080-exec-3] c.example.common.GlobalExceptionHandler  : no handler for /robots.txt
2026-09-16T08:26:19.413+09:00  INFO 1 --- [item-bank-api] [nio-8080-exec-9] c.example.common.GlobalExceptionHandler  : no handler for /api/item/12
2026-09-16T08:26:32.576+09:00  INFO 1 --- [item-bank-api] [nio-8080-exec-1] c.example.common.GlobalExceptionHandler  : not found: 배포가 없습니다: id=11 (/api/distributions/11)
2026-09-16T08:27:10.043+09:00  INFO 1 --- [item-bank-api] [nio-8080-exec-7] c.example.common.GlobalExceptionHandler  : not found: 문항이 없습니다: id=58 (/api/items/58)
2026-09-16T08:28:27.479+09:00  INFO 1 --- [item-bank-api] [nio-8080-exec-4] c.example.common.GlobalExceptionHandler  : not found: 배포가 없습니다: id=15 (/api/distributions/15)
2026-09-16T08:28:56.377+09:00  INFO 1 --- [item-bank-api] [nio-8080-exec-3] c.example.common.GlobalExceptionHandler  : no handler for /robots.txt
2026-09-16T08:28:57.732+09:00  INFO 1 --- [item-bank-api] [io-8080-exec-10] c.example.common.GlobalExceptionHandler  : not found: 배포가 없습니다: id=11 (/api/distributions/11)
2026-09-16T08:29:29.403+09:00  INFO 1 --- [item-bank-api] [nio-8080-exec-3] c.example.common.GlobalExceptionHandler  : no handler for /api/item/12
2026-09-16T08:29:42.882+09:00  INFO 1 --- [item-bank-api] [nio-8080-exec-9] c.example.common.GlobalExceptionHandler  : no handler for /favicon.ico
2026-09-16T08:30:46.012+09:00  INFO 1 --- [item-bank-api] [nio-8080-exec-6] c.example.common.GlobalExceptionHandler  : no handler for /favicon.ico
2026-09-16T08:30:58.354+09:00  INFO 1 --- [item-bank-api] [nio-8080-exec-5] c.example.common.GlobalExceptionHandler  : not found: 배포가 없습니다: id=15 (/api/distributions/15)
2026-09-16T08:31:09.304+09:00  INFO 1 --- [item-bank-api] [nio-8080-exec-4] c.example.common.GlobalExceptionHandler  : no handler for /api/item/12
2026-09-16T08:31:11.140+09:00  INFO 1 --- [item-bank-api] [nio-8080-exec-6] c.example.common.GlobalExceptionHandler  : not found: 단원이 없습니다: code=M7-1 (/api/units/M7-1/items)
2026-09-16T08:31:11.548+09:00  INFO 1 --- [item-bank-api] [nio-8080-exec-4] c.example.common.GlobalExceptionHandler  : no handler for /api/item/12
2026-09-16T08:31:29.821+09:00  INFO 1 --- [item-bank-api] [nio-8080-exec-6] com.example.assignment.ReportService     : built class report for class 3: 3 distributions, 10 submissions
2026-09-16T08:31:45.461+09:00  INFO 1 --- [item-bank-api] [io-8080-exec-10] c.example.common.GlobalExceptionHandler  : no handler for /api/unit
2026-09-16T08:32:51.639+09:00  INFO 1 --- [item-bank-api] [nio-8080-exec-5] c.example.common.GlobalExceptionHandler  : no handler for /api/item/12
2026-09-16T08:32:56.658+09:00  INFO 1 --- [item-bank-api] [nio-8080-exec-9] c.example.common.GlobalExceptionHandler  : not found: 문항이 없습니다: id=35 (/api/items/35)
2026-09-16T08:33:21.642+09:00  INFO 1 --- [item-bank-api] [nio-8080-exec-8] c.example.common.GlobalExceptionHandler  : not found: 배포가 없습니다: id=12 (/api/distributions/12)
2026-09-16T08:33:21.906+09:00  INFO 1 --- [item-bank-api] [nio-8080-exec-3] c.e.assignment.DistributionService       : redistributed distribution 8 (assignment 6, class 2) reason=STU-1003 요청 — 제출 화면 오류
2026-09-16T08:33:23.492+09:00  INFO 1 --- [item-bank-api] [nio-8080-exec-7] c.example.common.GlobalExceptionHandler  : no handler for /api/item/12
2026-09-16T08:33:39.872+09:00  INFO 1 --- [item-bank-api] [io-8080-exec-10] c.example.common.GlobalExceptionHandler  : no handler for /apple-touch-icon.png
2026-09-16T08:33:45.125+09:00  INFO 1 --- [item-bank-api] [io-8080-exec-10] c.example.common.GlobalExceptionHandler  : no handler for /apple-touch-icon.png
2026-09-16T08:34:11.422+09:00  INFO 1 --- [item-bank-api] [nio-8080-exec-7] c.example.common.GlobalExceptionHandler  : not found: 문항이 없습니다: id=57 (/api/items/57)
2026-09-16T08:34:13.714+09:00  INFO 1 --- [item-bank-api] [nio-8080-exec-5] c.example.common.GlobalExceptionHandler  : not found: 단원이 없습니다: code=M7-1 (/api/units/M7-1/items)
2026-09-16T08:34:14.117+09:00  INFO 1 --- [item-bank-api] [nio-8080-exec-9] c.example.common.GlobalExceptionHandler  : no handler for /api/unit
2026-09-16T08:34:17.101+09:00  INFO 1 --- [item-bank-api] [nio-8080-exec-5] c.example.common.GlobalExceptionHandler  : not found: 문항이 없습니다: id=35 (/api/items/35)
2026-09-16T08:34:30.232+09:00  INFO 1 --- [item-bank-api] [nio-8080-exec-7] c.example.common.GlobalExceptionHandler  : no handler for /api/unit
2026-09-16T08:35:00.382+09:00  INFO 1 --- [item-bank-api] [io-8080-exec-10] c.example.common.GlobalExceptionHandler  : no handler for /api/unit
2026-09-16T08:35:36.854+09:00  INFO 1 --- [item-bank-api] [nio-8080-exec-8] c.example.common.GlobalExceptionHandler  : no handler for /api/item/12
2026-09-16T08:35:52.560+09:00  INFO 1 --- [item-bank-api] [nio-8080-exec-6] c.example.common.GlobalExceptionHandler  : no handler for /api/unit
2026-09-16T08:35:56.073+09:00  INFO 1 --- [item-bank-api] [nio-8080-exec-9] c.example.common.GlobalExceptionHandler  : no handler for /favicon.ico
2026-09-16T08:36:04.040+09:00  INFO 1 --- [item-bank-api] [nio-8080-exec-4] c.example.common.GlobalExceptionHandler  : no handler for /apple-touch-icon.png
2026-09-16T08:36:14.803+09:00  INFO 1 --- [item-bank-api] [nio-8080-exec-2] c.example.common.GlobalExceptionHandler  : not found: 문항이 없습니다: id=64 (/api/items/64)
2026-09-16T08:36:36.094+09:00  INFO 1 --- [item-bank-api] [nio-8080-exec-2] c.example.common.GlobalExceptionHandler  : no handler for /api/item/12
2026-09-16T08:36:41.435+09:00  INFO 1 --- [item-bank-api] [nio-8080-exec-9] c.example.common.GlobalExceptionHandler  : no handler for /favicon.ico
2026-09-16T08:37:22.499+09:00  INFO 1 --- [item-bank-api] [nio-8080-exec-7] c.example.common.GlobalExceptionHandler  : no handler for /apple-touch-icon.png
2026-09-16T08:37:25.345+09:00  INFO 1 --- [item-bank-api] [nio-8080-exec-8] c.example.common.GlobalExceptionHandler  : no handler for /robots.txt
2026-09-16T08:37:40.654+09:00  INFO 1 --- [item-bank-api] [nio-8080-exec-2] c.example.common.GlobalExceptionHandler  : no handler for /favicon.ico
2026-09-16T08:37:42.300+09:00  INFO 1 --- [item-bank-api] [nio-8080-exec-5] c.example.common.GlobalExceptionHandler  : not found: 배포가 없습니다: id=15 (/api/distributions/15)
2026-09-16T08:38:00.480+09:00  INFO 1 --- [item-bank-api] [nio-8080-exec-6] c.example.common.GlobalExceptionHandler  : no handler for /api/unit
2026-09-16T08:38:19.616+09:00  INFO 1 --- [item-bank-api] [nio-8080-exec-8] c.example.common.GlobalExceptionHandler  : no handler for /api/unit
2026-09-16T08:39:44.137+09:00  INFO 1 --- [item-bank-api] [nio-8080-exec-4] c.example.common.GlobalExceptionHandler  : no handler for /api/item/12
2026-09-16T08:39:47.920+09:00  INFO 1 --- [item-bank-api] [nio-8080-exec-9] c.example.common.GlobalExceptionHandler  : no handler for /robots.txt
2026-09-16T08:40:15.320+09:00  INFO 1 --- [item-bank-api] [nio-8080-exec-2] c.e.assignment.DistributionService       : redistributed distribution 6 (assignment 4, class 3) reason=보강 수업 후 재배포
2026-09-16T08:40:21.551+09:00  INFO 1 --- [item-bank-api] [nio-8080-exec-6] c.example.common.GlobalExceptionHandler  : no handler for /api/unit
2026-09-16T08:40:36.779+09:00  INFO 1 --- [item-bank-api] [nio-8080-exec-4] c.example.common.GlobalExceptionHandler  : not found: 문항이 없습니다: id=47 (/api/items/47)
2026-09-16T08:40:50.087+09:00  INFO 1 --- [item-bank-api] [io-8080-exec-10] c.example.common.GlobalExceptionHandler  : not found: 문항이 없습니다: id=50 (/api/items/50)
2026-09-16T08:41:02.506+09:00  INFO 1 --- [item-bank-api] [nio-8080-exec-4] c.example.common.GlobalExceptionHandler  : no handler for /favicon.ico
2026-09-16T08:41:17.446+09:00  INFO 1 --- [item-bank-api] [nio-8080-exec-5] c.example.common.GlobalExceptionHandler  : no handler for /apple-touch-icon.png
2026-09-16T08:41:49.098+09:00  INFO 1 --- [item-bank-api] [nio-8080-exec-8] c.example.common.GlobalExceptionHandler  : no handler for /robots.txt
2026-09-16T08:41:53.632+09:00  INFO 1 --- [item-bank-api] [nio-8080-exec-1] c.example.common.GlobalExceptionHandler  : no handler for /apple-touch-icon.png
2026-09-16T08:41:58.441+09:00  INFO 1 --- [item-bank-api] [nio-8080-exec-1] c.example.common.GlobalExceptionHandler  : no handler for /apple-touch-icon.png
2026-09-16T08:42:00.422+09:00  INFO 1 --- [item-bank-api] [nio-8080-exec-9] c.example.common.GlobalExceptionHandler  : not found: 배포가 없습니다: id=10 (/api/distributions/10)
2026-09-16T08:42:07.676+09:00  INFO 1 --- [item-bank-api] [nio-8080-exec-9] c.example.common.GlobalExceptionHandler  : no handler for /api/unit
2026-09-16T08:42:55.403+09:00  INFO 1 --- [item-bank-api] [nio-8080-exec-3] c.example.common.GlobalExceptionHandler  : no handler for /apple-touch-icon.png
2026-09-16T08:43:02.751+09:00  INFO 1 --- [item-bank-api] [nio-8080-exec-4] com.example.assignment.ReportService     : built class report for class 3: 3 distributions, 10 submissions
2026-09-16T08:43:03.476+09:00  INFO 1 --- [item-bank-api] [nio-8080-exec-2] c.example.common.GlobalExceptionHandler  : no handler for /robots.txt
2026-09-16T08:43:06.717+09:00  INFO 1 --- [item-bank-api] [nio-8080-exec-5] c.example.common.GlobalExceptionHandler  : no handler for /robots.txt
2026-09-16T08:44:11.431+09:00  INFO 1 --- [item-bank-api] [nio-8080-exec-8] c.example.common.GlobalExceptionHandler  : no handler for /apple-touch-icon.png
2026-09-16T08:45:37.391+09:00  INFO 1 --- [item-bank-api] [nio-8080-exec-8] c.example.common.GlobalExceptionHandler  : no handler for /api/unit
2026-09-16T08:46:15.132+09:00  INFO 1 --- [item-bank-api] [nio-8080-exec-7] c.example.common.GlobalExceptionHandler  : no handler for /favicon.ico
2026-09-16T08:47:00.378+09:00  INFO 1 --- [item-bank-api] [io-8080-exec-10] c.example.common.GlobalExceptionHandler  : no handler for /favicon.ico
2026-09-16T08:47:16.162+09:00  INFO 1 --- [item-bank-api] [nio-8080-exec-2] c.example.common.GlobalExceptionHandler  : no handler for /api/item/12
2026-09-16T08:47:16.551+09:00  INFO 1 --- [item-bank-api] [nio-8080-exec-4] c.example.common.GlobalExceptionHandler  : not found: 문항이 없습니다: id=33 (/api/items/33)
2026-09-16T08:48:00.228+09:00  INFO 1 --- [item-bank-api] [nio-8080-exec-6] c.example.common.GlobalExceptionHandler  : no handler for /api/item/12
2026-09-16T08:48:02.697+09:00  INFO 1 --- [item-bank-api] [nio-8080-exec-2] c.example.common.GlobalExceptionHandler  : no handler for /api/unit
2026-09-16T08:48:44.949+09:00  INFO 1 --- [item-bank-api] [nio-8080-exec-7] c.example.common.GlobalExceptionHandler  : no handler for /api/item/12
2026-09-16T08:48:57.211+09:00  INFO 1 --- [item-bank-api] [nio-8080-exec-1] c.example.common.GlobalExceptionHandler  : no handler for /favicon.ico
2026-09-16T08:49:19.347+09:00  INFO 1 --- [item-bank-api] [nio-8080-exec-2] c.example.common.GlobalExceptionHandler  : no handler for /api/unit
2026-09-16T08:49:44.770+09:00  INFO 1 --- [item-bank-api] [nio-8080-exec-4] c.example.common.GlobalExceptionHandler  : no handler for /favicon.ico
2026-09-16T08:49:55.782+09:00  INFO 1 --- [item-bank-api] [nio-8080-exec-2] c.example.common.GlobalExceptionHandler  : no handler for /robots.txt
2026-09-16T08:50:18.502+09:00  INFO 1 --- [item-bank-api] [nio-8080-exec-4] c.example.common.GlobalExceptionHandler  : not found: 문항이 없습니다: id=56 (/api/items/56)
2026-09-16T08:50:22.386+09:00  INFO 1 --- [item-bank-api] [nio-8080-exec-1] c.example.common.GlobalExceptionHandler  : not found: 문항이 없습니다: id=42 (/api/items/42)
2026-09-16T08:50:40.291+09:00  INFO 1 --- [item-bank-api] [nio-8080-exec-5] c.example.common.GlobalExceptionHandler  : no handler for /api/item/12
2026-09-16T08:50:45.522+09:00  INFO 1 --- [item-bank-api] [nio-8080-exec-3] c.example.common.GlobalExceptionHandler  : no handler for /favicon.ico
2026-09-16T08:51:33.554+09:00  INFO 1 --- [item-bank-api] [nio-8080-exec-9] c.example.common.GlobalExceptionHandler  : no handler for /robots.txt
2026-09-16T08:51:54.065+09:00  INFO 1 --- [item-bank-api] [nio-8080-exec-7] c.example.common.GlobalExceptionHandler  : no handler for /apple-touch-icon.png
2026-09-16T08:52:16.823+09:00  INFO 1 --- [item-bank-api] [nio-8080-exec-2] c.example.common.GlobalExceptionHandler  : not found: 배포가 없습니다: id=13 (/api/distributions/13)
2026-09-16T08:52:34.131+09:00  INFO 1 --- [item-bank-api] [nio-8080-exec-5] c.example.common.GlobalExceptionHandler  : not found: 문항이 없습니다: id=63 (/api/items/63)
2026-09-16T08:52:50.466+09:00  INFO 1 --- [item-bank-api] [nio-8080-exec-6] c.example.common.GlobalExceptionHandler  : no handler for /robots.txt
2026-09-16T08:53:31.441+09:00  INFO 1 --- [item-bank-api] [nio-8080-exec-4] c.example.common.GlobalExceptionHandler  : no handler for /robots.txt
2026-09-16T08:53:48.201+09:00  INFO 1 --- [item-bank-api] [nio-8080-exec-2] c.example.common.GlobalExceptionHandler  : no handler for /favicon.ico
2026-09-16T08:54:03.963+09:00  INFO 1 --- [item-bank-api] [nio-8080-exec-1] c.example.common.GlobalExceptionHandler  : no handler for /robots.txt
2026-09-16T08:54:33.121+09:00  INFO 1 --- [item-bank-api] [nio-8080-exec-4] c.example.common.GlobalExceptionHandler  : not found: 문항이 없습니다: id=53 (/api/items/53)
2026-09-16T08:54:33.651+09:00  INFO 1 --- [item-bank-api] [nio-8080-exec-7] c.example.common.GlobalExceptionHandler  : no handler for /api/unit
2026-09-16T08:55:50.160+09:00  INFO 1 --- [item-bank-api] [nio-8080-exec-8] c.example.common.GlobalExceptionHandler  : not found: 문항이 없습니다: id=58 (/api/items/58)
2026-09-16T08:56:19.319+09:00  INFO 1 --- [item-bank-api] [nio-8080-exec-7] c.example.common.GlobalExceptionHandler  : no handler for /robots.txt
2026-09-16T08:56:53.593+09:00  INFO 1 --- [item-bank-api] [nio-8080-exec-6] c.example.common.GlobalExceptionHandler  : no handler for /favicon.ico
2026-09-16T08:57:01.411+09:00  INFO 1 --- [item-bank-api] [nio-8080-exec-8] c.example.common.GlobalExceptionHandler  : no handler for /robots.txt
2026-09-16T08:57:10.476+09:00  INFO 1 --- [item-bank-api] [nio-8080-exec-5] c.example.common.GlobalExceptionHandler  : not found: 배포가 없습니다: id=13 (/api/distributions/13)
2026-09-16T08:57:13.820+09:00  INFO 1 --- [item-bank-api] [nio-8080-exec-6] c.example.common.GlobalExceptionHandler  : no handler for /apple-touch-icon.png
2026-09-16T08:57:49.510+09:00  INFO 1 --- [item-bank-api] [nio-8080-exec-3] c.example.common.GlobalExceptionHandler  : no handler for /api/unit
2026-09-16T08:57:54.043+09:00  INFO 1 --- [item-bank-api] [nio-8080-exec-9] c.example.common.GlobalExceptionHandler  : no handler for /apple-touch-icon.png
2026-09-16T08:58:00.455+09:00  INFO 1 --- [item-bank-api] [io-8080-exec-10] c.example.common.GlobalExceptionHandler  : not found: 문항이 없습니다: id=45 (/api/items/45)
2026-09-16T08:58:03.522+09:00  INFO 1 --- [item-bank-api] [io-8080-exec-10] c.example.common.GlobalExceptionHandler  : no handler for /favicon.ico
2026-09-16T08:58:34.289+09:00  INFO 1 --- [item-bank-api] [io-8080-exec-10] c.example.common.GlobalExceptionHandler  : no handler for /robots.txt
2026-09-16T08:58:57.469+09:00  INFO 1 --- [item-bank-api] [nio-8080-exec-2] c.example.common.GlobalExceptionHandler  : no handler for /api/item/12
2026-09-16T08:59:44.821+09:00  INFO 1 --- [item-bank-api] [io-8080-exec-10] c.example.common.GlobalExceptionHandler  : no handler for /robots.txt
2026-09-16T09:00:51.633+09:00  INFO 1 --- [item-bank-api] [nio-8080-exec-9] c.example.common.GlobalExceptionHandler  : no handler for /apple-touch-icon.png
2026-09-16T09:01:21.737+09:00  INFO 1 --- [item-bank-api] [nio-8080-exec-2] c.example.common.GlobalExceptionHandler  : no handler for /api/item/12
2026-09-16T09:01:55.403+09:00  INFO 1 --- [item-bank-api] [nio-8080-exec-4] c.example.common.GlobalExceptionHandler  : no handler for /apple-touch-icon.png
2026-09-16T09:02:05.511+09:00  INFO 1 --- [item-bank-api] [nio-8080-exec-7] c.example.common.GlobalExceptionHandler  : no handler for /api/unit
2026-09-16T09:02:29.929+09:00  INFO 1 --- [item-bank-api] [nio-8080-exec-2] c.example.common.GlobalExceptionHandler  : no handler for /robots.txt
2026-09-16T09:02:34.560+09:00  INFO 1 --- [item-bank-api] [nio-8080-exec-5] c.example.common.GlobalExceptionHandler  : not found: 문항이 없습니다: id=49 (/api/items/49)
2026-09-16T09:02:53.829+09:00  INFO 1 --- [item-bank-api] [nio-8080-exec-1] c.example.common.GlobalExceptionHandler  : not found: 문항이 없습니다: id=49 (/api/items/49)
2026-09-16T09:03:00.211+09:00  INFO 1 --- [item-bank-api] [nio-8080-exec-3] c.example.common.GlobalExceptionHandler  : no handler for /favicon.ico
2026-09-16T09:03:49.577+09:00  INFO 1 --- [item-bank-api] [nio-8080-exec-3] c.example.common.GlobalExceptionHandler  : not found: 배포가 없습니다: id=11 (/api/distributions/11)
2026-09-16T09:04:24.924+09:00  INFO 1 --- [item-bank-api] [nio-8080-exec-3] c.example.common.GlobalExceptionHandler  : no handler for /robots.txt
2026-09-16T09:04:44.409+09:00  INFO 1 --- [item-bank-api] [nio-8080-exec-3] c.example.common.GlobalExceptionHandler  : no handler for /apple-touch-icon.png
2026-09-16T09:04:46.275+09:00  INFO 1 --- [item-bank-api] [nio-8080-exec-1] c.example.common.GlobalExceptionHandler  : no handler for /favicon.ico
2026-09-16T09:04:54.600+09:00  INFO 1 --- [item-bank-api] [nio-8080-exec-6] c.e.assignment.DistributionService       : redistributed distribution 8 (assignment 6, class 2) reason=보강 수업 후 재배포
2026-09-16T09:05:09.639+09:00  INFO 1 --- [item-bank-api] [nio-8080-exec-3] c.example.common.GlobalExceptionHandler  : not found: 문항이 없습니다: id=56 (/api/items/56)
2026-09-16T09:05:36.564+09:00  INFO 1 --- [item-bank-api] [io-8080-exec-10] c.example.common.GlobalExceptionHandler  : no handler for /apple-touch-icon.png
2026-09-16T09:05:56.036+09:00  INFO 1 --- [item-bank-api] [nio-8080-exec-2] c.example.common.GlobalExceptionHandler  : no handler for /favicon.ico
2026-09-16T09:06:09.713+09:00  INFO 1 --- [item-bank-api] [nio-8080-exec-6] c.example.common.GlobalExceptionHandler  : bad request: Method parameter 'id': Failed to convert value of type 'java.lang.String' to required type 'java.lang.Integer'; For input string: "NaN" (/api/items/NaN)
2026-09-16T09:06:29.641+09:00  INFO 1 --- [item-bank-api] [nio-8080-exec-1] c.example.common.GlobalExceptionHandler  : no handler for /apple-touch-icon.png
2026-09-16T09:06:39.427+09:00  INFO 1 --- [item-bank-api] [nio-8080-exec-3] c.e.assignment.DistributionService       : redistributed distribution 5 (assignment 3, class 3) reason=STU-1001 요청 — 제출 화면 오류
2026-09-16T09:07:14.369+09:00  INFO 1 --- [item-bank-api] [io-8080-exec-10] c.example.common.GlobalExceptionHandler  : not found: 문항이 없습니다: id=38 (/api/items/38)
2026-09-16T09:07:30.974+09:00  WARN 1 --- [item-bank-api] [nio-8080-exec-1] c.example.common.GlobalExceptionHandler  : state conflict: 마감된 과제는 재배포할 수 없습니다: distributionId=3 (/api/distributions/3/redistribute)
2026-09-16T09:07:35.733+09:00  INFO 1 --- [item-bank-api] [nio-8080-exec-8] c.example.common.GlobalExceptionHandler  : no handler for /favicon.ico
2026-09-16T09:07:49.933+09:00  INFO 1 --- [item-bank-api] [nio-8080-exec-8] c.example.common.GlobalExceptionHandler  : not found: 단원이 없습니다: code=M7-1 (/api/units/M7-1/items)
2026-09-16T09:07:51.363+09:00  INFO 1 --- [item-bank-api] [nio-8080-exec-4] c.example.common.GlobalExceptionHandler  : not found: 문항이 없습니다: id=62 (/api/items/62)
2026-09-16T09:08:26.396+09:00  INFO 1 --- [item-bank-api] [nio-8080-exec-6] c.example.common.GlobalExceptionHandler  : not found: 문항이 없습니다: id=43 (/api/items/43)
2026-09-16T09:08:56.980+09:00  INFO 1 --- [item-bank-api] [nio-8080-exec-7] c.example.common.GlobalExceptionHandler  : no handler for /robots.txt
2026-09-16T09:09:01.088+09:00  INFO 1 --- [item-bank-api] [nio-8080-exec-3] c.example.common.GlobalExceptionHandler  : no handler for /apple-touch-icon.png
2026-09-16T09:12:00.505+09:00  INFO 1 --- [item-bank-api] [nio-8080-exec-8] c.example.common.GlobalExceptionHandler  : no handler for /api/unit
2026-09-16T09:13:03.548+09:00  INFO 1 --- [item-bank-api] [nio-8080-exec-6] c.example.common.GlobalExceptionHandler  : no handler for /api/item/12
2026-09-16T09:13:22.192+09:00  INFO 1 --- [item-bank-api] [nio-8080-exec-9] c.example.common.GlobalExceptionHandler  : no handler for /apple-touch-icon.png
2026-09-16T09:13:40.729+09:00  INFO 1 --- [item-bank-api] [nio-8080-exec-6] c.example.common.GlobalExceptionHandler  : no handler for /api/item/12
2026-09-16T09:14:35.184+09:00  INFO 1 --- [item-bank-api] [nio-8080-exec-6] c.example.common.GlobalExceptionHandler  : no handler for /apple-touch-icon.png
2026-09-16T09:14:36.776+09:00  INFO 1 --- [item-bank-api] [nio-8080-exec-2] c.example.common.GlobalExceptionHandler  : not found: 문항이 없습니다: id=35 (/api/items/35)
2026-09-16T09:15:05.945+09:00  INFO 1 --- [item-bank-api] [nio-8080-exec-7] c.example.common.GlobalExceptionHandler  : no handler for /api/item/12
2026-09-16T09:15:54.669+09:00  INFO 1 --- [item-bank-api] [io-8080-exec-10] c.example.common.GlobalExceptionHandler  : no handler for /api/unit
2026-09-16T09:15:54.797+09:00  WARN 1 --- [item-bank-api] [nio-8080-exec-7] c.example.common.GlobalExceptionHandler  : state conflict: 마감된 과제는 재배포할 수 없습니다: distributionId=1 (/api/distributions/1/redistribute)
2026-09-16T09:16:30.455+09:00  INFO 1 --- [item-bank-api] [nio-8080-exec-1] c.example.common.GlobalExceptionHandler  : no handler for /api/item/12
2026-09-16T09:17:00.615+09:00  INFO 1 --- [item-bank-api] [nio-8080-exec-3] c.example.common.GlobalExceptionHandler  : not found: 배포가 없습니다: id=13 (/api/distributions/13)
2026-09-16T09:17:38.190+09:00  INFO 1 --- [item-bank-api] [io-8080-exec-10] c.example.common.GlobalExceptionHandler  : no handler for /favicon.ico
2026-09-16T09:18:23.680+09:00  INFO 1 --- [item-bank-api] [nio-8080-exec-7] c.example.common.GlobalExceptionHandler  : no handler for /apple-touch-icon.png
2026-09-16T09:18:23.993+09:00  INFO 1 --- [item-bank-api] [nio-8080-exec-1] c.example.common.GlobalExceptionHandler  : no handler for /favicon.ico
2026-09-16T09:18:26.419+09:00  INFO 1 --- [item-bank-api] [nio-8080-exec-6] c.example.common.GlobalExceptionHandler  : no handler for /api/unit
2026-09-16T09:19:19.821+09:00  INFO 1 --- [item-bank-api] [nio-8080-exec-9] c.example.common.GlobalExceptionHandler  : no handler for /favicon.ico
2026-09-16T09:19:23.729+09:00  INFO 1 --- [item-bank-api] [nio-8080-exec-3] c.example.common.GlobalExceptionHandler  : no handler for /api/item/12
2026-09-16T09:19:24.140+09:00  INFO 1 --- [item-bank-api] [nio-8080-exec-4] c.example.common.GlobalExceptionHandler  : not found: 문항이 없습니다: id=48 (/api/items/48)
2026-09-16T09:19:24.552+09:00  INFO 1 --- [item-bank-api] [nio-8080-exec-8] com.example.assignment.ReportService     : built class report for class 3: 3 distributions, 10 submissions
2026-09-16T09:19:51.254+09:00  WARN 1 --- [item-bank-api] [nio-8080-exec-6] c.example.common.GlobalExceptionHandler  : state conflict: 마감된 과제는 재배포할 수 없습니다: distributionId=4 (/api/distributions/4/redistribute)
2026-09-16T09:21:01.360+09:00  INFO 1 --- [item-bank-api] [nio-8080-exec-1] c.example.common.GlobalExceptionHandler  : bad request: Method parameter 'id': Failed to convert value of type 'java.lang.String' to required type 'java.lang.Integer'; For input string: "NaN" (/api/items/NaN)
2026-09-16T09:21:17.032+09:00  INFO 1 --- [item-bank-api] [nio-8080-exec-1] c.e.assignment.DistributionService       : redistributed distribution 6 (assignment 4, class 3) reason=보강 수업 후 재배포
2026-09-16T09:21:27.489+09:00  INFO 1 --- [item-bank-api] [nio-8080-exec-4] c.example.common.GlobalExceptionHandler  : no handler for /apple-touch-icon.png
2026-09-16T09:21:47.962+09:00  INFO 1 --- [item-bank-api] [nio-8080-exec-4] c.example.common.GlobalExceptionHandler  : no handler for /apple-touch-icon.png
2026-09-16T09:22:07.459+09:00  INFO 1 --- [item-bank-api] [nio-8080-exec-4] c.example.common.GlobalExceptionHandler  : no handler for /api/unit
2026-09-16T09:22:42.947+09:00  INFO 1 --- [item-bank-api] [nio-8080-exec-1] c.example.common.GlobalExceptionHandler  : no handler for /favicon.ico
2026-09-16T09:22:44.271+09:00  INFO 1 --- [item-bank-api] [nio-8080-exec-1] com.example.assignment.ReportService     : built class report for class 1: 3 distributions, 10 submissions
2026-09-16T09:23:34.416+09:00  INFO 1 --- [item-bank-api] [nio-8080-exec-5] c.example.common.GlobalExceptionHandler  : not found: 문항이 없습니다: id=50 (/api/items/50)
2026-09-16T09:24:19.114+09:00  INFO 1 --- [item-bank-api] [nio-8080-exec-5] c.example.common.GlobalExceptionHandler  : no handler for /apple-touch-icon.png
2026-09-16T09:25:18.994+09:00  INFO 1 --- [item-bank-api] [nio-8080-exec-3] c.example.common.GlobalExceptionHandler  : no handler for /api/item/12
2026-09-16T09:25:32.895+09:00  INFO 1 --- [item-bank-api] [nio-8080-exec-9] c.example.common.GlobalExceptionHandler  : no handler for /robots.txt
2026-09-16T09:25:50.428+09:00  INFO 1 --- [item-bank-api] [nio-8080-exec-5] c.example.common.GlobalExceptionHandler  : no handler for /favicon.ico
2026-09-16T09:26:03.772+09:00  INFO 1 --- [item-bank-api] [nio-8080-exec-9] c.example.common.GlobalExceptionHandler  : no handler for /robots.txt
2026-09-16T09:26:21.086+09:00  INFO 1 --- [item-bank-api] [io-8080-exec-10] c.example.common.GlobalExceptionHandler  : no handler for /api/unit
2026-09-16T09:26:56.796+09:00  INFO 1 --- [item-bank-api] [nio-8080-exec-1] c.example.common.GlobalExceptionHandler  : not found: 문항이 없습니다: id=64 (/api/items/64)
2026-09-16T09:27:18.477+09:00  INFO 1 --- [item-bank-api] [nio-8080-exec-9] c.example.common.GlobalExceptionHandler  : no handler for /apple-touch-icon.png
2026-09-16T09:27:53.344+09:00  INFO 1 --- [item-bank-api] [nio-8080-exec-7] c.example.common.GlobalExceptionHandler  : no handler for /robots.txt
2026-09-16T09:28:47.192+09:00  INFO 1 --- [item-bank-api] [nio-8080-exec-7] c.example.common.GlobalExceptionHandler  : no handler for /robots.txt
2026-09-16T09:28:52.067+09:00  INFO 1 --- [item-bank-api] [nio-8080-exec-3] c.example.common.GlobalExceptionHandler  : no handler for /apple-touch-icon.png
2026-09-16T09:29:10.607+09:00  INFO 1 --- [item-bank-api] [nio-8080-exec-6] c.example.common.GlobalExceptionHandler  : no handler for /favicon.ico
2026-09-16T09:29:15.206+09:00  INFO 1 --- [item-bank-api] [nio-8080-exec-5] c.example.common.GlobalExceptionHandler  : not found: 배포가 없습니다: id=10 (/api/distributions/10)
2026-09-16T09:30:04.347+09:00  INFO 1 --- [item-bank-api] [nio-8080-exec-2] c.example.common.GlobalExceptionHandler  : no handler for /favicon.ico
2026-09-16T09:30:14.803+09:00  INFO 1 --- [item-bank-api] [nio-8080-exec-4] c.example.common.GlobalExceptionHandler  : no handler for /robots.txt
2026-09-16T09:30:19.118+09:00  INFO 1 --- [item-bank-api] [io-8080-exec-10] c.example.common.GlobalExceptionHandler  : no handler for /robots.txt
2026-09-16T09:30:28.983+09:00  INFO 1 --- [item-bank-api] [nio-8080-exec-7] c.example.common.GlobalExceptionHandler  : no handler for /api/unit
2026-09-16T09:30:46.437+09:00  INFO 1 --- [item-bank-api] [nio-8080-exec-4] c.example.common.GlobalExceptionHandler  : no handler for /api/unit
2026-09-16T09:30:51.158+09:00  INFO 1 --- [item-bank-api] [nio-8080-exec-6] c.example.common.GlobalExceptionHandler  : no handler for /api/unit
2026-09-16T09:30:58.572+09:00  INFO 1 --- [item-bank-api] [nio-8080-exec-9] c.example.common.GlobalExceptionHandler  : not found: 배포가 없습니다: id=15 (/api/distributions/15)
2026-09-16T09:31:26.221+09:00  INFO 1 --- [item-bank-api] [nio-8080-exec-1] c.example.common.GlobalExceptionHandler  : no handler for /robots.txt
2026-09-16T09:31:38.298+09:00  INFO 1 --- [item-bank-api] [nio-8080-exec-5] c.example.common.GlobalExceptionHandler  : no handler for /robots.txt
2026-09-16T09:32:18.465+09:00  INFO 1 --- [item-bank-api] [nio-8080-exec-2] c.example.common.GlobalExceptionHandler  : no handler for /api/item/12
2026-09-16T09:33:08.129+09:00  INFO 1 --- [item-bank-api] [nio-8080-exec-1] c.example.common.GlobalExceptionHandler  : not found: 문항이 없습니다: id=33 (/api/items/33)
2026-09-16T09:33:08.920+09:00  INFO 1 --- [item-bank-api] [nio-8080-exec-4] c.example.common.GlobalExceptionHandler  : no handler for /robots.txt
2026-09-16T09:33:20.329+09:00  INFO 1 --- [item-bank-api] [io-8080-exec-10] c.example.common.GlobalExceptionHandler  : no handler for /api/unit
2026-09-16T09:34:12.039+09:00  INFO 1 --- [item-bank-api] [nio-8080-exec-5] c.example.common.GlobalExceptionHandler  : not found: 배포가 없습니다: id=12 (/api/distributions/12)
2026-09-16T09:34:18.887+09:00  INFO 1 --- [item-bank-api] [nio-8080-exec-4] com.example.assignment.ReportService     : built class report for class 2: 3 distributions, 10 submissions
2026-09-16T09:34:32.830+09:00  INFO 1 --- [item-bank-api] [nio-8080-exec-2] c.example.common.GlobalExceptionHandler  : not found: 문항이 없습니다: id=55 (/api/items/55)
2026-09-16T09:36:00.802+09:00  INFO 1 --- [item-bank-api] [nio-8080-exec-3] com.example.assignment.ReportService     : built class report for class 2: 3 distributions, 10 submissions
2026-09-16T09:36:05.166+09:00  INFO 1 --- [item-bank-api] [nio-8080-exec-9] c.example.common.GlobalExceptionHandler  : no handler for /apple-touch-icon.png
2026-09-16T09:36:18.691+09:00  INFO 1 --- [item-bank-api] [io-8080-exec-10] c.example.common.GlobalExceptionHandler  : not found: 문항이 없습니다: id=61 (/api/items/61)
2026-09-16T09:36:24.864+09:00  INFO 1 --- [item-bank-api] [nio-8080-exec-3] com.example.assignment.ReportService     : built class report for class 1: 3 distributions, 10 submissions
2026-09-16T09:36:50.704+09:00  INFO 1 --- [item-bank-api] [nio-8080-exec-4] c.example.common.GlobalExceptionHandler  : not found: 배포가 없습니다: id=15 (/api/distributions/15)
2026-09-16T09:37:16.303+09:00  INFO 1 --- [item-bank-api] [nio-8080-exec-1] c.example.common.GlobalExceptionHandler  : no handler for /favicon.ico
2026-09-16T09:37:24.207+09:00  INFO 1 --- [item-bank-api] [nio-8080-exec-6] c.example.common.GlobalExceptionHandler  : no handler for /api/unit
2026-09-16T09:38:08.865+09:00  INFO 1 --- [item-bank-api] [nio-8080-exec-3] c.example.common.GlobalExceptionHandler  : not found: 문항이 없습니다: id=58 (/api/items/58)
2026-09-16T09:38:15.599+09:00  INFO 1 --- [item-bank-api] [nio-8080-exec-6] c.example.common.GlobalExceptionHandler  : no handler for /robots.txt
2026-09-16T09:38:40.451+09:00  INFO 1 --- [item-bank-api] [nio-8080-exec-3] c.example.common.GlobalExceptionHandler  : no handler for /api/unit
2026-09-16T09:38:40.831+09:00  INFO 1 --- [item-bank-api] [nio-8080-exec-4] c.example.common.GlobalExceptionHandler  : no handler for /robots.txt
2026-09-16T09:38:56.551+09:00  INFO 1 --- [item-bank-api] [io-8080-exec-10] c.e.assignment.DistributionService       : redistributed distribution 6 (assignment 4, class 3) reason=STU-1004 결석으로 재배포
2026-09-16T09:39:18.909+09:00  INFO 1 --- [item-bank-api] [nio-8080-exec-3] c.example.common.GlobalExceptionHandler  : no handler for /apple-touch-icon.png
2026-09-16T09:39:21.414+09:00  INFO 1 --- [item-bank-api] [nio-8080-exec-4] c.example.common.GlobalExceptionHandler  : not found: 문항이 없습니다: id=38 (/api/items/38)
2026-09-16T09:41:09.127+09:00  INFO 1 --- [item-bank-api] [nio-8080-exec-8] c.example.common.GlobalExceptionHandler  : not found: 문항이 없습니다: id=40 (/api/items/40)
2026-09-16T09:41:19.209+09:00  INFO 1 --- [item-bank-api] [nio-8080-exec-3] c.example.common.GlobalExceptionHandler  : not found: 문항이 없습니다: id=52 (/api/items/52)
2026-09-16T09:41:32.284+09:00  INFO 1 --- [item-bank-api] [nio-8080-exec-7] c.example.common.GlobalExceptionHandler  : no handler for /api/item/12
2026-09-16T09:41:37.192+09:00  INFO 1 --- [item-bank-api] [nio-8080-exec-2] c.example.common.GlobalExceptionHandler  : no handler for /api/item/12
2026-09-16T09:41:43.606+09:00  INFO 1 --- [item-bank-api] [nio-8080-exec-5] c.example.common.GlobalExceptionHandler  : no handler for /robots.txt
2026-09-16T09:41:48.638+09:00  INFO 1 --- [item-bank-api] [nio-8080-exec-1] c.example.common.GlobalExceptionHandler  : no handler for /robots.txt
2026-09-16T09:41:54.595+09:00  INFO 1 --- [item-bank-api] [nio-8080-exec-8] c.example.common.GlobalExceptionHandler  : no handler for /apple-touch-icon.png
2026-09-16T09:42:02.524+09:00  INFO 1 --- [item-bank-api] [nio-8080-exec-5] c.example.common.GlobalExceptionHandler  : no handler for /api/item/12
2026-09-16T09:42:17.869+09:00  INFO 1 --- [item-bank-api] [nio-8080-exec-8] c.e.assignment.DistributionService       : redistributed distribution 8 (assignment 6, class 2) reason=STU-1008 요청 — 제출 화면 오류
2026-09-16T09:42:24.084+09:00  INFO 1 --- [item-bank-api] [nio-8080-exec-3] com.example.assignment.ReportService     : built class report for class 3: 3 distributions, 10 submissions
2026-09-16T09:42:38.216+09:00  INFO 1 --- [item-bank-api] [nio-8080-exec-5] c.example.common.GlobalExceptionHandler  : no handler for /robots.txt
2026-09-16T09:42:40.069+09:00  INFO 1 --- [item-bank-api] [nio-8080-exec-2] c.example.common.GlobalExceptionHandler  : not found: 문항이 없습니다: id=56 (/api/items/56)
2026-09-16T09:42:49.647+09:00  INFO 1 --- [item-bank-api] [nio-8080-exec-5] c.example.common.GlobalExceptionHandler  : no handler for /favicon.ico
2026-09-16T09:43:30.489+09:00  INFO 1 --- [item-bank-api] [nio-8080-exec-3] c.example.common.GlobalExceptionHandler  : no handler for /favicon.ico
2026-09-16T09:43:34.497+09:00  INFO 1 --- [item-bank-api] [nio-8080-exec-6] c.example.common.GlobalExceptionHandler  : not found: 문항이 없습니다: id=49 (/api/items/49)
2026-09-16T09:43:35.822+09:00  INFO 1 --- [item-bank-api] [nio-8080-exec-6] c.example.common.GlobalExceptionHandler  : no handler for /api/item/12
2026-09-16T09:43:44.009+09:00  INFO 1 --- [item-bank-api] [nio-8080-exec-1] c.example.common.GlobalExceptionHandler  : no handler for /apple-touch-icon.png
2026-09-16T09:44:19.662+09:00  INFO 1 --- [item-bank-api] [nio-8080-exec-4] c.example.common.GlobalExceptionHandler  : bad request: Method parameter 'id': Failed to convert value of type 'java.lang.String' to required type 'java.lang.Integer'; For input string: "undefined" (/api/items/undefined)
2026-09-16T09:44:23.276+09:00  INFO 1 --- [item-bank-api] [nio-8080-exec-3] c.example.common.GlobalExceptionHandler  : no handler for /robots.txt
2026-09-16T09:44:23.481+09:00  INFO 1 --- [item-bank-api] [nio-8080-exec-8] c.example.common.GlobalExceptionHandler  : not found: 단원이 없습니다: code=M7-1 (/api/units/M7-1/items)
2026-09-16T09:44:27.310+09:00  WARN 1 --- [item-bank-api] [nio-8080-exec-8] c.example.common.GlobalExceptionHandler  : state conflict: 마감된 과제는 재배포할 수 없습니다: distributionId=4 (/api/distributions/4/redistribute)
2026-09-16T09:45:56.745+09:00  INFO 1 --- [item-bank-api] [io-8080-exec-10] c.example.common.GlobalExceptionHandler  : no handler for /robots.txt
2026-09-16T09:46:11.857+09:00  INFO 1 --- [item-bank-api] [io-8080-exec-10] c.example.common.GlobalExceptionHandler  : no handler for /robots.txt
2026-09-16T09:46:56.645+09:00  INFO 1 --- [item-bank-api] [nio-8080-exec-1] c.example.common.GlobalExceptionHandler  : no handler for /favicon.ico
2026-09-16T09:47:27.292+09:00  INFO 1 --- [item-bank-api] [nio-8080-exec-9] c.example.common.GlobalExceptionHandler  : no handler for /apple-touch-icon.png
2026-09-16T09:48:05.913+09:00  INFO 1 --- [item-bank-api] [nio-8080-exec-2] c.example.common.GlobalExceptionHandler  : no handler for /robots.txt
2026-09-16T09:48:06.171+09:00  INFO 1 --- [item-bank-api] [io-8080-exec-10] c.example.common.GlobalExceptionHandler  : not found: 배포가 없습니다: id=9 (/api/distributions/9)
2026-09-16T09:48:37.711+09:00  INFO 1 --- [item-bank-api] [io-8080-exec-10] c.example.common.GlobalExceptionHandler  : not found: 배포가 없습니다: id=10 (/api/distributions/10)
2026-09-16T09:49:32.599+09:00  INFO 1 --- [item-bank-api] [nio-8080-exec-3] c.example.common.GlobalExceptionHandler  : no handler for /api/unit
2026-09-16T09:49:48.781+09:00  INFO 1 --- [item-bank-api] [nio-8080-exec-5] c.example.common.GlobalExceptionHandler  : not found: 문항이 없습니다: id=40 (/api/items/40)
2026-09-16T09:50:36.256+09:00  WARN 1 --- [item-bank-api] [nio-8080-exec-8] c.example.common.GlobalExceptionHandler  : state conflict: 마감된 과제는 재배포할 수 없습니다: distributionId=4 (/api/distributions/4/redistribute)
2026-09-16T09:50:38.347+09:00  INFO 1 --- [item-bank-api] [nio-8080-exec-9] c.example.common.GlobalExceptionHandler  : no handler for /robots.txt
2026-09-16T09:50:48.681+09:00  INFO 1 --- [item-bank-api] [nio-8080-exec-7] c.example.common.GlobalExceptionHandler  : no handler for /api/item/12
2026-09-16T09:50:50.559+09:00  INFO 1 --- [item-bank-api] [nio-8080-exec-8] c.example.common.GlobalExceptionHandler  : no handler for /api/item/12
2026-09-16T09:52:00.936+09:00  INFO 1 --- [item-bank-api] [nio-8080-exec-6] c.example.common.GlobalExceptionHandler  : no handler for /api/item/12
2026-09-16T09:52:17.536+09:00  INFO 1 --- [item-bank-api] [nio-8080-exec-5] c.example.common.GlobalExceptionHandler  : not found: 문항이 없습니다: id=58 (/api/items/58)
2026-09-16T09:52:24.998+09:00  INFO 1 --- [item-bank-api] [io-8080-exec-10] c.example.common.GlobalExceptionHandler  : no handler for /favicon.ico
2026-09-16T09:52:27.693+09:00  INFO 1 --- [item-bank-api] [nio-8080-exec-9] c.example.common.GlobalExceptionHandler  : no handler for /apple-touch-icon.png
2026-09-16T09:52:48.362+09:00  INFO 1 --- [item-bank-api] [nio-8080-exec-7] c.example.common.GlobalExceptionHandler  : bad request: Method parameter 'id': Failed to convert value of type 'java.lang.String' to required type 'java.lang.Integer'; For input string: "NaN" (/api/items/NaN)
2026-09-16T09:53:06.897+09:00  INFO 1 --- [item-bank-api] [nio-8080-exec-3] c.example.common.GlobalExceptionHandler  : no handler for /favicon.ico
2026-09-16T09:53:41.174+09:00  INFO 1 --- [item-bank-api] [nio-8080-exec-6] c.example.common.GlobalExceptionHandler  : no handler for /apple-touch-icon.png
2026-09-16T09:53:47.210+09:00  INFO 1 --- [item-bank-api] [nio-8080-exec-2] c.e.assignment.DistributionService       : redistributed distribution 8 (assignment 6, class 2) reason=null
2026-09-16T09:53:52.984+09:00  INFO 1 --- [item-bank-api] [nio-8080-exec-8] com.example.assignment.ReportService     : built class report for class 3: 3 distributions, 10 submissions
2026-09-16T09:54:00.459+09:00  INFO 1 --- [item-bank-api] [nio-8080-exec-9] c.example.common.GlobalExceptionHandler  : no handler for /api/unit
2026-09-16T09:54:21.812+09:00  INFO 1 --- [item-bank-api] [nio-8080-exec-9] c.example.common.GlobalExceptionHandler  : no handler for /api/unit
2026-09-16T09:54:32.615+09:00  INFO 1 --- [item-bank-api] [nio-8080-exec-6] c.example.common.GlobalExceptionHandler  : no handler for /robots.txt
2026-09-16T09:54:34.551+09:00  INFO 1 --- [item-bank-api] [nio-8080-exec-8] c.example.common.GlobalExceptionHandler  : no handler for /api/item/12
2026-09-16T09:55:01.307+09:00  INFO 1 --- [item-bank-api] [nio-8080-exec-1] c.example.common.GlobalExceptionHandler  : no handler for /apple-touch-icon.png
2026-09-16T09:55:20.352+09:00  INFO 1 --- [item-bank-api] [nio-8080-exec-1] c.example.common.GlobalExceptionHandler  : not found: 문항이 없습니다: id=44 (/api/items/44)
2026-09-16T09:55:26.124+09:00  INFO 1 --- [item-bank-api] [nio-8080-exec-7] c.example.common.GlobalExceptionHandler  : no handler for /favicon.ico
2026-09-16T09:56:10.721+09:00  INFO 1 --- [item-bank-api] [nio-8080-exec-7] c.example.common.GlobalExceptionHandler  : not found: 문항이 없습니다: id=56 (/api/items/56)
2026-09-16T09:56:13.323+09:00  INFO 1 --- [item-bank-api] [nio-8080-exec-8] c.example.common.GlobalExceptionHandler  : no handler for /api/item/12
2026-09-16T09:56:42.880+09:00  INFO 1 --- [item-bank-api] [nio-8080-exec-7] c.example.common.GlobalExceptionHandler  : not found: 배포가 없습니다: id=14 (/api/distributions/14)
2026-09-16T09:56:55.331+09:00  INFO 1 --- [item-bank-api] [nio-8080-exec-4] c.example.common.GlobalExceptionHandler  : no handler for /api/item/12
2026-09-16T09:57:51.991+09:00  INFO 1 --- [item-bank-api] [io-8080-exec-10] c.example.common.GlobalExceptionHandler  : not found: 문항이 없습니다: id=42 (/api/items/42)
2026-09-16T09:57:57.941+09:00  INFO 1 --- [item-bank-api] [nio-8080-exec-1] c.example.common.GlobalExceptionHandler  : not found: 문항이 없습니다: id=53 (/api/items/53)
2026-09-16T09:58:30.724+09:00  INFO 1 --- [item-bank-api] [nio-8080-exec-7] c.example.common.GlobalExceptionHandler  : no handler for /robots.txt
2026-09-16T09:58:58.930+09:00  INFO 1 --- [item-bank-api] [io-8080-exec-10] c.example.common.GlobalExceptionHandler  : no handler for /favicon.ico
2026-09-16T09:59:02.683+09:00  INFO 1 --- [item-bank-api] [nio-8080-exec-7] c.example.common.GlobalExceptionHandler  : no handler for /favicon.ico
2026-09-16T09:59:33.085+09:00  INFO 1 --- [item-bank-api] [nio-8080-exec-5] c.example.common.GlobalExceptionHandler  : no handler for /robots.txt
2026-09-16T10:00:00.718+09:00  INFO 1 --- [item-bank-api] [nio-8080-exec-8] c.example.common.GlobalExceptionHandler  : no handler for /robots.txt
2026-09-16T10:00:08.127+09:00  INFO 1 --- [item-bank-api] [nio-8080-exec-1] c.example.common.GlobalExceptionHandler  : no handler for /apple-touch-icon.png
2026-09-16T10:00:12.729+09:00  INFO 1 --- [item-bank-api] [nio-8080-exec-4] c.example.common.GlobalExceptionHandler  : not found: 단원이 없습니다: code=M7-1 (/api/units/M7-1/items)
2026-09-16T10:00:51.007+09:00  WARN 1 --- [item-bank-api] [nio-8080-exec-9] c.example.common.GlobalExceptionHandler  : state conflict: 마감된 과제는 재배포할 수 없습니다: distributionId=2 (/api/distributions/2/redistribute)
2026-09-16T10:02:05.315+09:00  INFO 1 --- [item-bank-api] [nio-8080-exec-6] c.example.common.GlobalExceptionHandler  : not found: 단원이 없습니다: code=M7-1 (/api/units/M7-1/items)
2026-09-16T10:02:44.669+09:00  INFO 1 --- [item-bank-api] [nio-8080-exec-6] c.example.common.GlobalExceptionHandler  : no handler for /api/item/12
2026-09-16T10:02:54.909+09:00  INFO 1 --- [item-bank-api] [nio-8080-exec-8] c.example.common.GlobalExceptionHandler  : no handler for /apple-touch-icon.png
2026-09-16T10:03:16.286+09:00  INFO 1 --- [item-bank-api] [nio-8080-exec-4] c.example.common.GlobalExceptionHandler  : no handler for /apple-touch-icon.png
2026-09-16T10:03:50.726+09:00  INFO 1 --- [item-bank-api] [nio-8080-exec-8] c.example.common.GlobalExceptionHandler  : not found: 문항이 없습니다: id=32 (/api/items/32)
2026-09-16T10:03:56.678+09:00  INFO 1 --- [item-bank-api] [nio-8080-exec-9] c.example.common.GlobalExceptionHandler  : not found: 문항이 없습니다: id=59 (/api/items/59)
2026-09-16T10:04:06.454+09:00  INFO 1 --- [item-bank-api] [nio-8080-exec-8] c.example.common.GlobalExceptionHandler  : not found: 단원이 없습니다: code=M7-1 (/api/units/M7-1/items)
2026-09-16T10:04:33.630+09:00  INFO 1 --- [item-bank-api] [nio-8080-exec-3] c.example.common.GlobalExceptionHandler  : no handler for /favicon.ico
2026-09-16T10:04:35.498+09:00  INFO 1 --- [item-bank-api] [nio-8080-exec-9] c.example.common.GlobalExceptionHandler  : no handler for /api/unit
2026-09-16T10:04:36.570+09:00  INFO 1 --- [item-bank-api] [nio-8080-exec-7] c.example.common.GlobalExceptionHandler  : no handler for /api/item/12
2026-09-16T10:05:25.554+09:00  INFO 1 --- [item-bank-api] [nio-8080-exec-1] c.example.common.GlobalExceptionHandler  : no handler for /favicon.ico
2026-09-16T10:05:27.917+09:00  INFO 1 --- [item-bank-api] [nio-8080-exec-7] c.example.common.GlobalExceptionHandler  : no handler for /apple-touch-icon.png
2026-09-16T10:05:29.389+09:00  INFO 1 --- [item-bank-api] [nio-8080-exec-5] c.example.common.GlobalExceptionHandler  : not found: 단원이 없습니다: code=M7-1 (/api/units/M7-1/items)
2026-09-16T10:06:16.938+09:00  INFO 1 --- [item-bank-api] [io-8080-exec-10] c.example.common.GlobalExceptionHandler  : no handler for /favicon.ico
2026-09-16T10:06:25.146+09:00  INFO 1 --- [item-bank-api] [nio-8080-exec-9] c.example.common.GlobalExceptionHandler  : no handler for /robots.txt
2026-09-16T10:06:43.704+09:00  INFO 1 --- [item-bank-api] [nio-8080-exec-5] c.example.common.GlobalExceptionHandler  : not found: 문항이 없습니다: id=48 (/api/items/48)
2026-09-16T10:06:47.573+09:00  INFO 1 --- [item-bank-api] [nio-8080-exec-2] c.example.common.GlobalExceptionHandler  : no handler for /api/unit
2026-09-16T10:07:09.591+09:00  INFO 1 --- [item-bank-api] [nio-8080-exec-4] c.example.common.GlobalExceptionHandler  : no handler for /favicon.ico
2026-09-16T10:07:22.949+09:00  INFO 1 --- [item-bank-api] [nio-8080-exec-4] c.example.common.GlobalExceptionHandler  : no handler for /api/item/12
2026-09-16T10:07:39.914+09:00  INFO 1 --- [item-bank-api] [nio-8080-exec-5] c.example.common.GlobalExceptionHandler  : not found: 배포가 없습니다: id=11 (/api/distributions/11)
2026-09-16T10:07:49.199+09:00  INFO 1 --- [item-bank-api] [nio-8080-exec-1] c.example.common.GlobalExceptionHandler  : no handler for /robots.txt
2026-09-16T10:07:52.817+09:00  INFO 1 --- [item-bank-api] [nio-8080-exec-5] c.example.common.GlobalExceptionHandler  : no handler for /robots.txt
2026-09-16T10:08:03.940+09:00  INFO 1 --- [item-bank-api] [nio-8080-exec-5] c.example.common.GlobalExceptionHandler  : no handler for /api/unit
2026-09-16T10:08:30.724+09:00  INFO 1 --- [item-bank-api] [nio-8080-exec-4] c.example.common.GlobalExceptionHandler  : not found: 문항이 없습니다: id=44 (/api/items/44)
2026-09-16T10:08:42.641+09:00  INFO 1 --- [item-bank-api] [nio-8080-exec-4] c.example.common.GlobalExceptionHandler  : no handler for /apple-touch-icon.png
2026-09-16T10:08:53.056+09:00  INFO 1 --- [item-bank-api] [nio-8080-exec-6] c.example.common.GlobalExceptionHandler  : no handler for /apple-touch-icon.png
2026-09-16T10:08:59.111+09:00  INFO 1 --- [item-bank-api] [nio-8080-exec-7] c.example.common.GlobalExceptionHandler  : no handler for /favicon.ico
2026-09-16T10:09:03.569+09:00  INFO 1 --- [item-bank-api] [nio-8080-exec-8] c.e.assignment.DistributionService       : redistributed distribution 6 (assignment 4, class 3) reason=null
2026-09-16T10:09:25.010+09:00  INFO 1 --- [item-bank-api] [io-8080-exec-10] c.example.common.GlobalExceptionHandler  : no handler for /robots.txt
2026-09-16T10:10:16.039+09:00  INFO 1 --- [item-bank-api] [nio-8080-exec-1] c.example.common.GlobalExceptionHandler  : no handler for /robots.txt
2026-09-16T10:10:28.396+09:00  INFO 1 --- [item-bank-api] [nio-8080-exec-9] c.e.assignment.DistributionService       : redistributed distribution 7 (assignment 5, class 3) reason=STU-1004 요청 — 제출 화면 오류
2026-09-16T10:10:32.011+09:00  INFO 1 --- [item-bank-api] [io-8080-exec-10] c.example.common.GlobalExceptionHandler  : no handler for /api/unit
2026-09-16T10:10:33.795+09:00  INFO 1 --- [item-bank-api] [nio-8080-exec-7] c.example.common.GlobalExceptionHandler  : no handler for /robots.txt
2026-09-16T10:11:03.533+09:00  INFO 1 --- [item-bank-api] [nio-8080-exec-6] com.example.assignment.ReportService     : built class report for class 1: 3 distributions, 10 submissions
2026-09-16T10:11:04.683+09:00  INFO 1 --- [item-bank-api] [io-8080-exec-10] c.example.common.GlobalExceptionHandler  : no handler for /api/item/12
2026-09-16T10:11:09.642+09:00  INFO 1 --- [item-bank-api] [nio-8080-exec-8] com.example.assignment.ReportService     : built class report for class 2: 3 distributions, 10 submissions
2026-09-16T10:11:26.134+09:00  INFO 1 --- [item-bank-api] [nio-8080-exec-6] c.example.common.GlobalExceptionHandler  : no handler for /robots.txt
2026-09-16T10:11:35.998+09:00  INFO 1 --- [item-bank-api] [io-8080-exec-10] c.example.common.GlobalExceptionHandler  : no handler for /robots.txt
2026-09-16T10:11:44.266+09:00  INFO 1 --- [item-bank-api] [nio-8080-exec-7] c.example.common.GlobalExceptionHandler  : no handler for /favicon.ico
2026-09-16T10:12:12.365+09:00  INFO 1 --- [item-bank-api] [nio-8080-exec-7] c.example.common.GlobalExceptionHandler  : no handler for /apple-touch-icon.png
2026-09-16T10:12:14.805+09:00  INFO 1 --- [item-bank-api] [nio-8080-exec-1] c.example.common.GlobalExceptionHandler  : no handler for /robots.txt
2026-09-16T10:12:18.623+09:00  INFO 1 --- [item-bank-api] [nio-8080-exec-7] c.example.common.GlobalExceptionHandler  : no handler for /robots.txt
2026-09-16T10:12:39.709+09:00  INFO 1 --- [item-bank-api] [nio-8080-exec-2] c.example.common.GlobalExceptionHandler  : no handler for /favicon.ico
2026-09-16T10:12:40.150+09:00  INFO 1 --- [item-bank-api] [nio-8080-exec-8] c.example.common.GlobalExceptionHandler  : no handler for /robots.txt
2026-09-16T10:13:11.561+09:00  INFO 1 --- [item-bank-api] [io-8080-exec-10] c.example.common.GlobalExceptionHandler  : no handler for /favicon.ico
2026-09-16T10:14:03.800+09:00  INFO 1 --- [item-bank-api] [nio-8080-exec-2] c.example.common.GlobalExceptionHandler  : bad request: Method parameter 'id': Failed to convert value of type 'java.lang.String' to required type 'java.lang.Integer'; For input string: "null" (/api/items/null)
2026-09-16T10:14:07.717+09:00  INFO 1 --- [item-bank-api] [nio-8080-exec-1] c.example.common.GlobalExceptionHandler  : no handler for /api/item/12
2026-09-16T10:14:42.215+09:00  INFO 1 --- [item-bank-api] [nio-8080-exec-4] c.example.common.GlobalExceptionHandler  : no handler for /robots.txt
2026-09-16T10:15:02.796+09:00  INFO 1 --- [item-bank-api] [io-8080-exec-10] c.example.common.GlobalExceptionHandler  : no handler for /api/item/12
2026-09-16T10:15:21.342+09:00  INFO 1 --- [item-bank-api] [nio-8080-exec-2] c.example.common.GlobalExceptionHandler  : no handler for /favicon.ico
2026-09-16T10:15:28.408+09:00  INFO 1 --- [item-bank-api] [nio-8080-exec-6] c.example.common.GlobalExceptionHandler  : no handler for /api/item/12
2026-09-16T10:15:45.003+09:00  INFO 1 --- [item-bank-api] [nio-8080-exec-3] c.example.common.GlobalExceptionHandler  : no handler for /apple-touch-icon.png
2026-09-16T10:15:47.778+09:00  INFO 1 --- [item-bank-api] [nio-8080-exec-9] c.example.common.GlobalExceptionHandler  : no handler for /api/item/12
2026-09-16T10:16:03.125+09:00  INFO 1 --- [item-bank-api] [nio-8080-exec-1] c.example.common.GlobalExceptionHandler  : no handler for /apple-touch-icon.png
2026-09-16T10:16:10.938+09:00  INFO 1 --- [item-bank-api] [nio-8080-exec-7] c.example.common.GlobalExceptionHandler  : no handler for /api/unit
2026-09-16T10:16:19.070+09:00  INFO 1 --- [item-bank-api] [nio-8080-exec-2] c.example.common.GlobalExceptionHandler  : not found: 배포가 없습니다: id=15 (/api/distributions/15)
2026-09-16T10:17:24.960+09:00  INFO 1 --- [item-bank-api] [nio-8080-exec-7] c.example.common.GlobalExceptionHandler  : not found: 문항이 없습니다: id=41 (/api/items/41)
2026-09-16T10:17:36.102+09:00  INFO 1 --- [item-bank-api] [nio-8080-exec-7] com.example.assignment.ReportService     : built class report for class 1: 3 distributions, 10 submissions
2026-09-16T10:17:43.376+09:00  INFO 1 --- [item-bank-api] [nio-8080-exec-1] c.example.common.GlobalExceptionHandler  : no handler for /favicon.ico
2026-09-16T10:18:53.857+09:00  INFO 1 --- [item-bank-api] [nio-8080-exec-2] c.example.common.GlobalExceptionHandler  : no handler for /favicon.ico
2026-09-16T10:18:58.286+09:00  INFO 1 --- [item-bank-api] [nio-8080-exec-9] c.example.common.GlobalExceptionHandler  : no handler for /api/unit
2026-09-16T10:19:23.561+09:00  INFO 1 --- [item-bank-api] [nio-8080-exec-4] c.example.common.GlobalExceptionHandler  : not found: 배포가 없습니다: id=14 (/api/distributions/14)
2026-09-16T10:19:54.552+09:00  INFO 1 --- [item-bank-api] [nio-8080-exec-6] c.example.common.GlobalExceptionHandler  : no handler for /apple-touch-icon.png
2026-09-16T10:21:29.452+09:00  INFO 1 --- [item-bank-api] [nio-8080-exec-6] c.example.common.GlobalExceptionHandler  : no handler for /apple-touch-icon.png
2026-09-16T10:21:49.060+09:00  INFO 1 --- [item-bank-api] [nio-8080-exec-4] c.example.common.GlobalExceptionHandler  : no handler for /api/unit
2026-09-16T10:22:10.604+09:00  INFO 1 --- [item-bank-api] [nio-8080-exec-7] c.example.common.GlobalExceptionHandler  : no handler for /api/unit
2026-09-16T10:22:34.393+09:00  INFO 1 --- [item-bank-api] [nio-8080-exec-1] c.example.common.GlobalExceptionHandler  : no handler for /favicon.ico
2026-09-16T10:22:52.567+09:00  INFO 1 --- [item-bank-api] [nio-8080-exec-4] c.example.common.GlobalExceptionHandler  : not found: 문항이 없습니다: id=62 (/api/items/62)
2026-09-16T10:22:53.338+09:00  INFO 1 --- [item-bank-api] [nio-8080-exec-8] c.example.common.GlobalExceptionHandler  : not found: 문항이 없습니다: id=42 (/api/items/42)
2026-09-16T10:23:43.065+09:00  INFO 1 --- [item-bank-api] [nio-8080-exec-1] c.example.common.GlobalExceptionHandler  : no handler for /robots.txt
2026-09-16T10:24:24.849+09:00  INFO 1 --- [item-bank-api] [nio-8080-exec-4] com.example.assignment.ReportService     : built class report for class 1: 3 distributions, 10 submissions
2026-09-16T10:25:20.502+09:00  INFO 1 --- [item-bank-api] [nio-8080-exec-5] c.example.common.GlobalExceptionHandler  : no handler for /apple-touch-icon.png
2026-09-16T10:25:43.772+09:00  INFO 1 --- [item-bank-api] [nio-8080-exec-3] c.example.common.GlobalExceptionHandler  : not found: 문항이 없습니다: id=45 (/api/items/45)
2026-09-16T10:26:21.949+09:00  INFO 1 --- [item-bank-api] [nio-8080-exec-8] c.example.common.GlobalExceptionHandler  : no handler for /robots.txt
2026-09-16T10:26:41.561+09:00  INFO 1 --- [item-bank-api] [nio-8080-exec-1] c.example.common.GlobalExceptionHandler  : no handler for /api/unit
2026-09-16T10:27:07.151+09:00  INFO 1 --- [item-bank-api] [nio-8080-exec-4] c.example.common.GlobalExceptionHandler  : no handler for /robots.txt
2026-09-16T10:27:55.379+09:00  INFO 1 --- [item-bank-api] [nio-8080-exec-5] c.example.common.GlobalExceptionHandler  : no handler for /apple-touch-icon.png
2026-09-16T10:28:37.502+09:00  INFO 1 --- [item-bank-api] [nio-8080-exec-7] c.example.common.GlobalExceptionHandler  : not found: 문항이 없습니다: id=32 (/api/items/32)
2026-09-16T10:28:47.058+09:00  INFO 1 --- [item-bank-api] [nio-8080-exec-9] c.example.common.GlobalExceptionHandler  : no handler for /apple-touch-icon.png
2026-09-16T10:28:54.614+09:00  INFO 1 --- [item-bank-api] [io-8080-exec-10] c.example.common.GlobalExceptionHandler  : no handler for /robots.txt
2026-09-16T10:29:13.973+09:00  INFO 1 --- [item-bank-api] [nio-8080-exec-9] c.example.common.GlobalExceptionHandler  : no handler for /favicon.ico
2026-09-16T10:29:56.371+09:00  INFO 1 --- [item-bank-api] [nio-8080-exec-4] c.example.common.GlobalExceptionHandler  : no handler for /favicon.ico
2026-09-16T10:30:04.270+09:00  INFO 1 --- [item-bank-api] [nio-8080-exec-3] c.example.common.GlobalExceptionHandler  : not found: 배포가 없습니다: id=10 (/api/distributions/10)
2026-09-16T10:30:18.747+09:00  INFO 1 --- [item-bank-api] [nio-8080-exec-6] c.example.common.GlobalExceptionHandler  : no handler for /robots.txt
2026-09-16T10:30:24.664+09:00  INFO 1 --- [item-bank-api] [nio-8080-exec-8] c.example.common.GlobalExceptionHandler  : no handler for /favicon.ico
2026-09-16T10:30:26.096+09:00  INFO 1 --- [item-bank-api] [nio-8080-exec-9] c.example.common.GlobalExceptionHandler  : no handler for /api/unit
2026-09-16T10:31:04.714+09:00  INFO 1 --- [item-bank-api] [nio-8080-exec-4] com.example.assignment.ReportService     : built class report for class 3: 3 distributions, 10 submissions
2026-09-16T10:31:21.503+09:00  INFO 1 --- [item-bank-api] [nio-8080-exec-6] c.example.common.GlobalExceptionHandler  : not found: 배포가 없습니다: id=14 (/api/distributions/14)
2026-09-16T10:31:28.794+09:00  INFO 1 --- [item-bank-api] [nio-8080-exec-6] c.example.common.GlobalExceptionHandler  : no handler for /api/unit
2026-09-16T10:32:25.853+09:00  INFO 1 --- [item-bank-api] [nio-8080-exec-4] c.example.common.GlobalExceptionHandler  : no handler for /api/unit
2026-09-16T10:32:29.584+09:00  INFO 1 --- [item-bank-api] [nio-8080-exec-6] c.example.common.GlobalExceptionHandler  : no handler for /robots.txt
2026-09-16T10:32:29.646+09:00  INFO 1 --- [item-bank-api] [nio-8080-exec-8] c.example.common.GlobalExceptionHandler  : no handler for /api/item/12
2026-09-16T10:32:43.016+09:00  INFO 1 --- [item-bank-api] [nio-8080-exec-5] c.example.common.GlobalExceptionHandler  : no handler for /api/unit
2026-09-16T10:32:43.715+09:00  INFO 1 --- [item-bank-api] [nio-8080-exec-4] c.example.common.GlobalExceptionHandler  : no handler for /favicon.ico
2026-09-16T10:32:54.013+09:00  INFO 1 --- [item-bank-api] [nio-8080-exec-2] c.example.common.GlobalExceptionHandler  : not found: 배포가 없습니다: id=13 (/api/distributions/13)
2026-09-16T10:34:25.089+09:00  INFO 1 --- [item-bank-api] [io-8080-exec-10] c.example.common.GlobalExceptionHandler  : no handler for /apple-touch-icon.png
2026-09-16T10:34:44.778+09:00  INFO 1 --- [item-bank-api] [nio-8080-exec-6] c.example.common.GlobalExceptionHandler  : no handler for /api/item/12
2026-09-16T10:35:30.332+09:00  INFO 1 --- [item-bank-api] [nio-8080-exec-1] c.example.common.GlobalExceptionHandler  : not found: 문항이 없습니다: id=51 (/api/items/51)
2026-09-16T10:36:41.543+09:00  INFO 1 --- [item-bank-api] [nio-8080-exec-8] c.example.common.GlobalExceptionHandler  : no handler for /api/item/12
2026-09-16T10:36:48.839+09:00  INFO 1 --- [item-bank-api] [nio-8080-exec-2] c.example.common.GlobalExceptionHandler  : not found: 문항이 없습니다: id=54 (/api/items/54)
2026-09-16T10:37:11.180+09:00  INFO 1 --- [item-bank-api] [nio-8080-exec-5] c.example.common.GlobalExceptionHandler  : no handler for /api/unit
2026-09-16T10:37:41.152+09:00  INFO 1 --- [item-bank-api] [nio-8080-exec-5] c.example.common.GlobalExceptionHandler  : not found: 배포가 없습니다: id=14 (/api/distributions/14)
2026-09-16T10:37:45.571+09:00  INFO 1 --- [item-bank-api] [nio-8080-exec-4] c.example.common.GlobalExceptionHandler  : no handler for /apple-touch-icon.png
2026-09-16T10:37:46.749+09:00  INFO 1 --- [item-bank-api] [nio-8080-exec-1] c.example.common.GlobalExceptionHandler  : no handler for /apple-touch-icon.png
2026-09-16T10:38:14.755+09:00  INFO 1 --- [item-bank-api] [nio-8080-exec-1] c.example.common.GlobalExceptionHandler  : no handler for /robots.txt
2026-09-16T10:38:41.536+09:00  INFO 1 --- [item-bank-api] [nio-8080-exec-6] c.example.common.GlobalExceptionHandler  : no handler for /api/unit
2026-09-16T10:38:44.557+09:00  INFO 1 --- [item-bank-api] [nio-8080-exec-4] c.example.common.GlobalExceptionHandler  : no handler for /apple-touch-icon.png
2026-09-16T10:39:06.769+09:00  INFO 1 --- [item-bank-api] [nio-8080-exec-8] c.example.common.GlobalExceptionHandler  : no handler for /robots.txt
2026-09-16T10:39:09.926+09:00  INFO 1 --- [item-bank-api] [nio-8080-exec-3] c.example.common.GlobalExceptionHandler  : no handler for /favicon.ico
2026-09-16T10:39:45.321+09:00  INFO 1 --- [item-bank-api] [nio-8080-exec-9] c.example.common.GlobalExceptionHandler  : no handler for /api/item/12
2026-09-16T10:40:16.010+09:00  INFO 1 --- [item-bank-api] [nio-8080-exec-2] c.example.common.GlobalExceptionHandler  : no handler for /api/item/12
2026-09-16T10:40:21.726+09:00  INFO 1 --- [item-bank-api] [io-8080-exec-10] c.example.common.GlobalExceptionHandler  : not found: 배포가 없습니다: id=10 (/api/distributions/10)
2026-09-16T10:40:25.353+09:00  INFO 1 --- [item-bank-api] [nio-8080-exec-3] c.example.common.GlobalExceptionHandler  : no handler for /api/item/12
2026-09-16T10:40:54.718+09:00  INFO 1 --- [item-bank-api] [nio-8080-exec-7] c.example.common.GlobalExceptionHandler  : no handler for /favicon.ico
2026-09-16T10:41:19.993+09:00  INFO 1 --- [item-bank-api] [nio-8080-exec-3] c.example.common.GlobalExceptionHandler  : no handler for /apple-touch-icon.png
2026-09-16T10:42:19.514+09:00  INFO 1 --- [item-bank-api] [nio-8080-exec-6] c.example.common.GlobalExceptionHandler  : no handler for /apple-touch-icon.png
2026-09-16T10:42:23.307+09:00  INFO 1 --- [item-bank-api] [nio-8080-exec-1] com.example.assignment.ReportService     : built class report for class 2: 3 distributions, 10 submissions
2026-09-16T10:42:52.155+09:00  INFO 1 --- [item-bank-api] [nio-8080-exec-1] c.example.common.GlobalExceptionHandler  : no handler for /favicon.ico
2026-09-16T10:43:53.813+09:00  INFO 1 --- [item-bank-api] [nio-8080-exec-4] c.example.common.GlobalExceptionHandler  : no handler for /favicon.ico
2026-09-16T10:43:58.532+09:00  INFO 1 --- [item-bank-api] [nio-8080-exec-7] c.example.common.GlobalExceptionHandler  : no handler for /apple-touch-icon.png
2026-09-16T10:44:00.607+09:00  INFO 1 --- [item-bank-api] [nio-8080-exec-7] c.example.common.GlobalExceptionHandler  : not found: 문항이 없습니다: id=61 (/api/items/61)
2026-09-16T10:44:17.907+09:00  INFO 1 --- [item-bank-api] [nio-8080-exec-6] c.e.assignment.DistributionService       : redistributed distribution 6 (assignment 4, class 3) reason=STU-1009 결석으로 재배포
2026-09-16T10:44:20.314+09:00  INFO 1 --- [item-bank-api] [nio-8080-exec-8] c.example.common.GlobalExceptionHandler  : no handler for /api/item/12
2026-09-16T10:44:20.905+09:00  INFO 1 --- [item-bank-api] [nio-8080-exec-9] c.example.common.GlobalExceptionHandler  : no handler for /robots.txt
2026-09-16T10:44:34.205+09:00  INFO 1 --- [item-bank-api] [nio-8080-exec-2] c.example.common.GlobalExceptionHandler  : not found: 문항이 없습니다: id=50 (/api/items/50)
2026-09-16T10:44:51.019+09:00  INFO 1 --- [item-bank-api] [nio-8080-exec-3] c.example.common.GlobalExceptionHandler  : not found: 문항이 없습니다: id=32 (/api/items/32)
2026-09-16T10:44:59.234+09:00  INFO 1 --- [item-bank-api] [nio-8080-exec-1] c.example.common.GlobalExceptionHandler  : no handler for /apple-touch-icon.png
2026-09-16T10:46:03.598+09:00  INFO 1 --- [item-bank-api] [nio-8080-exec-2] com.example.assignment.ReportService     : built class report for class 3: 3 distributions, 10 submissions
2026-09-16T10:46:29.104+09:00  INFO 1 --- [item-bank-api] [nio-8080-exec-3] c.example.common.GlobalExceptionHandler  : not found: 문항이 없습니다: id=48 (/api/items/48)
2026-09-16T10:47:19.332+09:00  INFO 1 --- [item-bank-api] [nio-8080-exec-6] c.example.common.GlobalExceptionHandler  : not found: 배포가 없습니다: id=12 (/api/distributions/12)
2026-09-16T10:47:47.359+09:00  INFO 1 --- [item-bank-api] [nio-8080-exec-6] c.example.common.GlobalExceptionHandler  : no handler for /robots.txt
2026-09-16T10:48:27.224+09:00  INFO 1 --- [item-bank-api] [nio-8080-exec-3] c.example.common.GlobalExceptionHandler  : no handler for /api/unit
2026-09-16T10:49:50.464+09:00  INFO 1 --- [item-bank-api] [nio-8080-exec-4] c.example.common.GlobalExceptionHandler  : not found: 문항이 없습니다: id=51 (/api/items/51)
2026-09-16T10:50:06.274+09:00  INFO 1 --- [item-bank-api] [nio-8080-exec-2] c.example.common.GlobalExceptionHandler  : no handler for /favicon.ico
2026-09-16T10:50:18.799+09:00  INFO 1 --- [item-bank-api] [nio-8080-exec-3] c.example.common.GlobalExceptionHandler  : no handler for /favicon.ico
2026-09-16T10:50:43.987+09:00  INFO 1 --- [item-bank-api] [nio-8080-exec-5] c.example.common.GlobalExceptionHandler  : not found: 배포가 없습니다: id=12 (/api/distributions/12)
2026-09-16T10:51:19.672+09:00  INFO 1 --- [item-bank-api] [nio-8080-exec-9] c.example.common.GlobalExceptionHandler  : no handler for /robots.txt
2026-09-16T10:51:41.827+09:00  INFO 1 --- [item-bank-api] [nio-8080-exec-8] c.example.common.GlobalExceptionHandler  : no handler for /robots.txt
2026-09-16T10:52:08.267+09:00  INFO 1 --- [item-bank-api] [nio-8080-exec-7] c.example.common.GlobalExceptionHandler  : no handler for /api/item/12
2026-09-16T10:52:39.806+09:00  INFO 1 --- [item-bank-api] [nio-8080-exec-9] c.example.common.GlobalExceptionHandler  : no handler for /apple-touch-icon.png
2026-09-16T10:52:42.189+09:00  INFO 1 --- [item-bank-api] [nio-8080-exec-9] c.example.common.GlobalExceptionHandler  : no handler for /favicon.ico
2026-09-16T10:53:37.193+09:00  INFO 1 --- [item-bank-api] [nio-8080-exec-8] c.example.common.GlobalExceptionHandler  : no handler for /favicon.ico
2026-09-16T10:54:01.920+09:00  INFO 1 --- [item-bank-api] [nio-8080-exec-4] c.example.common.GlobalExceptionHandler  : no handler for /favicon.ico
2026-09-16T10:54:11.259+09:00  INFO 1 --- [item-bank-api] [nio-8080-exec-6] c.example.common.GlobalExceptionHandler  : not found: 문항이 없습니다: id=53 (/api/items/53)
2026-09-16T10:54:59.052+09:00  INFO 1 --- [item-bank-api] [io-8080-exec-10] c.example.common.GlobalExceptionHandler  : no handler for /robots.txt
2026-09-16T10:55:14.132+09:00  WARN 1 --- [item-bank-api] [nio-8080-exec-1] c.example.common.GlobalExceptionHandler  : state conflict: 마감된 과제는 재배포할 수 없습니다: distributionId=2 (/api/distributions/2/redistribute)
2026-09-16T10:55:14.133+09:00  INFO 1 --- [item-bank-api] [nio-8080-exec-6] c.example.common.GlobalExceptionHandler  : no handler for /apple-touch-icon.png
2026-09-16T10:55:38.102+09:00  INFO 1 --- [item-bank-api] [nio-8080-exec-4] c.example.common.GlobalExceptionHandler  : not found: 단원이 없습니다: code=M7-1 (/api/units/M7-1/items)
2026-09-16T10:56:32.258+09:00  INFO 1 --- [item-bank-api] [nio-8080-exec-1] c.example.common.GlobalExceptionHandler  : no handler for /api/unit
2026-09-16T10:56:35.636+09:00  INFO 1 --- [item-bank-api] [nio-8080-exec-9] c.example.common.GlobalExceptionHandler  : no handler for /favicon.ico
2026-09-16T10:56:44.226+09:00  INFO 1 --- [item-bank-api] [nio-8080-exec-3] c.example.common.GlobalExceptionHandler  : no handler for /api/item/12
2026-09-16T10:56:51.365+09:00  INFO 1 --- [item-bank-api] [nio-8080-exec-9] c.example.common.GlobalExceptionHandler  : no handler for /apple-touch-icon.png
2026-09-16T10:57:05.374+09:00  INFO 1 --- [item-bank-api] [nio-8080-exec-4] c.example.common.GlobalExceptionHandler  : not found: 문항이 없습니다: id=55 (/api/items/55)
2026-09-16T10:57:12.617+09:00  INFO 1 --- [item-bank-api] [nio-8080-exec-7] c.e.assignment.DistributionService       : redistributed distribution 7 (assignment 5, class 3) reason=null
2026-09-16T10:57:52.149+09:00  INFO 1 --- [item-bank-api] [nio-8080-exec-3] c.example.common.GlobalExceptionHandler  : no handler for /api/item/12
2026-09-16T10:58:09.265+09:00  INFO 1 --- [item-bank-api] [nio-8080-exec-7] c.example.common.GlobalExceptionHandler  : no handler for /favicon.ico
2026-09-16T10:58:21.936+09:00  INFO 1 --- [item-bank-api] [nio-8080-exec-8] c.example.common.GlobalExceptionHandler  : no handler for /robots.txt
2026-09-16T10:58:32.903+09:00  INFO 1 --- [item-bank-api] [nio-8080-exec-8] c.example.common.GlobalExceptionHandler  : no handler for /api/item/12
2026-09-16T10:58:43.417+09:00  INFO 1 --- [item-bank-api] [nio-8080-exec-6] c.example.common.GlobalExceptionHandler  : no handler for /api/item/12
2026-09-16T10:59:09.670+09:00  INFO 1 --- [item-bank-api] [io-8080-exec-10] c.example.common.GlobalExceptionHandler  : not found: 문항이 없습니다: id=51 (/api/items/51)
2026-09-16T10:59:11.206+09:00  INFO 1 --- [item-bank-api] [nio-8080-exec-6] c.example.common.GlobalExceptionHandler  : no handler for /api/item/12
2026-09-16T10:59:17.574+09:00  INFO 1 --- [item-bank-api] [nio-8080-exec-8] c.example.common.GlobalExceptionHandler  : not found: 문항이 없습니다: id=34 (/api/items/34)
2026-09-16T10:59:31.338+09:00  INFO 1 --- [item-bank-api] [io-8080-exec-10] c.example.common.GlobalExceptionHandler  : not found: 문항이 없습니다: id=57 (/api/items/57)
2026-09-16T10:59:35.692+09:00  INFO 1 --- [item-bank-api] [nio-8080-exec-1] c.example.common.GlobalExceptionHandler  : not found: 문항이 없습니다: id=48 (/api/items/48)
2026-09-16T10:59:51.036+09:00  INFO 1 --- [item-bank-api] [nio-8080-exec-1] com.example.assignment.ReportService     : built class report for class 2: 3 distributions, 10 submissions
2026-09-16T10:59:52.860+09:00  INFO 1 --- [item-bank-api] [nio-8080-exec-4] c.example.common.GlobalExceptionHandler  : no handler for /favicon.ico
2026-09-16T11:00:35.394+09:00  INFO 1 --- [item-bank-api] [nio-8080-exec-3] c.example.common.GlobalExceptionHandler  : no handler for /apple-touch-icon.png
2026-09-16T11:01:34.330+09:00  INFO 1 --- [item-bank-api] [io-8080-exec-10] c.example.common.GlobalExceptionHandler  : bad request: Method parameter 'id': Failed to convert value of type 'java.lang.String' to required type 'java.lang.Integer'; For input string: "NaN" (/api/items/NaN)
2026-09-16T11:01:37.623+09:00  INFO 1 --- [item-bank-api] [nio-8080-exec-1] c.example.common.GlobalExceptionHandler  : no handler for /robots.txt
2026-09-16T11:02:57.262+09:00  WARN 1 --- [item-bank-api] [nio-8080-exec-2] c.example.common.GlobalExceptionHandler  : state conflict: 마감된 과제는 재배포할 수 없습니다: distributionId=3 (/api/distributions/3/redistribute)
2026-09-16T11:03:11.500+09:00  INFO 1 --- [item-bank-api] [nio-8080-exec-9] c.example.common.GlobalExceptionHandler  : no handler for /robots.txt
2026-09-16T11:03:28.863+09:00  INFO 1 --- [item-bank-api] [nio-8080-exec-2] c.example.common.GlobalExceptionHandler  : no handler for /favicon.ico
2026-09-16T11:03:42.187+09:00  INFO 1 --- [item-bank-api] [nio-8080-exec-1] c.example.common.GlobalExceptionHandler  : not found: 문항이 없습니다: id=61 (/api/items/61)
2026-09-16T11:03:49.106+09:00  INFO 1 --- [item-bank-api] [nio-8080-exec-1] c.example.common.GlobalExceptionHandler  : no handler for /robots.txt
2026-09-16T11:03:59.810+09:00  INFO 1 --- [item-bank-api] [nio-8080-exec-3] c.example.common.GlobalExceptionHandler  : no handler for /api/unit
2026-09-16T11:04:14.131+09:00  INFO 1 --- [item-bank-api] [nio-8080-exec-1] c.example.common.GlobalExceptionHandler  : no handler for /apple-touch-icon.png
2026-09-16T11:04:48.015+09:00  INFO 1 --- [item-bank-api] [nio-8080-exec-3] c.example.common.GlobalExceptionHandler  : no handler for /favicon.ico
2026-09-16T11:05:16.141+09:00  INFO 1 --- [item-bank-api] [io-8080-exec-10] c.example.common.GlobalExceptionHandler  : no handler for /api/unit
2026-09-16T11:05:20.136+09:00  INFO 1 --- [item-bank-api] [nio-8080-exec-4] c.example.common.GlobalExceptionHandler  : no handler for /api/unit
2026-09-16T11:05:45.948+09:00  INFO 1 --- [item-bank-api] [io-8080-exec-10] c.example.common.GlobalExceptionHandler  : no handler for /api/unit
2026-09-16T11:07:16.863+09:00  INFO 1 --- [item-bank-api] [nio-8080-exec-1] c.example.common.GlobalExceptionHandler  : no handler for /favicon.ico
2026-09-16T11:08:10.761+09:00  INFO 1 --- [item-bank-api] [nio-8080-exec-2] c.example.common.GlobalExceptionHandler  : no handler for /api/item/12
2026-09-16T11:09:17.618+09:00  INFO 1 --- [item-bank-api] [nio-8080-exec-2] c.example.common.GlobalExceptionHandler  : no handler for /favicon.ico
2026-09-16T11:09:27.455+09:00  INFO 1 --- [item-bank-api] [nio-8080-exec-2] c.example.common.GlobalExceptionHandler  : not found: 배포가 없습니다: id=10 (/api/distributions/10)
2026-09-16T11:09:30.683+09:00  INFO 1 --- [item-bank-api] [nio-8080-exec-1] c.example.common.GlobalExceptionHandler  : no handler for /apple-touch-icon.png
2026-09-16T11:10:22.326+09:00  INFO 1 --- [item-bank-api] [io-8080-exec-10] c.example.common.GlobalExceptionHandler  : no handler for /api/item/12
2026-09-16T11:10:43.355+09:00  INFO 1 --- [item-bank-api] [nio-8080-exec-6] c.example.common.GlobalExceptionHandler  : not found: 문항이 없습니다: id=31 (/api/items/31)
2026-09-16T11:11:31.750+09:00  INFO 1 --- [item-bank-api] [nio-8080-exec-7] c.example.common.GlobalExceptionHandler  : no handler for /apple-touch-icon.png
2026-09-16T11:11:31.955+09:00  INFO 1 --- [item-bank-api] [nio-8080-exec-6] c.example.common.GlobalExceptionHandler  : no handler for /api/unit
2026-09-16T11:11:56.778+09:00  INFO 1 --- [item-bank-api] [nio-8080-exec-9] c.example.common.GlobalExceptionHandler  : no handler for /apple-touch-icon.png
2026-09-16T11:12:24.126+09:00  INFO 1 --- [item-bank-api] [nio-8080-exec-6] c.example.common.GlobalExceptionHandler  : not found: 배포가 없습니다: id=12 (/api/distributions/12)
2026-09-16T11:12:35.505+09:00  INFO 1 --- [item-bank-api] [nio-8080-exec-2] c.example.common.GlobalExceptionHandler  : no handler for /favicon.ico
2026-09-16T11:12:56.280+09:00  INFO 1 --- [item-bank-api] [nio-8080-exec-9] c.example.common.GlobalExceptionHandler  : no handler for /favicon.ico
2026-09-16T11:12:58.211+09:00  INFO 1 --- [item-bank-api] [nio-8080-exec-4] c.example.common.GlobalExceptionHandler  : no handler for /api/unit
2026-09-16T11:13:04.089+09:00  INFO 1 --- [item-bank-api] [nio-8080-exec-9] c.example.common.GlobalExceptionHandler  : bad request: Method parameter 'id': Failed to convert value of type 'java.lang.String' to required type 'java.lang.Integer'; For input string: "NaN" (/api/items/NaN)
2026-09-16T11:13:30.345+09:00  INFO 1 --- [item-bank-api] [nio-8080-exec-1] c.example.common.GlobalExceptionHandler  : no handler for /robots.txt
2026-09-16T11:14:23.640+09:00  INFO 1 --- [item-bank-api] [nio-8080-exec-5] c.example.common.GlobalExceptionHandler  : no handler for /api/unit
2026-09-16T11:14:48.322+09:00  INFO 1 --- [item-bank-api] [nio-8080-exec-7] c.example.common.GlobalExceptionHandler  : no handler for /api/item/12
2026-09-16T11:14:52.124+09:00  INFO 1 --- [item-bank-api] [io-8080-exec-10] c.example.common.GlobalExceptionHandler  : not found: 배포가 없습니다: id=13 (/api/distributions/13)
2026-09-16T11:15:29.697+09:00  INFO 1 --- [item-bank-api] [nio-8080-exec-7] c.e.assignment.DistributionService       : redistributed distribution 7 (assignment 5, class 3) reason=null
2026-09-16T11:15:55.016+09:00  INFO 1 --- [item-bank-api] [nio-8080-exec-8] c.example.common.GlobalExceptionHandler  : no handler for /favicon.ico
2026-09-16T11:15:58.098+09:00  INFO 1 --- [item-bank-api] [nio-8080-exec-6] c.example.common.GlobalExceptionHandler  : no handler for /favicon.ico
2026-09-16T11:16:14.309+09:00  INFO 1 --- [item-bank-api] [nio-8080-exec-6] com.example.assignment.ReportService     : built class report for class 3: 3 distributions, 10 submissions
2026-09-16T11:17:03.517+09:00  INFO 1 --- [item-bank-api] [nio-8080-exec-2] c.example.common.GlobalExceptionHandler  : not found: 단원이 없습니다: code=M7-1 (/api/units/M7-1/items)
2026-09-16T11:17:16.735+09:00  INFO 1 --- [item-bank-api] [nio-8080-exec-3] c.example.common.GlobalExceptionHandler  : no handler for /favicon.ico
2026-09-16T11:17:26.111+09:00  INFO 1 --- [item-bank-api] [nio-8080-exec-3] com.example.assignment.ReportService     : built class report for class 1: 3 distributions, 10 submissions
2026-09-16T11:18:04.735+09:00  INFO 1 --- [item-bank-api] [io-8080-exec-10] c.example.common.GlobalExceptionHandler  : not found: 단원이 없습니다: code=M7-1 (/api/units/M7-1/items)
2026-09-16T11:18:08.114+09:00  INFO 1 --- [item-bank-api] [nio-8080-exec-9] com.example.assignment.ReportService     : built class report for class 1: 3 distributions, 10 submissions
2026-09-16T11:18:26.045+09:00  INFO 1 --- [item-bank-api] [nio-8080-exec-2] c.example.common.GlobalExceptionHandler  : no handler for /robots.txt
2026-09-16T11:20:05.312+09:00  INFO 1 --- [item-bank-api] [io-8080-exec-10] c.example.common.GlobalExceptionHandler  : not found: 배포가 없습니다: id=10 (/api/distributions/10)
2026-09-16T11:20:10.460+09:00  INFO 1 --- [item-bank-api] [nio-8080-exec-8] c.example.common.GlobalExceptionHandler  : no handler for /api/item/12
2026-09-16T11:20:39.201+09:00  INFO 1 --- [item-bank-api] [nio-8080-exec-5] c.example.common.GlobalExceptionHandler  : not found: 배포가 없습니다: id=10 (/api/distributions/10)
2026-09-16T11:21:24.137+09:00  INFO 1 --- [item-bank-api] [nio-8080-exec-2] c.example.common.GlobalExceptionHandler  : no handler for /apple-touch-icon.png
2026-09-16T11:21:25.198+09:00  INFO 1 --- [item-bank-api] [nio-8080-exec-1] c.e.assignment.DistributionService       : redistributed distribution 7 (assignment 5, class 3) reason=null
2026-09-16T11:21:31.429+09:00  INFO 1 --- [item-bank-api] [nio-8080-exec-3] c.example.common.GlobalExceptionHandler  : not found: 배포가 없습니다: id=12 (/api/distributions/12)
2026-09-16T11:21:51.491+09:00  INFO 1 --- [item-bank-api] [nio-8080-exec-8] c.example.common.GlobalExceptionHandler  : no handler for /favicon.ico
2026-09-16T11:23:41.645+09:00  INFO 1 --- [item-bank-api] [nio-8080-exec-5] c.example.common.GlobalExceptionHandler  : no handler for /api/unit
2026-09-16T11:23:50.973+09:00  INFO 1 --- [item-bank-api] [nio-8080-exec-6] c.example.common.GlobalExceptionHandler  : no handler for /api/unit
2026-09-16T11:23:58.375+09:00  INFO 1 --- [item-bank-api] [nio-8080-exec-8] c.example.common.GlobalExceptionHandler  : not found: 문항이 없습니다: id=63 (/api/items/63)
2026-09-16T11:24:06.040+09:00  INFO 1 --- [item-bank-api] [nio-8080-exec-2] c.example.common.GlobalExceptionHandler  : no handler for /api/unit
2026-09-16T11:24:22.837+09:00  INFO 1 --- [item-bank-api] [nio-8080-exec-5] c.example.common.GlobalExceptionHandler  : not found: 문항이 없습니다: id=44 (/api/items/44)
2026-09-16T11:24:52.880+09:00  INFO 1 --- [item-bank-api] [nio-8080-exec-3] com.example.assignment.ReportService     : built class report for class 2: 3 distributions, 10 submissions
2026-09-16T11:25:25.310+09:00  INFO 1 --- [item-bank-api] [nio-8080-exec-1] c.example.common.GlobalExceptionHandler  : no handler for /robots.txt
2026-09-16T11:25:38.415+09:00  INFO 1 --- [item-bank-api] [nio-8080-exec-6] c.example.common.GlobalExceptionHandler  : not found: 배포가 없습니다: id=9 (/api/distributions/9)
2026-09-16T11:25:40.872+09:00  INFO 1 --- [item-bank-api] [nio-8080-exec-9] c.example.common.GlobalExceptionHandler  : no handler for /robots.txt
2026-09-16T11:26:11.865+09:00  INFO 1 --- [item-bank-api] [nio-8080-exec-3] c.example.common.GlobalExceptionHandler  : not found: 배포가 없습니다: id=10 (/api/distributions/10)
2026-09-16T11:26:15.428+09:00  INFO 1 --- [item-bank-api] [nio-8080-exec-6] c.example.common.GlobalExceptionHandler  : no handler for /favicon.ico
2026-09-16T11:26:29.679+09:00  INFO 1 --- [item-bank-api] [nio-8080-exec-8] c.example.common.GlobalExceptionHandler  : no handler for /apple-touch-icon.png
2026-09-16T11:27:09.077+09:00  INFO 1 --- [item-bank-api] [nio-8080-exec-7] c.example.common.GlobalExceptionHandler  : not found: 문항이 없습니다: id=35 (/api/items/35)
2026-09-16T11:27:26.573+09:00  INFO 1 --- [item-bank-api] [nio-8080-exec-7] c.example.common.GlobalExceptionHandler  : no handler for /apple-touch-icon.png
2026-09-16T11:27:54.359+09:00  INFO 1 --- [item-bank-api] [nio-8080-exec-9] c.example.common.GlobalExceptionHandler  : no handler for /api/item/12
2026-09-16T11:28:18.106+09:00  INFO 1 --- [item-bank-api] [nio-8080-exec-4] c.example.common.GlobalExceptionHandler  : no handler for /api/unit
2026-09-16T11:28:44.086+09:00  INFO 1 --- [item-bank-api] [nio-8080-exec-9] c.example.common.GlobalExceptionHandler  : no handler for /favicon.ico
2026-09-16T11:28:47.424+09:00  INFO 1 --- [item-bank-api] [nio-8080-exec-7] c.e.assignment.DistributionService       : redistributed distribution 8 (assignment 6, class 2) reason=STU-1009 결석으로 재배포
2026-09-16T11:28:48.521+09:00  INFO 1 --- [item-bank-api] [nio-8080-exec-6] c.example.common.GlobalExceptionHandler  : no handler for /apple-touch-icon.png
2026-09-16T11:28:57.377+09:00  INFO 1 --- [item-bank-api] [nio-8080-exec-1] c.example.common.GlobalExceptionHandler  : no handler for /apple-touch-icon.png
2026-09-16T11:29:18.519+09:00  INFO 1 --- [item-bank-api] [nio-8080-exec-3] c.example.common.GlobalExceptionHandler  : not found: 문항이 없습니다: id=50 (/api/items/50)
2026-09-16T11:29:26.729+09:00  INFO 1 --- [item-bank-api] [nio-8080-exec-2] c.example.common.GlobalExceptionHandler  : not found: 문항이 없습니다: id=58 (/api/items/58)
2026-09-16T11:29:31.167+09:00  INFO 1 --- [item-bank-api] [nio-8080-exec-5] c.example.common.GlobalExceptionHandler  : no handler for /apple-touch-icon.png
2026-09-16T11:29:37.911+09:00  INFO 1 --- [item-bank-api] [nio-8080-exec-4] c.example.common.GlobalExceptionHandler  : no handler for /api/item/12
2026-09-16T11:29:47.472+09:00  INFO 1 --- [item-bank-api] [nio-8080-exec-4] c.example.common.GlobalExceptionHandler  : not found: 배포가 없습니다: id=13 (/api/distributions/13)
2026-09-16T11:30:01.577+09:00  INFO 1 --- [item-bank-api] [nio-8080-exec-7] c.example.common.GlobalExceptionHandler  : no handler for /api/unit
2026-09-16T11:30:04.745+09:00  INFO 1 --- [item-bank-api] [nio-8080-exec-7] com.example.assignment.ReportService     : built class report for class 2: 3 distributions, 10 submissions
2026-09-16T11:30:21.121+09:00  INFO 1 --- [item-bank-api] [nio-8080-exec-3] c.example.common.GlobalExceptionHandler  : no handler for /favicon.ico
2026-09-16T11:30:25.660+09:00  INFO 1 --- [item-bank-api] [nio-8080-exec-4] c.example.common.GlobalExceptionHandler  : no handler for /api/item/12
2026-09-16T11:30:36.460+09:00  INFO 1 --- [item-bank-api] [nio-8080-exec-3] c.example.common.GlobalExceptionHandler  : no handler for /api/unit
2026-09-16T11:30:48.250+09:00  INFO 1 --- [item-bank-api] [nio-8080-exec-5] c.example.common.GlobalExceptionHandler  : not found: 문항이 없습니다: id=61 (/api/items/61)
2026-09-16T11:31:10.496+09:00  INFO 1 --- [item-bank-api] [nio-8080-exec-9] c.example.common.GlobalExceptionHandler  : no handler for /robots.txt
2026-09-16T11:31:54.240+09:00  INFO 1 --- [item-bank-api] [nio-8080-exec-3] com.example.assignment.ReportService     : built class report for class 1: 3 distributions, 10 submissions
2026-09-16T11:32:04.712+09:00  INFO 1 --- [item-bank-api] [io-8080-exec-10] c.example.common.GlobalExceptionHandler  : no handler for /api/unit
2026-09-16T11:32:11.491+09:00  INFO 1 --- [item-bank-api] [nio-8080-exec-9] c.example.common.GlobalExceptionHandler  : no handler for /robots.txt
2026-09-16T11:32:23.436+09:00  INFO 1 --- [item-bank-api] [nio-8080-exec-8] c.example.common.GlobalExceptionHandler  : not found: 문항이 없습니다: id=48 (/api/items/48)
2026-09-16T11:32:29.034+09:00  INFO 1 --- [item-bank-api] [nio-8080-exec-7] c.example.common.GlobalExceptionHandler  : not found: 단원이 없습니다: code=M7-1 (/api/units/M7-1/items)
2026-09-16T11:32:49.727+09:00  INFO 1 --- [item-bank-api] [nio-8080-exec-4] c.example.common.GlobalExceptionHandler  : no handler for /favicon.ico
2026-09-16T11:33:51.012+09:00  INFO 1 --- [item-bank-api] [nio-8080-exec-9] c.example.common.GlobalExceptionHandler  : no handler for /favicon.ico
2026-09-16T11:34:08.856+09:00  INFO 1 --- [item-bank-api] [nio-8080-exec-7] c.example.common.GlobalExceptionHandler  : not found: 문항이 없습니다: id=50 (/api/items/50)
2026-09-16T11:34:21.587+09:00  INFO 1 --- [item-bank-api] [nio-8080-exec-6] c.example.common.GlobalExceptionHandler  : no handler for /apple-touch-icon.png
2026-09-16T11:34:40.475+09:00  INFO 1 --- [item-bank-api] [nio-8080-exec-5] c.example.common.GlobalExceptionHandler  : no handler for /robots.txt
2026-09-16T11:35:01.544+09:00  INFO 1 --- [item-bank-api] [nio-8080-exec-7] c.example.common.GlobalExceptionHandler  : not found: 배포가 없습니다: id=9 (/api/distributions/9)
2026-09-16T11:35:08.102+09:00  INFO 1 --- [item-bank-api] [nio-8080-exec-9] c.example.common.GlobalExceptionHandler  : not found: 문항이 없습니다: id=60 (/api/items/60)
2026-09-16T11:35:41.810+09:00  INFO 1 --- [item-bank-api] [nio-8080-exec-2] c.example.common.GlobalExceptionHandler  : no handler for /favicon.ico
2026-09-16T11:36:09.529+09:00  INFO 1 --- [item-bank-api] [nio-8080-exec-5] c.example.common.GlobalExceptionHandler  : not found: 문항이 없습니다: id=38 (/api/items/38)
2026-09-16T11:36:11.305+09:00  INFO 1 --- [item-bank-api] [nio-8080-exec-3] c.example.common.GlobalExceptionHandler  : no handler for /favicon.ico
2026-09-16T11:36:13.036+09:00  INFO 1 --- [item-bank-api] [nio-8080-exec-7] c.example.common.GlobalExceptionHandler  : no handler for /apple-touch-icon.png
2026-09-16T11:36:49.976+09:00  INFO 1 --- [item-bank-api] [nio-8080-exec-6] c.example.common.GlobalExceptionHandler  : no handler for /robots.txt
2026-09-16T11:37:18.384+09:00  INFO 1 --- [item-bank-api] [nio-8080-exec-4] c.example.common.GlobalExceptionHandler  : not found: 문항이 없습니다: id=37 (/api/items/37)
2026-09-16T11:37:38.937+09:00  INFO 1 --- [item-bank-api] [nio-8080-exec-9] c.example.common.GlobalExceptionHandler  : no handler for /api/item/12
2026-09-16T11:38:07.350+09:00  INFO 1 --- [item-bank-api] [nio-8080-exec-9] com.example.assignment.ReportService     : built class report for class 3: 3 distributions, 10 submissions
2026-09-16T11:38:17.213+09:00  INFO 1 --- [item-bank-api] [nio-8080-exec-8] c.example.common.GlobalExceptionHandler  : no handler for /api/item/12
2026-09-16T11:38:40.297+09:00  INFO 1 --- [item-bank-api] [nio-8080-exec-7] c.example.common.GlobalExceptionHandler  : no handler for /favicon.ico
2026-09-16T11:38:44.715+09:00  INFO 1 --- [item-bank-api] [io-8080-exec-10] com.example.assignment.ReportService     : built class report for class 3: 3 distributions, 10 submissions
2026-09-16T11:38:47.400+09:00  INFO 1 --- [item-bank-api] [nio-8080-exec-7] c.example.common.GlobalExceptionHandler  : no handler for /api/unit
2026-09-16T11:38:56.662+09:00  INFO 1 --- [item-bank-api] [nio-8080-exec-6] c.example.common.GlobalExceptionHandler  : no handler for /robots.txt
2026-09-16T11:39:05.984+09:00  INFO 1 --- [item-bank-api] [nio-8080-exec-7] c.example.common.GlobalExceptionHandler  : not found: 배포가 없습니다: id=14 (/api/distributions/14)
2026-09-16T11:39:19.224+09:00  INFO 1 --- [item-bank-api] [nio-8080-exec-1] c.example.common.GlobalExceptionHandler  : no handler for /apple-touch-icon.png
2026-09-16T11:39:44.436+09:00  INFO 1 --- [item-bank-api] [nio-8080-exec-1] c.example.common.GlobalExceptionHandler  : not found: 문항이 없습니다: id=46 (/api/items/46)
2026-09-16T11:40:02.772+09:00  INFO 1 --- [item-bank-api] [nio-8080-exec-3] c.example.common.GlobalExceptionHandler  : no handler for /api/item/12
2026-09-16T11:40:29.546+09:00  INFO 1 --- [item-bank-api] [nio-8080-exec-2] c.example.common.GlobalExceptionHandler  : no handler for /apple-touch-icon.png
2026-09-16T11:40:52.569+09:00  INFO 1 --- [item-bank-api] [nio-8080-exec-7] c.example.common.GlobalExceptionHandler  : no handler for /favicon.ico
2026-09-16T11:41:00.238+09:00  INFO 1 --- [item-bank-api] [nio-8080-exec-5] c.example.common.GlobalExceptionHandler  : no handler for /robots.txt
2026-09-16T11:41:32.463+09:00  INFO 1 --- [item-bank-api] [nio-8080-exec-4] c.example.common.GlobalExceptionHandler  : no handler for /apple-touch-icon.png
2026-09-16T11:41:41.739+09:00  INFO 1 --- [item-bank-api] [nio-8080-exec-6] c.example.common.GlobalExceptionHandler  : not found: 문항이 없습니다: id=54 (/api/items/54)
2026-09-16T11:41:47.558+09:00  INFO 1 --- [item-bank-api] [nio-8080-exec-1] c.example.common.GlobalExceptionHandler  : no handler for /favicon.ico
2026-09-16T11:42:19.133+09:00  INFO 1 --- [item-bank-api] [nio-8080-exec-1] c.example.common.GlobalExceptionHandler  : not found: 배포가 없습니다: id=12 (/api/distributions/12)
2026-09-16T11:42:47.394+09:00  INFO 1 --- [item-bank-api] [nio-8080-exec-2] c.example.common.GlobalExceptionHandler  : no handler for /favicon.ico
2026-09-16T11:43:12.511+09:00  INFO 1 --- [item-bank-api] [io-8080-exec-10] c.example.common.GlobalExceptionHandler  : no handler for /api/unit
2026-09-16T11:43:41.475+09:00  INFO 1 --- [item-bank-api] [nio-8080-exec-9] c.example.common.GlobalExceptionHandler  : not found: 문항이 없습니다: id=50 (/api/items/50)
2026-09-16T11:44:18.238+09:00  INFO 1 --- [item-bank-api] [nio-8080-exec-8] c.example.common.GlobalExceptionHandler  : bad request: Method parameter 'id': Failed to convert value of type 'java.lang.String' to required type 'java.lang.Integer'; For input string: "undefined" (/api/items/undefined)
2026-09-16T11:44:25.441+09:00  INFO 1 --- [item-bank-api] [nio-8080-exec-9] c.example.common.GlobalExceptionHandler  : no handler for /api/unit
2026-09-16T11:44:28.709+09:00  INFO 1 --- [item-bank-api] [nio-8080-exec-1] c.example.common.GlobalExceptionHandler  : no handler for /apple-touch-icon.png
2026-09-16T11:44:49.214+09:00  INFO 1 --- [item-bank-api] [nio-8080-exec-8] c.example.common.GlobalExceptionHandler  : no handler for /api/unit
2026-09-16T11:45:05.793+09:00  INFO 1 --- [item-bank-api] [nio-8080-exec-2] c.example.common.GlobalExceptionHandler  : no handler for /apple-touch-icon.png
2026-09-16T11:45:36.279+09:00  INFO 1 --- [item-bank-api] [nio-8080-exec-5] c.example.common.GlobalExceptionHandler  : no handler for /api/unit
2026-09-16T11:46:17.578+09:00  INFO 1 --- [item-bank-api] [io-8080-exec-10] c.example.common.GlobalExceptionHandler  : no handler for /api/item/12
2026-09-16T11:46:31.530+09:00  INFO 1 --- [item-bank-api] [nio-8080-exec-5] c.example.common.GlobalExceptionHandler  : not found: 문항이 없습니다: id=38 (/api/items/38)
2026-09-16T11:46:35.557+09:00  INFO 1 --- [item-bank-api] [nio-8080-exec-6] c.example.common.GlobalExceptionHandler  : bad request: Method parameter 'id': Failed to convert value of type 'java.lang.String' to required type 'java.lang.Integer'; For input string: "undefined" (/api/items/undefined)
2026-09-16T11:47:36.038+09:00  INFO 1 --- [item-bank-api] [nio-8080-exec-4] com.example.assignment.ReportService     : built class report for class 1: 3 distributions, 10 submissions
2026-09-16T11:47:36.342+09:00  INFO 1 --- [item-bank-api] [nio-8080-exec-6] c.example.common.GlobalExceptionHandler  : no handler for /apple-touch-icon.png
2026-09-16T11:48:08.068+09:00  INFO 1 --- [item-bank-api] [nio-8080-exec-2] c.example.common.GlobalExceptionHandler  : no handler for /apple-touch-icon.png
2026-09-16T11:48:47.154+09:00  INFO 1 --- [item-bank-api] [nio-8080-exec-5] c.example.common.GlobalExceptionHandler  : no handler for /api/unit
2026-09-16T11:49:14.662+09:00  INFO 1 --- [item-bank-api] [nio-8080-exec-8] c.example.common.GlobalExceptionHandler  : no handler for /apple-touch-icon.png
2026-09-16T11:49:45.643+09:00  INFO 1 --- [item-bank-api] [nio-8080-exec-4] com.example.assignment.ReportService     : built class report for class 2: 3 distributions, 10 submissions
2026-09-16T11:49:49.883+09:00  INFO 1 --- [item-bank-api] [nio-8080-exec-3] c.example.common.GlobalExceptionHandler  : no handler for /apple-touch-icon.png
2026-09-16T11:50:03.861+09:00  INFO 1 --- [item-bank-api] [nio-8080-exec-6] c.example.common.GlobalExceptionHandler  : not found: 배포가 없습니다: id=11 (/api/distributions/11)
2026-09-16T11:50:06.246+09:00  INFO 1 --- [item-bank-api] [nio-8080-exec-6] c.example.common.GlobalExceptionHandler  : no handler for /api/unit
2026-09-16T11:50:26.362+09:00  INFO 1 --- [item-bank-api] [nio-8080-exec-3] c.example.common.GlobalExceptionHandler  : no handler for /favicon.ico
2026-09-16T11:51:12.835+09:00  INFO 1 --- [item-bank-api] [nio-8080-exec-5] c.example.common.GlobalExceptionHandler  : no handler for /favicon.ico
2026-09-16T11:51:19.599+09:00  INFO 1 --- [item-bank-api] [nio-8080-exec-6] c.example.common.GlobalExceptionHandler  : no handler for /apple-touch-icon.png
2026-09-16T11:51:41.510+09:00  INFO 1 --- [item-bank-api] [nio-8080-exec-9] c.example.common.GlobalExceptionHandler  : no handler for /apple-touch-icon.png
2026-09-16T11:51:50.935+09:00  INFO 1 --- [item-bank-api] [nio-8080-exec-1] c.example.common.GlobalExceptionHandler  : no handler for /robots.txt
2026-09-16T11:51:51.577+09:00  INFO 1 --- [item-bank-api] [nio-8080-exec-1] c.example.common.GlobalExceptionHandler  : not found: 문항이 없습니다: id=42 (/api/items/42)
2026-09-16T11:52:09.433+09:00  INFO 1 --- [item-bank-api] [nio-8080-exec-3] c.example.common.GlobalExceptionHandler  : no handler for /apple-touch-icon.png
2026-09-16T11:52:17.888+09:00  INFO 1 --- [item-bank-api] [nio-8080-exec-7] c.example.common.GlobalExceptionHandler  : no handler for /robots.txt
2026-09-16T11:52:56.503+09:00  INFO 1 --- [item-bank-api] [nio-8080-exec-9] c.e.assignment.DistributionService       : redistributed distribution 7 (assignment 5, class 3) reason=null
2026-09-16T11:53:04.710+09:00  INFO 1 --- [item-bank-api] [nio-8080-exec-4] c.example.common.GlobalExceptionHandler  : not found: 배포가 없습니다: id=14 (/api/distributions/14)
2026-09-16T11:53:33.018+09:00  INFO 1 --- [item-bank-api] [nio-8080-exec-3] c.example.common.GlobalExceptionHandler  : no handler for /robots.txt
2026-09-16T11:53:54.394+09:00  INFO 1 --- [item-bank-api] [nio-8080-exec-6] c.example.common.GlobalExceptionHandler  : no handler for /api/unit
2026-09-16T11:54:24.587+09:00  INFO 1 --- [item-bank-api] [nio-8080-exec-3] c.example.common.GlobalExceptionHandler  : no handler for /apple-touch-icon.png
2026-09-16T11:54:53.696+09:00  INFO 1 --- [item-bank-api] [nio-8080-exec-6] c.example.common.GlobalExceptionHandler  : not found: 배포가 없습니다: id=11 (/api/distributions/11)
2026-09-16T11:55:04.913+09:00  INFO 1 --- [item-bank-api] [nio-8080-exec-5] c.example.common.GlobalExceptionHandler  : not found: 문항이 없습니다: id=39 (/api/items/39)
2026-09-16T11:55:42.024+09:00  INFO 1 --- [item-bank-api] [nio-8080-exec-1] c.example.common.GlobalExceptionHandler  : no handler for /api/item/12
2026-09-16T11:56:03.586+09:00  INFO 1 --- [item-bank-api] [nio-8080-exec-2] c.example.common.GlobalExceptionHandler  : no handler for /favicon.ico
2026-09-16T11:56:03.813+09:00  INFO 1 --- [item-bank-api] [nio-8080-exec-9] c.example.common.GlobalExceptionHandler  : no handler for /robots.txt
2026-09-16T11:56:20.656+09:00  INFO 1 --- [item-bank-api] [nio-8080-exec-6] c.example.common.GlobalExceptionHandler  : no handler for /apple-touch-icon.png
2026-09-16T11:56:22.356+09:00  INFO 1 --- [item-bank-api] [nio-8080-exec-6] c.example.common.GlobalExceptionHandler  : not found: 문항이 없습니다: id=34 (/api/items/34)
2026-09-16T11:56:36.324+09:00  INFO 1 --- [item-bank-api] [nio-8080-exec-4] c.example.common.GlobalExceptionHandler  : no handler for /apple-touch-icon.png
2026-09-16T11:57:06.794+09:00  INFO 1 --- [item-bank-api] [nio-8080-exec-7] c.example.common.GlobalExceptionHandler  : not found: 배포가 없습니다: id=9 (/api/distributions/9)
2026-09-16T11:57:19.558+09:00  WARN 1 --- [item-bank-api] [nio-8080-exec-1] c.example.common.GlobalExceptionHandler  : state conflict: 마감된 과제는 재배포할 수 없습니다: distributionId=3 (/api/distributions/3/redistribute)
2026-09-16T11:57:33.267+09:00  WARN 1 --- [item-bank-api] [nio-8080-exec-8] c.example.common.GlobalExceptionHandler  : state conflict: 마감된 과제는 재배포할 수 없습니다: distributionId=1 (/api/distributions/1/redistribute)
2026-09-16T11:58:44.616+09:00  INFO 1 --- [item-bank-api] [nio-8080-exec-3] com.example.assignment.ReportService     : built class report for class 1: 3 distributions, 10 submissions
2026-09-16T11:58:52.632+09:00  INFO 1 --- [item-bank-api] [nio-8080-exec-4] c.example.common.GlobalExceptionHandler  : no handler for /api/unit
2026-09-16T11:58:52.695+09:00  INFO 1 --- [item-bank-api] [io-8080-exec-10] c.example.common.GlobalExceptionHandler  : no handler for /api/unit
2026-09-16T11:58:55.440+09:00  INFO 1 --- [item-bank-api] [nio-8080-exec-5] c.example.common.GlobalExceptionHandler  : not found: 문항이 없습니다: id=61 (/api/items/61)
2026-09-16T11:59:06.096+09:00  INFO 1 --- [item-bank-api] [nio-8080-exec-2] c.example.common.GlobalExceptionHandler  : no handler for /api/unit
2026-09-16T11:59:12.988+09:00  INFO 1 --- [item-bank-api] [nio-8080-exec-8] c.example.common.GlobalExceptionHandler  : no handler for /api/unit
2026-09-16T11:59:28.069+09:00  INFO 1 --- [item-bank-api] [nio-8080-exec-2] c.example.common.GlobalExceptionHandler  : no handler for /api/unit
2026-09-16T11:59:33.664+09:00  INFO 1 --- [item-bank-api] [nio-8080-exec-3] c.example.common.GlobalExceptionHandler  : no handler for /api/unit
2026-09-16T12:00:44.015+09:00  INFO 1 --- [item-bank-api] [io-8080-exec-10] c.example.common.GlobalExceptionHandler  : no handler for /robots.txt
2026-09-16T12:00:50.844+09:00  INFO 1 --- [item-bank-api] [nio-8080-exec-2] c.example.common.GlobalExceptionHandler  : not found: 배포가 없습니다: id=12 (/api/distributions/12)
2026-09-16T12:01:05.384+09:00  INFO 1 --- [item-bank-api] [nio-8080-exec-6] com.example.assignment.ReportService     : built class report for class 3: 3 distributions, 10 submissions
2026-09-16T12:01:46.218+09:00  INFO 1 --- [item-bank-api] [nio-8080-exec-8] c.example.common.GlobalExceptionHandler  : no handler for /robots.txt
2026-09-16T12:02:14.799+09:00  INFO 1 --- [item-bank-api] [nio-8080-exec-9] c.example.common.GlobalExceptionHandler  : no handler for /apple-touch-icon.png
2026-09-16T12:02:31.555+09:00  INFO 1 --- [item-bank-api] [nio-8080-exec-5] c.example.common.GlobalExceptionHandler  : not found: 배포가 없습니다: id=14 (/api/distributions/14)
2026-09-16T12:03:08.090+09:00  INFO 1 --- [item-bank-api] [io-8080-exec-10] c.example.common.GlobalExceptionHandler  : no handler for /favicon.ico
2026-09-16T12:03:11.119+09:00  INFO 1 --- [item-bank-api] [nio-8080-exec-3] c.example.common.GlobalExceptionHandler  : not found: 단원이 없습니다: code=M7-1 (/api/units/M7-1/items)
2026-09-16T12:03:34.437+09:00  INFO 1 --- [item-bank-api] [nio-8080-exec-8] c.example.common.GlobalExceptionHandler  : no handler for /robots.txt
2026-09-16T12:03:42.012+09:00  INFO 1 --- [item-bank-api] [nio-8080-exec-3] c.example.common.GlobalExceptionHandler  : not found: 문항이 없습니다: id=45 (/api/items/45)
2026-09-16T12:03:42.050+09:00  INFO 1 --- [item-bank-api] [nio-8080-exec-6] c.example.common.GlobalExceptionHandler  : no handler for /favicon.ico
2026-09-16T12:03:42.198+09:00  INFO 1 --- [item-bank-api] [nio-8080-exec-8] c.example.common.GlobalExceptionHandler  : no handler for /api/item/12
2026-09-16T12:03:47.186+09:00  INFO 1 --- [item-bank-api] [nio-8080-exec-7] c.example.common.GlobalExceptionHandler  : no handler for /robots.txt
2026-09-16T12:04:16.370+09:00  WARN 1 --- [item-bank-api] [nio-8080-exec-3] c.example.common.GlobalExceptionHandler  : state conflict: 마감된 과제는 재배포할 수 없습니다: distributionId=1 (/api/distributions/1/redistribute)
2026-09-16T12:04:19.753+09:00  INFO 1 --- [item-bank-api] [io-8080-exec-10] c.example.common.GlobalExceptionHandler  : no handler for /api/item/12
2026-09-16T12:05:46.439+09:00  INFO 1 --- [item-bank-api] [nio-8080-exec-8] c.example.common.GlobalExceptionHandler  : no handler for /api/item/12
2026-09-16T12:05:56.482+09:00  INFO 1 --- [item-bank-api] [nio-8080-exec-1] c.example.common.GlobalExceptionHandler  : no handler for /favicon.ico
2026-09-16T12:06:07.482+09:00  INFO 1 --- [item-bank-api] [nio-8080-exec-7] c.example.common.GlobalExceptionHandler  : not found: 문항이 없습니다: id=56 (/api/items/56)
2026-09-16T12:06:22.656+09:00  INFO 1 --- [item-bank-api] [nio-8080-exec-1] c.example.common.GlobalExceptionHandler  : not found: 배포가 없습니다: id=14 (/api/distributions/14)
2026-09-16T12:06:33.916+09:00  INFO 1 --- [item-bank-api] [nio-8080-exec-1] c.example.common.GlobalExceptionHandler  : no handler for /api/unit
2026-09-16T12:07:07.355+09:00  INFO 1 --- [item-bank-api] [nio-8080-exec-4] c.example.common.GlobalExceptionHandler  : no handler for /api/unit
2026-09-16T12:07:47.677+09:00  INFO 1 --- [item-bank-api] [nio-8080-exec-7] c.example.common.GlobalExceptionHandler  : bad request: Method parameter 'id': Failed to convert value of type 'java.lang.String' to required type 'java.lang.Integer'; For input string: "undefined" (/api/items/undefined)
2026-09-16T12:08:48.381+09:00  INFO 1 --- [item-bank-api] [nio-8080-exec-1] c.example.common.GlobalExceptionHandler  : no handler for /apple-touch-icon.png
2026-09-16T12:10:13.855+09:00  INFO 1 --- [item-bank-api] [nio-8080-exec-7] c.example.common.GlobalExceptionHandler  : not found: 배포가 없습니다: id=14 (/api/distributions/14)
2026-09-16T12:10:24.407+09:00  INFO 1 --- [item-bank-api] [nio-8080-exec-6] c.example.common.GlobalExceptionHandler  : no handler for /api/unit
2026-09-16T12:10:34.201+09:00  INFO 1 --- [item-bank-api] [nio-8080-exec-6] c.example.common.GlobalExceptionHandler  : no handler for /apple-touch-icon.png
2026-09-16T12:10:51.058+09:00  INFO 1 --- [item-bank-api] [nio-8080-exec-8] c.example.common.GlobalExceptionHandler  : no handler for /api/unit
2026-09-16T12:10:55.001+09:00  INFO 1 --- [item-bank-api] [nio-8080-exec-5] c.example.common.GlobalExceptionHandler  : no handler for /robots.txt
2026-09-16T12:11:37.759+09:00  INFO 1 --- [item-bank-api] [nio-8080-exec-3] c.example.common.GlobalExceptionHandler  : not found: 배포가 없습니다: id=15 (/api/distributions/15)
2026-09-16T12:12:22.196+09:00  INFO 1 --- [item-bank-api] [nio-8080-exec-3] c.example.common.GlobalExceptionHandler  : not found: 문항이 없습니다: id=45 (/api/items/45)
2026-09-16T12:13:10.805+09:00  INFO 1 --- [item-bank-api] [nio-8080-exec-4] c.example.common.GlobalExceptionHandler  : no handler for /robots.txt
2026-09-16T12:13:13.913+09:00  INFO 1 --- [item-bank-api] [nio-8080-exec-2] c.example.common.GlobalExceptionHandler  : no handler for /favicon.ico
2026-09-16T12:13:29.346+09:00  INFO 1 --- [item-bank-api] [nio-8080-exec-6] c.example.common.GlobalExceptionHandler  : no handler for /apple-touch-icon.png
2026-09-16T12:13:38.746+09:00  INFO 1 --- [item-bank-api] [nio-8080-exec-4] c.example.common.GlobalExceptionHandler  : no handler for /favicon.ico
2026-09-16T12:14:27.163+09:00  INFO 1 --- [item-bank-api] [nio-8080-exec-5] com.example.assignment.ReportService     : built class report for class 3: 3 distributions, 10 submissions
2026-09-16T12:14:46.110+09:00  INFO 1 --- [item-bank-api] [nio-8080-exec-9] c.example.common.GlobalExceptionHandler  : no handler for /favicon.ico
2026-09-16T12:15:37.924+09:00  INFO 1 --- [item-bank-api] [nio-8080-exec-1] c.example.common.GlobalExceptionHandler  : no handler for /apple-touch-icon.png
2026-09-16T12:15:38.398+09:00  INFO 1 --- [item-bank-api] [nio-8080-exec-4] c.e.assignment.DistributionService       : redistributed distribution 6 (assignment 4, class 3) reason=STU-1012 요청 — 제출 화면 오류
2026-09-16T12:15:38.407+09:00  INFO 1 --- [item-bank-api] [nio-8080-exec-5] c.example.common.GlobalExceptionHandler  : no handler for /api/unit
2026-09-16T12:16:35.088+09:00  INFO 1 --- [item-bank-api] [nio-8080-exec-9] c.example.common.GlobalExceptionHandler  : no handler for /favicon.ico
2026-09-16T12:17:22.794+09:00  INFO 1 --- [item-bank-api] [nio-8080-exec-1] c.example.common.GlobalExceptionHandler  : not found: 배포가 없습니다: id=14 (/api/distributions/14)
2026-09-16T12:17:53.572+09:00  INFO 1 --- [item-bank-api] [nio-8080-exec-4] c.example.common.GlobalExceptionHandler  : not found: 문항이 없습니다: id=39 (/api/items/39)
2026-09-16T12:18:03.281+09:00  INFO 1 --- [item-bank-api] [nio-8080-exec-4] c.example.common.GlobalExceptionHandler  : no handler for /api/unit
2026-09-16T12:19:28.761+09:00  INFO 1 --- [item-bank-api] [nio-8080-exec-4] c.example.common.GlobalExceptionHandler  : not found: 문항이 없습니다: id=51 (/api/items/51)
2026-09-16T12:20:00.133+09:00  INFO 1 --- [item-bank-api] [nio-8080-exec-3] c.example.common.GlobalExceptionHandler  : no handler for /api/item/12
2026-09-16T12:20:55.625+09:00  INFO 1 --- [item-bank-api] [nio-8080-exec-8] c.example.common.GlobalExceptionHandler  : not found: 배포가 없습니다: id=13 (/api/distributions/13)
2026-09-16T12:20:59.699+09:00  INFO 1 --- [item-bank-api] [nio-8080-exec-1] c.example.common.GlobalExceptionHandler  : not found: 문항이 없습니다: id=58 (/api/items/58)
2026-09-16T12:21:21.523+09:00  INFO 1 --- [item-bank-api] [nio-8080-exec-6] c.example.common.GlobalExceptionHandler  : not found: 문항이 없습니다: id=52 (/api/items/52)
2026-09-16T12:21:22.958+09:00  INFO 1 --- [item-bank-api] [nio-8080-exec-7] c.example.common.GlobalExceptionHandler  : no handler for /favicon.ico
2026-09-16T12:21:35.591+09:00  INFO 1 --- [item-bank-api] [nio-8080-exec-6] c.example.common.GlobalExceptionHandler  : not found: 문항이 없습니다: id=59 (/api/items/59)
2026-09-16T12:21:54.271+09:00  WARN 1 --- [item-bank-api] [nio-8080-exec-5] c.example.common.GlobalExceptionHandler  : state conflict: 마감된 과제는 재배포할 수 없습니다: distributionId=4 (/api/distributions/4/redistribute)
2026-09-16T12:22:15.088+09:00  INFO 1 --- [item-bank-api] [nio-8080-exec-6] c.example.common.GlobalExceptionHandler  : no handler for /favicon.ico
2026-09-16T12:22:38.351+09:00  INFO 1 --- [item-bank-api] [nio-8080-exec-6] c.example.common.GlobalExceptionHandler  : no handler for /apple-touch-icon.png
2026-09-16T12:22:57.137+09:00  INFO 1 --- [item-bank-api] [nio-8080-exec-5] c.example.common.GlobalExceptionHandler  : not found: 문항이 없습니다: id=40 (/api/items/40)
2026-09-16T12:22:59.991+09:00  INFO 1 --- [item-bank-api] [nio-8080-exec-6] com.example.assignment.ReportService     : built class report for class 3: 3 distributions, 10 submissions
2026-09-16T12:23:10.857+09:00  INFO 1 --- [item-bank-api] [nio-8080-exec-2] c.example.common.GlobalExceptionHandler  : no handler for /robots.txt
2026-09-16T12:23:32.523+09:00  INFO 1 --- [item-bank-api] [nio-8080-exec-4] c.example.common.GlobalExceptionHandler  : not found: 문항이 없습니다: id=39 (/api/items/39)
2026-09-16T12:23:55.899+09:00  INFO 1 --- [item-bank-api] [nio-8080-exec-8] c.example.common.GlobalExceptionHandler  : no handler for /robots.txt
2026-09-16T12:23:58.852+09:00  INFO 1 --- [item-bank-api] [nio-8080-exec-3] c.example.common.GlobalExceptionHandler  : no handler for /apple-touch-icon.png
2026-09-16T12:24:01.928+09:00  WARN 1 --- [item-bank-api] [nio-8080-exec-2] c.example.common.GlobalExceptionHandler  : state conflict: 마감된 과제는 재배포할 수 없습니다: distributionId=1 (/api/distributions/1/redistribute)
2026-09-16T12:24:30.891+09:00  INFO 1 --- [item-bank-api] [nio-8080-exec-2] c.example.common.GlobalExceptionHandler  : no handler for /apple-touch-icon.png
2026-09-16T12:26:36.720+09:00  INFO 1 --- [item-bank-api] [nio-8080-exec-1] c.example.common.GlobalExceptionHandler  : no handler for /robots.txt
2026-09-16T12:26:39.891+09:00  INFO 1 --- [item-bank-api] [io-8080-exec-10] c.example.common.GlobalExceptionHandler  : not found: 단원이 없습니다: code=M7-1 (/api/units/M7-1/items)
2026-09-16T12:28:18.156+09:00  INFO 1 --- [item-bank-api] [nio-8080-exec-2] c.example.common.GlobalExceptionHandler  : no handler for /api/item/12
2026-09-16T12:28:18.438+09:00  INFO 1 --- [item-bank-api] [nio-8080-exec-3] c.example.common.GlobalExceptionHandler  : no handler for /robots.txt
2026-09-16T12:28:18.466+09:00  INFO 1 --- [item-bank-api] [nio-8080-exec-3] c.example.common.GlobalExceptionHandler  : not found: 문항이 없습니다: id=36 (/api/items/36)
2026-09-16T12:28:51.802+09:00  INFO 1 --- [item-bank-api] [nio-8080-exec-5] c.example.common.GlobalExceptionHandler  : no handler for /robots.txt
2026-09-16T12:29:22.139+09:00  INFO 1 --- [item-bank-api] [nio-8080-exec-6] c.example.common.GlobalExceptionHandler  : not found: 문항이 없습니다: id=60 (/api/items/60)
2026-09-16T12:29:41.263+09:00  INFO 1 --- [item-bank-api] [nio-8080-exec-2] c.example.common.GlobalExceptionHandler  : no handler for /apple-touch-icon.png
2026-09-16T12:29:53.112+09:00  INFO 1 --- [item-bank-api] [nio-8080-exec-5] c.example.common.GlobalExceptionHandler  : no handler for /api/item/12
2026-09-16T12:30:14.757+09:00  INFO 1 --- [item-bank-api] [nio-8080-exec-8] c.example.common.GlobalExceptionHandler  : not found: 문항이 없습니다: id=52 (/api/items/52)
2026-09-16T12:30:34.951+09:00  INFO 1 --- [item-bank-api] [nio-8080-exec-4] c.example.common.GlobalExceptionHandler  : not found: 단원이 없습니다: code=M7-1 (/api/units/M7-1/items)
2026-09-16T12:31:16.213+09:00  INFO 1 --- [item-bank-api] [nio-8080-exec-6] c.example.common.GlobalExceptionHandler  : no handler for /robots.txt
2026-09-16T12:31:38.378+09:00  INFO 1 --- [item-bank-api] [nio-8080-exec-6] c.example.common.GlobalExceptionHandler  : no handler for /robots.txt
2026-09-16T12:31:50.469+09:00  INFO 1 --- [item-bank-api] [nio-8080-exec-3] c.example.common.GlobalExceptionHandler  : no handler for /favicon.ico
2026-09-16T12:32:19.996+09:00  INFO 1 --- [item-bank-api] [nio-8080-exec-5] c.example.common.GlobalExceptionHandler  : not found: 단원이 없습니다: code=M7-1 (/api/units/M7-1/items)
2026-09-16T12:32:23.848+09:00  INFO 1 --- [item-bank-api] [nio-8080-exec-9] c.example.common.GlobalExceptionHandler  : no handler for /robots.txt
2026-09-16T12:33:46.424+09:00  INFO 1 --- [item-bank-api] [nio-8080-exec-2] c.example.common.GlobalExceptionHandler  : no handler for /favicon.ico
2026-09-16T12:35:13.073+09:00  INFO 1 --- [item-bank-api] [nio-8080-exec-3] c.example.common.GlobalExceptionHandler  : no handler for /robots.txt
2026-09-16T12:35:23.906+09:00  INFO 1 --- [item-bank-api] [nio-8080-exec-1] c.example.common.GlobalExceptionHandler  : no handler for /favicon.ico
2026-09-16T12:35:28.056+09:00  INFO 1 --- [item-bank-api] [nio-8080-exec-2] c.example.common.GlobalExceptionHandler  : no handler for /robots.txt
2026-09-16T12:36:00.995+09:00  INFO 1 --- [item-bank-api] [nio-8080-exec-9] c.example.common.GlobalExceptionHandler  : not found: 문항이 없습니다: id=60 (/api/items/60)
2026-09-16T12:36:40.146+09:00  INFO 1 --- [item-bank-api] [nio-8080-exec-9] c.example.common.GlobalExceptionHandler  : no handler for /api/unit
2026-09-16T12:37:02.946+09:00  INFO 1 --- [item-bank-api] [nio-8080-exec-8] c.example.common.GlobalExceptionHandler  : no handler for /robots.txt
2026-09-16T12:38:29.057+09:00  INFO 1 --- [item-bank-api] [nio-8080-exec-6] c.example.common.GlobalExceptionHandler  : no handler for /api/item/12
2026-09-16T12:39:02.606+09:00  INFO 1 --- [item-bank-api] [nio-8080-exec-7] c.example.common.GlobalExceptionHandler  : no handler for /api/unit
2026-09-16T12:39:39.216+09:00  INFO 1 --- [item-bank-api] [nio-8080-exec-4] com.example.assignment.ReportService     : built class report for class 1: 3 distributions, 10 submissions
2026-09-16T12:40:00.537+09:00  INFO 1 --- [item-bank-api] [nio-8080-exec-5] c.example.common.GlobalExceptionHandler  : no handler for /api/unit
2026-09-16T12:40:24.560+09:00  INFO 1 --- [item-bank-api] [nio-8080-exec-4] c.example.common.GlobalExceptionHandler  : no handler for /favicon.ico
2026-09-16T12:40:26.639+09:00  INFO 1 --- [item-bank-api] [nio-8080-exec-1] c.example.common.GlobalExceptionHandler  : not found: 문항이 없습니다: id=48 (/api/items/48)
2026-09-16T12:40:31.347+09:00  INFO 1 --- [item-bank-api] [nio-8080-exec-8] c.example.common.GlobalExceptionHandler  : no handler for /api/item/12
2026-09-16T12:40:37.471+09:00  INFO 1 --- [item-bank-api] [io-8080-exec-10] c.example.common.GlobalExceptionHandler  : not found: 문항이 없습니다: id=51 (/api/items/51)
2026-09-16T12:40:55.313+09:00  INFO 1 --- [item-bank-api] [io-8080-exec-10] com.example.assignment.ReportService     : built class report for class 1: 3 distributions, 10 submissions
2026-09-16T12:40:57.038+09:00  INFO 1 --- [item-bank-api] [nio-8080-exec-7] c.example.common.GlobalExceptionHandler  : no handler for /api/unit
2026-09-16T12:41:11.843+09:00  INFO 1 --- [item-bank-api] [nio-8080-exec-8] c.example.common.GlobalExceptionHandler  : no handler for /api/item/12
2026-09-16T12:41:12.680+09:00  INFO 1 --- [item-bank-api] [nio-8080-exec-2] c.example.common.GlobalExceptionHandler  : no handler for /favicon.ico
2026-09-16T12:41:26.784+09:00  INFO 1 --- [item-bank-api] [nio-8080-exec-2] c.example.common.GlobalExceptionHandler  : no handler for /api/unit
2026-09-16T12:42:19.956+09:00  INFO 1 --- [item-bank-api] [nio-8080-exec-9] c.example.common.GlobalExceptionHandler  : not found: 문항이 없습니다: id=32 (/api/items/32)
2026-09-16T12:42:50.680+09:00  INFO 1 --- [item-bank-api] [nio-8080-exec-2] c.example.common.GlobalExceptionHandler  : no handler for /api/unit
2026-09-16T12:42:56.329+09:00  INFO 1 --- [item-bank-api] [nio-8080-exec-8] com.example.assignment.ReportService     : built class report for class 3: 3 distributions, 10 submissions
2026-09-16T12:43:46.477+09:00  INFO 1 --- [item-bank-api] [io-8080-exec-10] c.example.common.GlobalExceptionHandler  : no handler for /favicon.ico
2026-09-16T12:44:33.168+09:00  INFO 1 --- [item-bank-api] [nio-8080-exec-2] c.example.common.GlobalExceptionHandler  : no handler for /api/unit
2026-09-16T12:44:43.261+09:00  INFO 1 --- [item-bank-api] [nio-8080-exec-5] c.example.common.GlobalExceptionHandler  : not found: 배포가 없습니다: id=9 (/api/distributions/9)
2026-09-16T12:44:44.321+09:00  INFO 1 --- [item-bank-api] [nio-8080-exec-2] c.example.common.GlobalExceptionHandler  : no handler for /api/unit
2026-09-16T12:44:56.012+09:00  INFO 1 --- [item-bank-api] [nio-8080-exec-6] c.example.common.GlobalExceptionHandler  : no handler for /robots.txt
2026-09-16T12:45:11.323+09:00  INFO 1 --- [item-bank-api] [nio-8080-exec-7] c.example.common.GlobalExceptionHandler  : no handler for /favicon.ico
2026-09-16T12:45:55.389+09:00  INFO 1 --- [item-bank-api] [nio-8080-exec-5] c.example.common.GlobalExceptionHandler  : not found: 배포가 없습니다: id=9 (/api/distributions/9)
2026-09-16T12:46:17.590+09:00  INFO 1 --- [item-bank-api] [nio-8080-exec-6] c.example.common.GlobalExceptionHandler  : no handler for /api/unit
2026-09-16T12:47:30.674+09:00  INFO 1 --- [item-bank-api] [nio-8080-exec-7] c.example.common.GlobalExceptionHandler  : not found: 단원이 없습니다: code=M7-1 (/api/units/M7-1/items)
2026-09-16T12:47:31.551+09:00  INFO 1 --- [item-bank-api] [nio-8080-exec-3] c.example.common.GlobalExceptionHandler  : no handler for /api/item/12
2026-09-16T12:47:52.902+09:00  INFO 1 --- [item-bank-api] [nio-8080-exec-6] c.example.common.GlobalExceptionHandler  : no handler for /apple-touch-icon.png
2026-09-16T12:47:54.929+09:00  INFO 1 --- [item-bank-api] [nio-8080-exec-1] c.example.common.GlobalExceptionHandler  : no handler for /apple-touch-icon.png
2026-09-16T12:48:08.368+09:00  INFO 1 --- [item-bank-api] [nio-8080-exec-3] c.example.common.GlobalExceptionHandler  : no handler for /api/item/12
2026-09-16T12:48:17.331+09:00  INFO 1 --- [item-bank-api] [nio-8080-exec-2] c.example.common.GlobalExceptionHandler  : no handler for /apple-touch-icon.png
2026-09-16T12:48:19.664+09:00  INFO 1 --- [item-bank-api] [nio-8080-exec-3] c.example.common.GlobalExceptionHandler  : no handler for /favicon.ico
2026-09-16T12:49:04.175+09:00  INFO 1 --- [item-bank-api] [nio-8080-exec-9] com.example.assignment.ReportService     : built class report for class 3: 3 distributions, 10 submissions
2026-09-16T12:49:48.792+09:00  INFO 1 --- [item-bank-api] [nio-8080-exec-8] c.example.common.GlobalExceptionHandler  : no handler for /apple-touch-icon.png
2026-09-16T12:50:11.417+09:00  INFO 1 --- [item-bank-api] [nio-8080-exec-8] c.example.common.GlobalExceptionHandler  : no handler for /robots.txt
2026-09-16T12:50:37.506+09:00  INFO 1 --- [item-bank-api] [io-8080-exec-10] c.example.common.GlobalExceptionHandler  : not found: 문항이 없습니다: id=52 (/api/items/52)
2026-09-16T12:50:43.606+09:00  INFO 1 --- [item-bank-api] [nio-8080-exec-3] c.example.common.GlobalExceptionHandler  : no handler for /api/unit
2026-09-16T12:51:28.330+09:00  INFO 1 --- [item-bank-api] [nio-8080-exec-5] c.example.common.GlobalExceptionHandler  : no handler for /favicon.ico
2026-09-16T12:51:41.321+09:00  INFO 1 --- [item-bank-api] [nio-8080-exec-5] c.example.common.GlobalExceptionHandler  : no handler for /robots.txt
2026-09-16T12:52:08.871+09:00  INFO 1 --- [item-bank-api] [nio-8080-exec-6] c.example.common.GlobalExceptionHandler  : no handler for /robots.txt
2026-09-16T12:52:18.386+09:00  INFO 1 --- [item-bank-api] [nio-8080-exec-2] c.example.common.GlobalExceptionHandler  : no handler for /robots.txt
2026-09-16T12:52:25.270+09:00  INFO 1 --- [item-bank-api] [nio-8080-exec-1] c.example.common.GlobalExceptionHandler  : no handler for /apple-touch-icon.png
2026-09-16T12:52:26.181+09:00  INFO 1 --- [item-bank-api] [io-8080-exec-10] c.example.common.GlobalExceptionHandler  : no handler for /api/unit
2026-09-16T12:52:33.273+09:00  INFO 1 --- [item-bank-api] [nio-8080-exec-8] c.example.common.GlobalExceptionHandler  : no handler for /api/item/12
2026-09-16T12:52:53.034+09:00  INFO 1 --- [item-bank-api] [nio-8080-exec-5] c.example.common.GlobalExceptionHandler  : no handler for /favicon.ico
2026-09-16T12:53:12.831+09:00  INFO 1 --- [item-bank-api] [nio-8080-exec-9] c.example.common.GlobalExceptionHandler  : no handler for /api/item/12
2026-09-16T12:54:03.489+09:00  INFO 1 --- [item-bank-api] [nio-8080-exec-4] c.e.assignment.DistributionService       : redistributed distribution 8 (assignment 6, class 2) reason=STU-1005 요청 — 제출 화면 오류
2026-09-16T12:54:29.091+09:00  INFO 1 --- [item-bank-api] [nio-8080-exec-2] c.example.common.GlobalExceptionHandler  : not found: 문항이 없습니다: id=47 (/api/items/47)
2026-09-16T12:55:49.528+09:00  INFO 1 --- [item-bank-api] [nio-8080-exec-9] c.example.common.GlobalExceptionHandler  : no handler for /api/unit
2026-09-16T12:56:59.937+09:00  INFO 1 --- [item-bank-api] [nio-8080-exec-5] c.example.common.GlobalExceptionHandler  : no handler for /api/item/12
2026-09-16T12:57:09.361+09:00  INFO 1 --- [item-bank-api] [nio-8080-exec-1] c.example.common.GlobalExceptionHandler  : no handler for /apple-touch-icon.png
2026-09-16T12:57:17.236+09:00  INFO 1 --- [item-bank-api] [nio-8080-exec-5] c.example.common.GlobalExceptionHandler  : not found: 문항이 없습니다: id=59 (/api/items/59)
2026-09-16T12:57:23.858+09:00  INFO 1 --- [item-bank-api] [nio-8080-exec-5] c.example.common.GlobalExceptionHandler  : not found: 문항이 없습니다: id=60 (/api/items/60)
2026-09-16T12:58:26.739+09:00  INFO 1 --- [item-bank-api] [nio-8080-exec-9] c.example.common.GlobalExceptionHandler  : no handler for /apple-touch-icon.png
2026-09-16T12:59:01.341+09:00  INFO 1 --- [item-bank-api] [nio-8080-exec-4] c.example.common.GlobalExceptionHandler  : not found: 배포가 없습니다: id=13 (/api/distributions/13)
2026-09-16T12:59:25.597+09:00  INFO 1 --- [item-bank-api] [nio-8080-exec-4] c.example.common.GlobalExceptionHandler  : no handler for /apple-touch-icon.png
2026-09-16T12:59:34.890+09:00  INFO 1 --- [item-bank-api] [nio-8080-exec-4] c.example.common.GlobalExceptionHandler  : not found: 배포가 없습니다: id=13 (/api/distributions/13)
2026-09-16T13:00:30.076+09:00  INFO 1 --- [item-bank-api] [nio-8080-exec-8] c.example.common.GlobalExceptionHandler  : no handler for /favicon.ico
2026-09-16T13:00:32.392+09:00  INFO 1 --- [item-bank-api] [nio-8080-exec-2] c.example.common.GlobalExceptionHandler  : no handler for /robots.txt
2026-09-16T13:00:35.458+09:00  INFO 1 --- [item-bank-api] [nio-8080-exec-2] c.example.common.GlobalExceptionHandler  : not found: 문항이 없습니다: id=45 (/api/items/45)
2026-09-16T13:00:51.782+09:00  INFO 1 --- [item-bank-api] [nio-8080-exec-1] c.example.common.GlobalExceptionHandler  : no handler for /api/item/12
2026-09-16T13:00:58.827+09:00  INFO 1 --- [item-bank-api] [nio-8080-exec-4] c.example.common.GlobalExceptionHandler  : no handler for /favicon.ico
2026-09-16T13:01:07.730+09:00  INFO 1 --- [item-bank-api] [io-8080-exec-10] c.example.common.GlobalExceptionHandler  : no handler for /api/item/12
2026-09-16T13:01:13.062+09:00  INFO 1 --- [item-bank-api] [nio-8080-exec-1] c.example.common.GlobalExceptionHandler  : not found: 배포가 없습니다: id=12 (/api/distributions/12)
2026-09-16T13:01:40.977+09:00  INFO 1 --- [item-bank-api] [io-8080-exec-10] c.example.common.GlobalExceptionHandler  : not found: 문항이 없습니다: id=34 (/api/items/34)
2026-09-16T13:02:13.120+09:00  INFO 1 --- [item-bank-api] [nio-8080-exec-5] c.example.common.GlobalExceptionHandler  : no handler for /api/unit
2026-09-16T13:02:29.046+09:00  INFO 1 --- [item-bank-api] [nio-8080-exec-1] c.example.common.GlobalExceptionHandler  : not found: 문항이 없습니다: id=48 (/api/items/48)
2026-09-16T13:03:02.150+09:00  INFO 1 --- [item-bank-api] [nio-8080-exec-9] c.example.common.GlobalExceptionHandler  : not found: 문항이 없습니다: id=39 (/api/items/39)
2026-09-16T13:03:07.724+09:00  INFO 1 --- [item-bank-api] [nio-8080-exec-6] c.example.common.GlobalExceptionHandler  : no handler for /favicon.ico
2026-09-16T13:03:33.721+09:00  INFO 1 --- [item-bank-api] [nio-8080-exec-2] c.example.common.GlobalExceptionHandler  : not found: 문항이 없습니다: id=60 (/api/items/60)
2026-09-16T13:03:46.566+09:00  INFO 1 --- [item-bank-api] [nio-8080-exec-4] c.example.common.GlobalExceptionHandler  : not found: 문항이 없습니다: id=35 (/api/items/35)
2026-09-16T13:03:55.686+09:00  INFO 1 --- [item-bank-api] [nio-8080-exec-5] c.example.common.GlobalExceptionHandler  : no handler for /robots.txt
2026-09-16T13:04:00.344+09:00  INFO 1 --- [item-bank-api] [nio-8080-exec-6] c.example.common.GlobalExceptionHandler  : no handler for /favicon.ico
2026-09-16T13:04:52.489+09:00  WARN 1 --- [item-bank-api] [nio-8080-exec-2] c.example.common.GlobalExceptionHandler  : state conflict: 마감된 과제는 재배포할 수 없습니다: distributionId=1 (/api/distributions/1/redistribute)
2026-09-16T13:05:00.833+09:00  INFO 1 --- [item-bank-api] [nio-8080-exec-8] c.example.common.GlobalExceptionHandler  : no handler for /api/unit
2026-09-16T13:05:47.816+09:00  INFO 1 --- [item-bank-api] [nio-8080-exec-1] c.example.common.GlobalExceptionHandler  : not found: 단원이 없습니다: code=M7-1 (/api/units/M7-1/items)
2026-09-16T13:05:47.876+09:00  INFO 1 --- [item-bank-api] [nio-8080-exec-8] c.example.common.GlobalExceptionHandler  : no handler for /apple-touch-icon.png
2026-09-16T13:05:54.791+09:00  INFO 1 --- [item-bank-api] [nio-8080-exec-3] c.example.common.GlobalExceptionHandler  : no handler for /favicon.ico
2026-09-16T13:05:55.609+09:00  INFO 1 --- [item-bank-api] [nio-8080-exec-6] c.example.common.GlobalExceptionHandler  : no handler for /api/item/12
2026-09-16T13:06:15.472+09:00  INFO 1 --- [item-bank-api] [nio-8080-exec-8] c.example.common.GlobalExceptionHandler  : no handler for /robots.txt
2026-09-16T13:06:39.414+09:00  INFO 1 --- [item-bank-api] [nio-8080-exec-1] c.example.common.GlobalExceptionHandler  : no handler for /api/unit
2026-09-16T13:06:44.911+09:00  INFO 1 --- [item-bank-api] [io-8080-exec-10] c.e.assignment.DistributionService       : redistributed distribution 7 (assignment 5, class 3) reason=null
2026-09-16T13:07:11.255+09:00  INFO 1 --- [item-bank-api] [nio-8080-exec-7] c.example.common.GlobalExceptionHandler  : no handler for /favicon.ico
2026-09-16T13:07:20.204+09:00  INFO 1 --- [item-bank-api] [nio-8080-exec-7] c.example.common.GlobalExceptionHandler  : no handler for /api/unit
2026-09-16T13:08:27.985+09:00  INFO 1 --- [item-bank-api] [nio-8080-exec-5] c.example.common.GlobalExceptionHandler  : not found: 배포가 없습니다: id=11 (/api/distributions/11)
2026-09-16T13:09:13.637+09:00  INFO 1 --- [item-bank-api] [nio-8080-exec-4] c.example.common.GlobalExceptionHandler  : not found: 문항이 없습니다: id=40 (/api/items/40)
2026-09-16T13:09:46.053+09:00  INFO 1 --- [item-bank-api] [nio-8080-exec-7] com.example.assignment.ReportService     : built class report for class 2: 3 distributions, 10 submissions
2026-09-16T13:09:50.486+09:00  INFO 1 --- [item-bank-api] [io-8080-exec-10] c.example.common.GlobalExceptionHandler  : not found: 문항이 없습니다: id=53 (/api/items/53)
2026-09-16T13:10:27.307+09:00  INFO 1 --- [item-bank-api] [nio-8080-exec-5] c.example.common.GlobalExceptionHandler  : no handler for /apple-touch-icon.png
2026-09-16T13:11:53.579+09:00  INFO 1 --- [item-bank-api] [nio-8080-exec-8] c.example.common.GlobalExceptionHandler  : no handler for /api/unit
2026-09-16T13:12:13.239+09:00  INFO 1 --- [item-bank-api] [nio-8080-exec-7] c.example.common.GlobalExceptionHandler  : not found: 배포가 없습니다: id=15 (/api/distributions/15)
2026-09-16T13:12:17.941+09:00  INFO 1 --- [item-bank-api] [nio-8080-exec-4] c.example.common.GlobalExceptionHandler  : no handler for /apple-touch-icon.png
2026-09-16T13:12:34.142+09:00  INFO 1 --- [item-bank-api] [nio-8080-exec-4] c.example.common.GlobalExceptionHandler  : not found: 문항이 없습니다: id=35 (/api/items/35)
2026-09-16T13:13:09.005+09:00  INFO 1 --- [item-bank-api] [nio-8080-exec-9] c.example.common.GlobalExceptionHandler  : not found: 문항이 없습니다: id=59 (/api/items/59)
2026-09-16T13:13:28.098+09:00  INFO 1 --- [item-bank-api] [nio-8080-exec-6] c.example.common.GlobalExceptionHandler  : no handler for /apple-touch-icon.png
2026-09-16T13:13:29.615+09:00  INFO 1 --- [item-bank-api] [nio-8080-exec-5] c.example.common.GlobalExceptionHandler  : no handler for /apple-touch-icon.png
2026-09-16T13:13:33.231+09:00  INFO 1 --- [item-bank-api] [nio-8080-exec-2] c.example.common.GlobalExceptionHandler  : no handler for /robots.txt
2026-09-16T13:13:37.125+09:00  INFO 1 --- [item-bank-api] [nio-8080-exec-8] c.example.common.GlobalExceptionHandler  : not found: 문항이 없습니다: id=57 (/api/items/57)
2026-09-16T13:13:43.187+09:00  INFO 1 --- [item-bank-api] [nio-8080-exec-2] c.example.common.GlobalExceptionHandler  : no handler for /robots.txt
2026-09-16T13:13:46.109+09:00  INFO 1 --- [item-bank-api] [nio-8080-exec-2] c.example.common.GlobalExceptionHandler  : no handler for /api/item/12
2026-09-16T13:13:50.057+09:00  WARN 1 --- [item-bank-api] [nio-8080-exec-9] c.example.common.GlobalExceptionHandler  : state conflict: 마감된 과제는 재배포할 수 없습니다: distributionId=3 (/api/distributions/3/redistribute)
2026-09-16T13:14:00.969+09:00  INFO 1 --- [item-bank-api] [nio-8080-exec-5] c.example.common.GlobalExceptionHandler  : no handler for /favicon.ico
2026-09-16T13:14:10.309+09:00  INFO 1 --- [item-bank-api] [nio-8080-exec-2] c.example.common.GlobalExceptionHandler  : no handler for /robots.txt
2026-09-16T13:14:21.112+09:00  INFO 1 --- [item-bank-api] [nio-8080-exec-6] c.example.common.GlobalExceptionHandler  : no handler for /favicon.ico
2026-09-16T13:14:46.666+09:00  INFO 1 --- [item-bank-api] [nio-8080-exec-1] c.example.common.GlobalExceptionHandler  : not found: 배포가 없습니다: id=14 (/api/distributions/14)
2026-09-16T13:14:56.538+09:00  INFO 1 --- [item-bank-api] [nio-8080-exec-9] c.example.common.GlobalExceptionHandler  : not found: 문항이 없습니다: id=60 (/api/items/60)
2026-09-16T13:14:58.500+09:00  INFO 1 --- [item-bank-api] [nio-8080-exec-4] c.example.common.GlobalExceptionHandler  : no handler for /favicon.ico
2026-09-16T13:15:30.284+09:00  INFO 1 --- [item-bank-api] [io-8080-exec-10] c.example.common.GlobalExceptionHandler  : not found: 문항이 없습니다: id=35 (/api/items/35)
2026-09-16T13:15:31.116+09:00  INFO 1 --- [item-bank-api] [nio-8080-exec-2] c.example.common.GlobalExceptionHandler  : no handler for /apple-touch-icon.png
2026-09-16T13:16:03.275+09:00  INFO 1 --- [item-bank-api] [nio-8080-exec-4] c.example.common.GlobalExceptionHandler  : no handler for /favicon.ico
2026-09-16T13:16:03.683+09:00  INFO 1 --- [item-bank-api] [nio-8080-exec-2] c.example.common.GlobalExceptionHandler  : no handler for /api/item/12
2026-09-16T13:16:14.977+09:00  WARN 1 --- [item-bank-api] [nio-8080-exec-9] c.example.common.GlobalExceptionHandler  : state conflict: 마감된 과제는 재배포할 수 없습니다: distributionId=3 (/api/distributions/3/redistribute)
2026-09-16T13:16:19.532+09:00  INFO 1 --- [item-bank-api] [nio-8080-exec-4] c.example.common.GlobalExceptionHandler  : no handler for /api/unit
2026-09-16T13:16:52.427+09:00  INFO 1 --- [item-bank-api] [nio-8080-exec-9] c.example.common.GlobalExceptionHandler  : no handler for /api/unit
2026-09-16T13:17:02.923+09:00  INFO 1 --- [item-bank-api] [nio-8080-exec-5] c.example.common.GlobalExceptionHandler  : not found: 배포가 없습니다: id=14 (/api/distributions/14)
2026-09-16T13:17:22.787+09:00  INFO 1 --- [item-bank-api] [nio-8080-exec-5] c.example.common.GlobalExceptionHandler  : no handler for /favicon.ico
2026-09-16T13:17:25.281+09:00  INFO 1 --- [item-bank-api] [nio-8080-exec-5] com.example.assignment.ReportService     : built class report for class 3: 3 distributions, 10 submissions
2026-09-16T13:17:26.600+09:00  INFO 1 --- [item-bank-api] [nio-8080-exec-5] c.example.common.GlobalExceptionHandler  : not found: 배포가 없습니다: id=9 (/api/distributions/9)
2026-09-16T13:17:50.913+09:00  INFO 1 --- [item-bank-api] [nio-8080-exec-9] c.example.common.GlobalExceptionHandler  : no handler for /robots.txt
2026-09-16T13:18:15.930+09:00  INFO 1 --- [item-bank-api] [nio-8080-exec-3] c.example.common.GlobalExceptionHandler  : no handler for /api/unit
2026-09-16T13:18:31.666+09:00  INFO 1 --- [item-bank-api] [nio-8080-exec-1] c.example.common.GlobalExceptionHandler  : no handler for /api/unit
2026-09-16T13:18:57.862+09:00  INFO 1 --- [item-bank-api] [nio-8080-exec-5] c.example.common.GlobalExceptionHandler  : no handler for /apple-touch-icon.png
2026-09-16T13:19:10.092+09:00  INFO 1 --- [item-bank-api] [nio-8080-exec-8] c.example.common.GlobalExceptionHandler  : no handler for /robots.txt
2026-09-16T13:19:12.195+09:00  INFO 1 --- [item-bank-api] [nio-8080-exec-1] c.example.common.GlobalExceptionHandler  : no handler for /api/unit
2026-09-16T13:20:11.997+09:00  INFO 1 --- [item-bank-api] [nio-8080-exec-4] c.example.common.GlobalExceptionHandler  : no handler for /robots.txt
2026-09-16T13:20:13.271+09:00  INFO 1 --- [item-bank-api] [nio-8080-exec-2] c.example.common.GlobalExceptionHandler  : no handler for /api/unit
2026-09-16T13:20:27.923+09:00  INFO 1 --- [item-bank-api] [nio-8080-exec-1] c.example.common.GlobalExceptionHandler  : no handler for /api/unit
2026-09-16T13:21:13.746+09:00  INFO 1 --- [item-bank-api] [nio-8080-exec-8] c.example.common.GlobalExceptionHandler  : no handler for /api/item/12
2026-09-16T13:21:31.239+09:00  INFO 1 --- [item-bank-api] [nio-8080-exec-3] c.example.common.GlobalExceptionHandler  : no handler for /robots.txt
2026-09-16T13:21:42.528+09:00  INFO 1 --- [item-bank-api] [nio-8080-exec-4] c.example.common.GlobalExceptionHandler  : no handler for /api/item/12
2026-09-16T13:21:50.490+09:00  INFO 1 --- [item-bank-api] [nio-8080-exec-9] c.e.assignment.DistributionService       : redistributed distribution 7 (assignment 5, class 3) reason=STU-1001 결석으로 재배포
2026-09-16T13:22:09.464+09:00  INFO 1 --- [item-bank-api] [nio-8080-exec-3] c.example.common.GlobalExceptionHandler  : no handler for /api/item/12
2026-09-16T13:22:29.732+09:00  INFO 1 --- [item-bank-api] [nio-8080-exec-9] c.example.common.GlobalExceptionHandler  : no handler for /favicon.ico
2026-09-16T13:22:36.469+09:00  INFO 1 --- [item-bank-api] [nio-8080-exec-2] c.example.common.GlobalExceptionHandler  : no handler for /favicon.ico
2026-09-16T13:22:47.916+09:00  INFO 1 --- [item-bank-api] [nio-8080-exec-4] c.example.common.GlobalExceptionHandler  : no handler for /api/item/12
2026-09-16T13:22:59.150+09:00  INFO 1 --- [item-bank-api] [nio-8080-exec-4] c.example.common.GlobalExceptionHandler  : no handler for /api/unit
2026-09-16T13:23:20.604+09:00  INFO 1 --- [item-bank-api] [nio-8080-exec-8] c.example.common.GlobalExceptionHandler  : no handler for /apple-touch-icon.png
2026-09-16T13:23:29.142+09:00  INFO 1 --- [item-bank-api] [nio-8080-exec-6] c.example.common.GlobalExceptionHandler  : no handler for /robots.txt
2026-09-16T13:23:45.876+09:00  INFO 1 --- [item-bank-api] [io-8080-exec-10] com.example.assignment.ReportService     : built class report for class 2: 3 distributions, 10 submissions
2026-09-16T13:23:58.648+09:00  INFO 1 --- [item-bank-api] [nio-8080-exec-9] c.example.common.GlobalExceptionHandler  : no handler for /robots.txt
2026-09-16T13:24:11.787+09:00  INFO 1 --- [item-bank-api] [nio-8080-exec-1] c.example.common.GlobalExceptionHandler  : no handler for /api/item/12
2026-09-16T13:24:31.146+09:00  INFO 1 --- [item-bank-api] [nio-8080-exec-1] c.example.common.GlobalExceptionHandler  : no handler for /robots.txt
2026-09-16T13:25:33.697+09:00  INFO 1 --- [item-bank-api] [nio-8080-exec-3] c.example.common.GlobalExceptionHandler  : not found: 배포가 없습니다: id=10 (/api/distributions/10)
2026-09-16T13:26:12.186+09:00  INFO 1 --- [item-bank-api] [nio-8080-exec-3] c.example.common.GlobalExceptionHandler  : no handler for /api/item/12
2026-09-16T13:26:19.287+09:00  INFO 1 --- [item-bank-api] [io-8080-exec-10] c.example.common.GlobalExceptionHandler  : not found: 배포가 없습니다: id=12 (/api/distributions/12)
2026-09-16T13:26:21.138+09:00  INFO 1 --- [item-bank-api] [nio-8080-exec-6] c.example.common.GlobalExceptionHandler  : no handler for /robots.txt
2026-09-16T13:26:25.135+09:00  INFO 1 --- [item-bank-api] [nio-8080-exec-7] c.example.common.GlobalExceptionHandler  : no handler for /favicon.ico
2026-09-16T13:26:34.617+09:00  INFO 1 --- [item-bank-api] [io-8080-exec-10] c.example.common.GlobalExceptionHandler  : no handler for /robots.txt
2026-09-16T13:26:46.470+09:00  INFO 1 --- [item-bank-api] [nio-8080-exec-3] c.example.common.GlobalExceptionHandler  : no handler for /apple-touch-icon.png
2026-09-16T13:27:23.111+09:00  INFO 1 --- [item-bank-api] [nio-8080-exec-5] c.example.common.GlobalExceptionHandler  : not found: 문항이 없습니다: id=53 (/api/items/53)
2026-09-16T13:27:32.175+09:00  INFO 1 --- [item-bank-api] [io-8080-exec-10] c.example.common.GlobalExceptionHandler  : not found: 배포가 없습니다: id=11 (/api/distributions/11)
2026-09-16T13:27:46.365+09:00  INFO 1 --- [item-bank-api] [nio-8080-exec-3] c.example.common.GlobalExceptionHandler  : no handler for /robots.txt
2026-09-16T13:27:52.341+09:00  INFO 1 --- [item-bank-api] [nio-8080-exec-1] c.example.common.GlobalExceptionHandler  : no handler for /apple-touch-icon.png
2026-09-16T13:28:05.552+09:00  INFO 1 --- [item-bank-api] [nio-8080-exec-3] c.example.common.GlobalExceptionHandler  : no handler for /api/unit
2026-09-16T13:28:08.794+09:00  INFO 1 --- [item-bank-api] [nio-8080-exec-9] com.example.assignment.ReportService     : built class report for class 3: 3 distributions, 10 submissions
2026-09-16T13:28:40.431+09:00  INFO 1 --- [item-bank-api] [nio-8080-exec-7] c.example.common.GlobalExceptionHandler  : not found: 문항이 없습니다: id=45 (/api/items/45)
2026-09-16T13:28:52.476+09:00  INFO 1 --- [item-bank-api] [nio-8080-exec-2] c.example.common.GlobalExceptionHandler  : no handler for /favicon.ico
2026-09-16T13:29:02.606+09:00  INFO 1 --- [item-bank-api] [nio-8080-exec-8] c.example.common.GlobalExceptionHandler  : not found: 문항이 없습니다: id=52 (/api/items/52)
2026-09-16T13:29:03.892+09:00  INFO 1 --- [item-bank-api] [io-8080-exec-10] c.example.common.GlobalExceptionHandler  : no handler for /apple-touch-icon.png
2026-09-16T13:29:06.982+09:00  INFO 1 --- [item-bank-api] [nio-8080-exec-4] c.example.common.GlobalExceptionHandler  : no handler for /api/unit
2026-09-16T13:29:15.069+09:00  INFO 1 --- [item-bank-api] [nio-8080-exec-3] c.example.common.GlobalExceptionHandler  : no handler for /robots.txt
2026-09-16T13:29:31.715+09:00  INFO 1 --- [item-bank-api] [nio-8080-exec-1] c.example.common.GlobalExceptionHandler  : no handler for /api/item/12
2026-09-16T13:29:48.544+09:00  INFO 1 --- [item-bank-api] [nio-8080-exec-8] c.example.common.GlobalExceptionHandler  : no handler for /api/item/12
2026-09-16T13:29:50.039+09:00  INFO 1 --- [item-bank-api] [nio-8080-exec-4] c.example.common.GlobalExceptionHandler  : no handler for /favicon.ico
2026-09-16T13:31:41.743+09:00  INFO 1 --- [item-bank-api] [nio-8080-exec-3] com.example.assignment.ReportService     : built class report for class 2: 3 distributions, 10 submissions
2026-09-16T13:32:14.432+09:00  INFO 1 --- [item-bank-api] [nio-8080-exec-9] c.example.common.GlobalExceptionHandler  : no handler for /robots.txt
2026-09-16T13:32:16.137+09:00  INFO 1 --- [item-bank-api] [nio-8080-exec-4] c.example.common.GlobalExceptionHandler  : not found: 문항이 없습니다: id=34 (/api/items/34)
2026-09-16T13:33:07.030+09:00  INFO 1 --- [item-bank-api] [io-8080-exec-10] c.example.common.GlobalExceptionHandler  : not found: 배포가 없습니다: id=11 (/api/distributions/11)
2026-09-16T13:33:08.883+09:00  INFO 1 --- [item-bank-api] [io-8080-exec-10] c.example.common.GlobalExceptionHandler  : no handler for /apple-touch-icon.png
2026-09-16T13:33:11.885+09:00  INFO 1 --- [item-bank-api] [io-8080-exec-10] c.example.common.GlobalExceptionHandler  : no handler for /robots.txt
2026-09-16T13:33:19.519+09:00  INFO 1 --- [item-bank-api] [io-8080-exec-10] c.example.common.GlobalExceptionHandler  : no handler for /api/item/12
2026-09-16T13:33:20.368+09:00  INFO 1 --- [item-bank-api] [nio-8080-exec-4] com.example.assignment.ReportService     : built class report for class 1: 3 distributions, 10 submissions
2026-09-16T13:33:27.144+09:00  INFO 1 --- [item-bank-api] [nio-8080-exec-6] c.example.common.GlobalExceptionHandler  : no handler for /favicon.ico
2026-09-16T13:33:33.262+09:00  INFO 1 --- [item-bank-api] [nio-8080-exec-5] c.example.common.GlobalExceptionHandler  : no handler for /apple-touch-icon.png
2026-09-16T13:33:40.501+09:00  INFO 1 --- [item-bank-api] [nio-8080-exec-9] c.example.common.GlobalExceptionHandler  : no handler for /api/item/12
2026-09-16T13:34:05.427+09:00  INFO 1 --- [item-bank-api] [nio-8080-exec-6] c.example.common.GlobalExceptionHandler  : no handler for /apple-touch-icon.png
2026-09-16T13:34:29.201+09:00  INFO 1 --- [item-bank-api] [io-8080-exec-10] c.example.common.GlobalExceptionHandler  : not found: 문항이 없습니다: id=31 (/api/items/31)
2026-09-16T13:34:52.401+09:00  INFO 1 --- [item-bank-api] [nio-8080-exec-6] c.example.common.GlobalExceptionHandler  : no handler for /api/item/12
2026-09-16T13:34:53.094+09:00  INFO 1 --- [item-bank-api] [nio-8080-exec-5] c.example.common.GlobalExceptionHandler  : no handler for /api/item/12
2026-09-16T13:34:53.834+09:00  INFO 1 --- [item-bank-api] [nio-8080-exec-8] c.example.common.GlobalExceptionHandler  : no handler for /apple-touch-icon.png
2026-09-16T13:35:02.491+09:00  INFO 1 --- [item-bank-api] [nio-8080-exec-9] c.example.common.GlobalExceptionHandler  : no handler for /api/item/12
2026-09-16T13:35:06.094+09:00  INFO 1 --- [item-bank-api] [nio-8080-exec-7] c.example.common.GlobalExceptionHandler  : not found: 문항이 없습니다: id=61 (/api/items/61)
2026-09-16T13:35:32.711+09:00  INFO 1 --- [item-bank-api] [nio-8080-exec-2] com.example.assignment.ReportService     : built class report for class 1: 3 distributions, 10 submissions
2026-09-16T13:35:56.566+09:00  WARN 1 --- [item-bank-api] [nio-8080-exec-9] c.example.common.GlobalExceptionHandler  : state conflict: 마감된 과제는 재배포할 수 없습니다: distributionId=2 (/api/distributions/2/redistribute)
2026-09-16T13:36:16.907+09:00  INFO 1 --- [item-bank-api] [nio-8080-exec-1] com.example.assignment.ReportService     : built class report for class 1: 3 distributions, 10 submissions
2026-09-16T13:36:39.886+09:00  INFO 1 --- [item-bank-api] [io-8080-exec-10] c.example.common.GlobalExceptionHandler  : no handler for /api/unit
2026-09-16T13:37:10.825+09:00  INFO 1 --- [item-bank-api] [nio-8080-exec-9] c.example.common.GlobalExceptionHandler  : not found: 문항이 없습니다: id=45 (/api/items/45)
2026-09-16T13:37:15.831+09:00  INFO 1 --- [item-bank-api] [io-8080-exec-10] c.example.common.GlobalExceptionHandler  : not found: 배포가 없습니다: id=11 (/api/distributions/11)
2026-09-16T13:37:50.790+09:00  INFO 1 --- [item-bank-api] [nio-8080-exec-6] c.example.common.GlobalExceptionHandler  : no handler for /favicon.ico
2026-09-16T13:37:53.998+09:00  INFO 1 --- [item-bank-api] [nio-8080-exec-4] c.example.common.GlobalExceptionHandler  : no handler for /api/item/12
2026-09-16T13:38:44.950+09:00  INFO 1 --- [item-bank-api] [nio-8080-exec-1] c.example.common.GlobalExceptionHandler  : no handler for /api/unit
2026-09-16T13:39:48.801+09:00  INFO 1 --- [item-bank-api] [io-8080-exec-10] c.example.common.GlobalExceptionHandler  : not found: 배포가 없습니다: id=15 (/api/distributions/15)
2026-09-16T13:39:57.978+09:00  INFO 1 --- [item-bank-api] [nio-8080-exec-8] c.example.common.GlobalExceptionHandler  : no handler for /favicon.ico
2026-09-16T13:39:58.745+09:00  INFO 1 --- [item-bank-api] [nio-8080-exec-7] c.example.common.GlobalExceptionHandler  : no handler for /api/unit
2026-09-16T13:40:23.177+09:00  INFO 1 --- [item-bank-api] [nio-8080-exec-5] c.example.common.GlobalExceptionHandler  : no handler for /robots.txt
2026-09-16T13:40:27.545+09:00  INFO 1 --- [item-bank-api] [nio-8080-exec-6] c.example.common.GlobalExceptionHandler  : not found: 단원이 없습니다: code=M7-1 (/api/units/M7-1/items)
2026-09-16T13:40:40.963+09:00  INFO 1 --- [item-bank-api] [nio-8080-exec-6] c.example.common.GlobalExceptionHandler  : no handler for /api/item/12
2026-09-16T13:40:41.217+09:00  INFO 1 --- [item-bank-api] [nio-8080-exec-3] c.e.assignment.DistributionService       : redistributed distribution 5 (assignment 3, class 3) reason=null
2026-09-16T13:40:44.263+09:00  INFO 1 --- [item-bank-api] [nio-8080-exec-3] c.example.common.GlobalExceptionHandler  : not found: 문항이 없습니다: id=42 (/api/items/42)
2026-09-16T13:41:06.192+09:00  INFO 1 --- [item-bank-api] [nio-8080-exec-2] c.example.common.GlobalExceptionHandler  : no handler for /robots.txt
2026-09-16T13:42:31.353+09:00  INFO 1 --- [item-bank-api] [nio-8080-exec-9] c.example.common.GlobalExceptionHandler  : no handler for /robots.txt
2026-09-16T13:42:50.461+09:00  INFO 1 --- [item-bank-api] [nio-8080-exec-2] c.example.common.GlobalExceptionHandler  : not found: 배포가 없습니다: id=15 (/api/distributions/15)
2026-09-16T13:43:19.258+09:00  INFO 1 --- [item-bank-api] [nio-8080-exec-8] c.example.common.GlobalExceptionHandler  : no handler for /apple-touch-icon.png
2026-09-16T13:43:40.508+09:00  INFO 1 --- [item-bank-api] [nio-8080-exec-8] c.example.common.GlobalExceptionHandler  : no handler for /apple-touch-icon.png
2026-09-16T13:43:56.530+09:00  INFO 1 --- [item-bank-api] [io-8080-exec-10] c.example.common.GlobalExceptionHandler  : no handler for /apple-touch-icon.png
2026-09-16T13:44:09.767+09:00  INFO 1 --- [item-bank-api] [nio-8080-exec-4] c.example.common.GlobalExceptionHandler  : no handler for /favicon.ico
2026-09-16T13:44:26.733+09:00  INFO 1 --- [item-bank-api] [nio-8080-exec-7] c.example.common.GlobalExceptionHandler  : no handler for /api/item/12
2026-09-16T13:44:54.184+09:00  WARN 1 --- [item-bank-api] [nio-8080-exec-5] c.example.common.GlobalExceptionHandler  : state conflict: 마감된 과제는 재배포할 수 없습니다: distributionId=1 (/api/distributions/1/redistribute)
2026-09-16T13:45:04.447+09:00  INFO 1 --- [item-bank-api] [nio-8080-exec-6] c.example.common.GlobalExceptionHandler  : no handler for /robots.txt
2026-09-16T13:45:15.390+09:00  INFO 1 --- [item-bank-api] [nio-8080-exec-6] c.example.common.GlobalExceptionHandler  : not found: 문항이 없습니다: id=49 (/api/items/49)
2026-09-16T13:45:15.501+09:00  INFO 1 --- [item-bank-api] [nio-8080-exec-3] c.example.common.GlobalExceptionHandler  : no handler for /favicon.ico
2026-09-16T13:45:26.245+09:00  INFO 1 --- [item-bank-api] [nio-8080-exec-1] c.example.common.GlobalExceptionHandler  : no handler for /apple-touch-icon.png
2026-09-16T13:45:26.789+09:00  INFO 1 --- [item-bank-api] [nio-8080-exec-8] c.example.common.GlobalExceptionHandler  : not found: 문항이 없습니다: id=35 (/api/items/35)
2026-09-16T13:45:32.861+09:00  INFO 1 --- [item-bank-api] [nio-8080-exec-7] c.example.common.GlobalExceptionHandler  : no handler for /robots.txt
2026-09-16T13:45:48.012+09:00  INFO 1 --- [item-bank-api] [nio-8080-exec-9] c.example.common.GlobalExceptionHandler  : no handler for /favicon.ico
2026-09-16T13:45:48.632+09:00  INFO 1 --- [item-bank-api] [nio-8080-exec-3] c.example.common.GlobalExceptionHandler  : bad request: Method parameter 'id': Failed to convert value of type 'java.lang.String' to required type 'java.lang.Integer'; For input string: "undefined" (/api/items/undefined)
2026-09-16T13:46:18.033+09:00  INFO 1 --- [item-bank-api] [nio-8080-exec-6] c.example.common.GlobalExceptionHandler  : no handler for /api/item/12
2026-09-16T13:46:31.330+09:00  INFO 1 --- [item-bank-api] [nio-8080-exec-5] c.e.assignment.DistributionService       : redistributed distribution 8 (assignment 6, class 2) reason=보강 수업 후 재배포
2026-09-16T13:46:43.510+09:00  INFO 1 --- [item-bank-api] [nio-8080-exec-9] c.example.common.GlobalExceptionHandler  : not found: 배포가 없습니다: id=11 (/api/distributions/11)
2026-09-16T13:47:32.774+09:00  INFO 1 --- [item-bank-api] [nio-8080-exec-5] c.example.common.GlobalExceptionHandler  : no handler for /favicon.ico
2026-09-16T13:47:52.043+09:00  INFO 1 --- [item-bank-api] [nio-8080-exec-5] c.example.common.GlobalExceptionHandler  : no handler for /api/unit
2026-09-16T13:48:11.151+09:00  INFO 1 --- [item-bank-api] [io-8080-exec-10] c.example.common.GlobalExceptionHandler  : no handler for /api/unit
2026-09-16T13:49:35.279+09:00  INFO 1 --- [item-bank-api] [nio-8080-exec-4] c.example.common.GlobalExceptionHandler  : no handler for /favicon.ico
2026-09-16T13:49:49.711+09:00  INFO 1 --- [item-bank-api] [nio-8080-exec-2] c.example.common.GlobalExceptionHandler  : no handler for /robots.txt
2026-09-16T13:50:05.821+09:00  INFO 1 --- [item-bank-api] [nio-8080-exec-5] c.example.common.GlobalExceptionHandler  : no handler for /favicon.ico
2026-09-16T13:50:14.187+09:00  INFO 1 --- [item-bank-api] [nio-8080-exec-7] c.example.common.GlobalExceptionHandler  : no handler for /favicon.ico
2026-09-16T13:51:44.555+09:00  INFO 1 --- [item-bank-api] [nio-8080-exec-1] c.example.common.GlobalExceptionHandler  : no handler for /favicon.ico
2026-09-16T13:51:54.112+09:00  INFO 1 --- [item-bank-api] [nio-8080-exec-7] c.example.common.GlobalExceptionHandler  : no handler for /favicon.ico
2026-09-16T13:52:11.682+09:00  INFO 1 --- [item-bank-api] [nio-8080-exec-6] c.example.common.GlobalExceptionHandler  : no handler for /apple-touch-icon.png
2026-09-16T13:52:33.945+09:00  WARN 1 --- [item-bank-api] [nio-8080-exec-2] c.example.common.GlobalExceptionHandler  : state conflict: 마감된 과제는 재배포할 수 없습니다: distributionId=3 (/api/distributions/3/redistribute)
2026-09-16T13:53:21.401+09:00  INFO 1 --- [item-bank-api] [nio-8080-exec-8] c.example.common.GlobalExceptionHandler  : not found: 문항이 없습니다: id=48 (/api/items/48)
2026-09-16T13:53:39.001+09:00  INFO 1 --- [item-bank-api] [nio-8080-exec-3] c.example.common.GlobalExceptionHandler  : no handler for /api/unit
2026-09-16T13:53:39.960+09:00  INFO 1 --- [item-bank-api] [nio-8080-exec-3] c.example.common.GlobalExceptionHandler  : no handler for /robots.txt
2026-09-16T13:54:04.033+09:00  WARN 1 --- [item-bank-api] [nio-8080-exec-5] c.example.common.GlobalExceptionHandler  : state conflict: 마감된 과제는 재배포할 수 없습니다: distributionId=2 (/api/distributions/2/redistribute)
2026-09-16T13:54:17.009+09:00  INFO 1 --- [item-bank-api] [nio-8080-exec-7] c.example.common.GlobalExceptionHandler  : no handler for /favicon.ico
2026-09-16T13:54:20.688+09:00  WARN 1 --- [item-bank-api] [io-8080-exec-10] c.example.common.GlobalExceptionHandler  : state conflict: 마감된 과제는 재배포할 수 없습니다: distributionId=4 (/api/distributions/4/redistribute)
2026-09-16T13:54:35.517+09:00  INFO 1 --- [item-bank-api] [nio-8080-exec-6] c.example.common.GlobalExceptionHandler  : no handler for /apple-touch-icon.png
2026-09-16T13:55:24.732+09:00  INFO 1 --- [item-bank-api] [nio-8080-exec-4] c.example.common.GlobalExceptionHandler  : no handler for /robots.txt
2026-09-16T13:55:50.876+09:00  INFO 1 --- [item-bank-api] [nio-8080-exec-8] c.example.common.GlobalExceptionHandler  : bad request: Method parameter 'id': Failed to convert value of type 'java.lang.String' to required type 'java.lang.Integer'; For input string: "NaN" (/api/items/NaN)
2026-09-16T13:56:26.773+09:00  INFO 1 --- [item-bank-api] [nio-8080-exec-8] c.example.common.GlobalExceptionHandler  : no handler for /robots.txt
2026-09-16T13:56:27.156+09:00  INFO 1 --- [item-bank-api] [nio-8080-exec-5] c.example.common.GlobalExceptionHandler  : not found: 문항이 없습니다: id=61 (/api/items/61)
2026-09-16T13:57:27.557+09:00  INFO 1 --- [item-bank-api] [nio-8080-exec-5] c.example.common.GlobalExceptionHandler  : not found: 문항이 없습니다: id=63 (/api/items/63)
2026-09-16T13:58:01.295+09:00  INFO 1 --- [item-bank-api] [nio-8080-exec-3] c.example.common.GlobalExceptionHandler  : no handler for /favicon.ico
2026-09-16T13:58:39.127+09:00  INFO 1 --- [item-bank-api] [nio-8080-exec-8] c.example.common.GlobalExceptionHandler  : no handler for /robots.txt
2026-09-16T13:58:40.428+09:00  INFO 1 --- [item-bank-api] [nio-8080-exec-4] c.example.common.GlobalExceptionHandler  : no handler for /api/unit
2026-09-16T13:58:42.478+09:00  INFO 1 --- [item-bank-api] [nio-8080-exec-9] c.example.common.GlobalExceptionHandler  : no handler for /robots.txt
2026-09-16T13:59:22.093+09:00  INFO 1 --- [item-bank-api] [io-8080-exec-10] c.example.common.GlobalExceptionHandler  : no handler for /api/item/12
2026-09-16T13:59:56.896+09:00  INFO 1 --- [item-bank-api] [nio-8080-exec-2] c.example.common.GlobalExceptionHandler  : no handler for /api/unit
2026-09-16T14:00:03.441+09:00  INFO 1 --- [item-bank-api] [io-8080-exec-10] c.example.common.GlobalExceptionHandler  : no handler for /favicon.ico
2026-09-16T14:00:32.793+09:00  INFO 1 --- [item-bank-api] [io-8080-exec-10] c.example.common.GlobalExceptionHandler  : not found: 문항이 없습니다: id=48 (/api/items/48)
2026-09-16T14:00:42.715+09:00  INFO 1 --- [item-bank-api] [io-8080-exec-10] c.example.common.GlobalExceptionHandler  : no handler for /favicon.ico
2026-09-16T14:00:43.129+09:00  INFO 1 --- [item-bank-api] [nio-8080-exec-7] c.example.common.GlobalExceptionHandler  : not found: 문항이 없습니다: id=40 (/api/items/40)
2026-09-16T14:00:43.453+09:00  INFO 1 --- [item-bank-api] [nio-8080-exec-4] c.example.common.GlobalExceptionHandler  : not found: 배포가 없습니다: id=14 (/api/distributions/14)
2026-09-16T14:01:40.299+09:00  INFO 1 --- [item-bank-api] [nio-8080-exec-2] c.example.common.GlobalExceptionHandler  : no handler for /api/unit
2026-09-16T14:01:48.575+09:00  INFO 1 --- [item-bank-api] [nio-8080-exec-7] c.example.common.GlobalExceptionHandler  : bad request: Method parameter 'id': Failed to convert value of type 'java.lang.String' to required type 'java.lang.Integer'; For input string: "NaN" (/api/items/NaN)
2026-09-16T14:01:58.319+09:00  INFO 1 --- [item-bank-api] [nio-8080-exec-9] com.example.assignment.ReportService     : built class report for class 3: 3 distributions, 10 submissions
2026-09-16T14:02:01.024+09:00  INFO 1 --- [item-bank-api] [io-8080-exec-10] c.example.common.GlobalExceptionHandler  : not found: 문항이 없습니다: id=39 (/api/items/39)
2026-09-16T14:02:42.950+09:00  INFO 1 --- [item-bank-api] [nio-8080-exec-4] c.example.common.GlobalExceptionHandler  : bad request: Method parameter 'id': Failed to convert value of type 'java.lang.String' to required type 'java.lang.Integer'; For input string: "undefined" (/api/items/undefined)
2026-09-16T14:02:51.821+09:00  INFO 1 --- [item-bank-api] [nio-8080-exec-7] c.example.common.GlobalExceptionHandler  : no handler for /robots.txt
2026-09-16T14:03:44.454+09:00  INFO 1 --- [item-bank-api] [nio-8080-exec-9] c.example.common.GlobalExceptionHandler  : no handler for /api/item/12
2026-09-16T14:03:44.494+09:00  INFO 1 --- [item-bank-api] [nio-8080-exec-2] c.example.common.GlobalExceptionHandler  : no handler for /favicon.ico
2026-09-16T14:03:46.189+09:00  INFO 1 --- [item-bank-api] [nio-8080-exec-1] c.example.common.GlobalExceptionHandler  : no handler for /api/item/12
2026-09-16T14:04:21.988+09:00  INFO 1 --- [item-bank-api] [nio-8080-exec-6] c.example.common.GlobalExceptionHandler  : not found: 문항이 없습니다: id=42 (/api/items/42)
2026-09-16T14:04:58.686+09:00  INFO 1 --- [item-bank-api] [io-8080-exec-10] c.example.common.GlobalExceptionHandler  : not found: 문항이 없습니다: id=46 (/api/items/46)
2026-09-16T14:05:09.621+09:00  INFO 1 --- [item-bank-api] [nio-8080-exec-6] c.example.common.GlobalExceptionHandler  : not found: 단원이 없습니다: code=M7-1 (/api/units/M7-1/items)
2026-09-16T14:06:42.630+09:00  INFO 1 --- [item-bank-api] [nio-8080-exec-7] c.example.common.GlobalExceptionHandler  : not found: 배포가 없습니다: id=11 (/api/distributions/11)
2026-09-16T14:06:50.833+09:00  INFO 1 --- [item-bank-api] [nio-8080-exec-8] c.example.common.GlobalExceptionHandler  : not found: 문항이 없습니다: id=47 (/api/items/47)
2026-09-16T14:07:10.267+09:00  INFO 1 --- [item-bank-api] [nio-8080-exec-7] c.example.common.GlobalExceptionHandler  : not found: 배포가 없습니다: id=9 (/api/distributions/9)
2026-09-16T14:07:41.429+09:00  INFO 1 --- [item-bank-api] [nio-8080-exec-1] c.example.common.GlobalExceptionHandler  : no handler for /apple-touch-icon.png
2026-09-16T14:08:01.815+09:00  INFO 1 --- [item-bank-api] [io-8080-exec-10] c.example.common.GlobalExceptionHandler  : no handler for /robots.txt
2026-09-16T14:08:05.878+09:00  INFO 1 --- [item-bank-api] [nio-8080-exec-1] c.example.common.GlobalExceptionHandler  : no handler for /robots.txt
2026-09-16T14:08:19.633+09:00  INFO 1 --- [item-bank-api] [nio-8080-exec-9] c.example.common.GlobalExceptionHandler  : no handler for /favicon.ico
2026-09-16T14:08:26.232+09:00  INFO 1 --- [item-bank-api] [io-8080-exec-10] c.example.common.GlobalExceptionHandler  : no handler for /api/unit
2026-09-16T14:08:33.902+09:00  INFO 1 --- [item-bank-api] [io-8080-exec-10] c.example.common.GlobalExceptionHandler  : no handler for /favicon.ico
2026-09-16T14:08:43.014+09:00  INFO 1 --- [item-bank-api] [nio-8080-exec-8] c.example.common.GlobalExceptionHandler  : not found: 문항이 없습니다: id=46 (/api/items/46)
2026-09-16T14:09:08.102+09:00  INFO 1 --- [item-bank-api] [io-8080-exec-10] c.example.common.GlobalExceptionHandler  : bad request: Method parameter 'id': Failed to convert value of type 'java.lang.String' to required type 'java.lang.Integer'; For input string: "NaN" (/api/items/NaN)
2026-09-16T14:09:10.473+09:00  INFO 1 --- [item-bank-api] [nio-8080-exec-8] c.example.common.GlobalExceptionHandler  : no handler for /apple-touch-icon.png
2026-09-16T14:09:10.713+09:00  INFO 1 --- [item-bank-api] [nio-8080-exec-3] c.example.common.GlobalExceptionHandler  : not found: 문항이 없습니다: id=43 (/api/items/43)
2026-09-16T14:09:35.573+09:00  INFO 1 --- [item-bank-api] [nio-8080-exec-9] c.example.common.GlobalExceptionHandler  : no handler for /favicon.ico
2026-09-16T14:10:01.626+09:00  INFO 1 --- [item-bank-api] [nio-8080-exec-7] c.example.common.GlobalExceptionHandler  : not found: 문항이 없습니다: id=42 (/api/items/42)
2026-09-16T14:10:25.719+09:00  INFO 1 --- [item-bank-api] [nio-8080-exec-3] c.example.common.GlobalExceptionHandler  : no handler for /api/item/12
2026-09-16T14:10:46.452+09:00  INFO 1 --- [item-bank-api] [nio-8080-exec-2] c.example.common.GlobalExceptionHandler  : no handler for /api/unit
2026-09-16T14:10:47.917+09:00  INFO 1 --- [item-bank-api] [nio-8080-exec-4] c.example.common.GlobalExceptionHandler  : no handler for /api/unit
2026-09-16T14:10:50.870+09:00  INFO 1 --- [item-bank-api] [nio-8080-exec-8] c.example.common.GlobalExceptionHandler  : no handler for /robots.txt
2026-09-16T14:11:09.142+09:00  INFO 1 --- [item-bank-api] [nio-8080-exec-7] c.example.common.GlobalExceptionHandler  : no handler for /favicon.ico
2026-09-16T14:11:45.513+09:00  INFO 1 --- [item-bank-api] [nio-8080-exec-2] c.example.common.GlobalExceptionHandler  : no handler for /api/unit
2026-09-16T14:12:51.932+09:00  INFO 1 --- [item-bank-api] [nio-8080-exec-7] c.example.common.GlobalExceptionHandler  : not found: 배포가 없습니다: id=13 (/api/distributions/13)
2026-09-16T14:12:56.308+09:00  INFO 1 --- [item-bank-api] [nio-8080-exec-4] c.example.common.GlobalExceptionHandler  : no handler for /favicon.ico
2026-09-16T14:13:20.564+09:00  INFO 1 --- [item-bank-api] [nio-8080-exec-2] c.example.common.GlobalExceptionHandler  : no handler for /api/unit
2026-09-16T14:13:31.796+09:00  INFO 1 --- [item-bank-api] [nio-8080-exec-6] c.example.common.GlobalExceptionHandler  : not found: 문항이 없습니다: id=51 (/api/items/51)
2026-09-16T14:13:31.804+09:00  INFO 1 --- [item-bank-api] [nio-8080-exec-5] c.example.common.GlobalExceptionHandler  : no handler for /robots.txt
2026-09-16T14:13:37.796+09:00  INFO 1 --- [item-bank-api] [nio-8080-exec-7] c.example.common.GlobalExceptionHandler  : no handler for /api/unit
2026-09-16T14:13:48.353+09:00  INFO 1 --- [item-bank-api] [nio-8080-exec-8] c.example.common.GlobalExceptionHandler  : no handler for /api/unit
2026-09-16T14:14:00.786+09:00  INFO 1 --- [item-bank-api] [nio-8080-exec-8] c.example.common.GlobalExceptionHandler  : no handler for /robots.txt
2026-09-16T14:14:26.809+09:00  INFO 1 --- [item-bank-api] [nio-8080-exec-8] com.example.assignment.ReportService     : built class report for class 1: 3 distributions, 10 submissions
2026-09-16T14:14:35.691+09:00  INFO 1 --- [item-bank-api] [nio-8080-exec-1] c.example.common.GlobalExceptionHandler  : not found: 배포가 없습니다: id=11 (/api/distributions/11)
2026-09-16T14:15:31.906+09:00  INFO 1 --- [item-bank-api] [nio-8080-exec-9] c.example.common.GlobalExceptionHandler  : no handler for /robots.txt
2026-09-16T14:16:19.273+09:00  INFO 1 --- [item-bank-api] [nio-8080-exec-9] c.example.common.GlobalExceptionHandler  : no handler for /robots.txt
2026-09-16T14:16:22.966+09:00  INFO 1 --- [item-bank-api] [io-8080-exec-10] c.example.common.GlobalExceptionHandler  : not found: 문항이 없습니다: id=32 (/api/items/32)
2026-09-16T14:16:27.070+09:00  INFO 1 --- [item-bank-api] [nio-8080-exec-3] c.example.common.GlobalExceptionHandler  : no handler for /robots.txt
2026-09-16T14:17:14.783+09:00  INFO 1 --- [item-bank-api] [nio-8080-exec-3] c.example.common.GlobalExceptionHandler  : not found: 배포가 없습니다: id=12 (/api/distributions/12)
2026-09-16T14:17:19.672+09:00  INFO 1 --- [item-bank-api] [nio-8080-exec-3] c.example.common.GlobalExceptionHandler  : no handler for /favicon.ico
2026-09-16T14:18:56.335+09:00  INFO 1 --- [item-bank-api] [nio-8080-exec-4] c.example.common.GlobalExceptionHandler  : no handler for /apple-touch-icon.png
2026-09-16T14:19:22.205+09:00  INFO 1 --- [item-bank-api] [nio-8080-exec-4] c.example.common.GlobalExceptionHandler  : no handler for /api/unit
2026-09-16T14:19:22.769+09:00  INFO 1 --- [item-bank-api] [io-8080-exec-10] c.example.common.GlobalExceptionHandler  : no handler for /robots.txt
2026-09-16T14:19:24.439+09:00  INFO 1 --- [item-bank-api] [nio-8080-exec-9] c.example.common.GlobalExceptionHandler  : not found: 문항이 없습니다: id=51 (/api/items/51)
2026-09-16T14:19:25.350+09:00  INFO 1 --- [item-bank-api] [nio-8080-exec-2] c.example.common.GlobalExceptionHandler  : no handler for /api/unit
2026-09-16T14:19:26.844+09:00  INFO 1 --- [item-bank-api] [nio-8080-exec-6] c.example.common.GlobalExceptionHandler  : no handler for /favicon.ico
2026-09-16T14:19:38.323+09:00  INFO 1 --- [item-bank-api] [nio-8080-exec-6] c.example.common.GlobalExceptionHandler  : no handler for /favicon.ico
2026-09-16T14:19:40.448+09:00  INFO 1 --- [item-bank-api] [nio-8080-exec-2] c.example.common.GlobalExceptionHandler  : no handler for /robots.txt
2026-09-16T14:20:47.429+09:00  INFO 1 --- [item-bank-api] [io-8080-exec-10] c.example.common.GlobalExceptionHandler  : no handler for /robots.txt
2026-09-16T14:21:26.752+09:00  INFO 1 --- [item-bank-api] [nio-8080-exec-4] c.example.common.GlobalExceptionHandler  : no handler for /apple-touch-icon.png
2026-09-16T14:22:05.352+09:00  INFO 1 --- [item-bank-api] [nio-8080-exec-4] c.example.common.GlobalExceptionHandler  : no handler for /favicon.ico
2026-09-16T14:23:15.780+09:00  INFO 1 --- [item-bank-api] [nio-8080-exec-8] c.example.common.GlobalExceptionHandler  : not found: 배포가 없습니다: id=13 (/api/distributions/13)
2026-09-16T14:23:38.817+09:00  INFO 1 --- [item-bank-api] [io-8080-exec-10] c.example.common.GlobalExceptionHandler  : no handler for /favicon.ico
2026-09-16T14:24:01.312+09:00  INFO 1 --- [item-bank-api] [io-8080-exec-10] c.example.common.GlobalExceptionHandler  : no handler for /robots.txt
2026-09-16T14:24:19.228+09:00  INFO 1 --- [item-bank-api] [nio-8080-exec-3] c.example.common.GlobalExceptionHandler  : no handler for /api/unit
2026-09-16T14:24:31.094+09:00  INFO 1 --- [item-bank-api] [nio-8080-exec-1] c.example.common.GlobalExceptionHandler  : no handler for /apple-touch-icon.png
2026-09-16T14:24:32.180+09:00  INFO 1 --- [item-bank-api] [nio-8080-exec-5] c.example.common.GlobalExceptionHandler  : not found: 문항이 없습니다: id=51 (/api/items/51)
2026-09-16T14:24:51.753+09:00  INFO 1 --- [item-bank-api] [nio-8080-exec-7] c.example.common.GlobalExceptionHandler  : no handler for /favicon.ico
2026-09-16T14:25:12.053+09:00  INFO 1 --- [item-bank-api] [nio-8080-exec-4] com.example.assignment.ReportService     : built class report for class 1: 3 distributions, 10 submissions
2026-09-16T14:25:36.634+09:00  INFO 1 --- [item-bank-api] [io-8080-exec-10] c.example.common.GlobalExceptionHandler  : no handler for /apple-touch-icon.png
2026-09-16T14:26:17.156+09:00  INFO 1 --- [item-bank-api] [nio-8080-exec-8] c.example.common.GlobalExceptionHandler  : not found: 문항이 없습니다: id=42 (/api/items/42)
2026-09-16T14:26:18.228+09:00  INFO 1 --- [item-bank-api] [nio-8080-exec-6] c.example.common.GlobalExceptionHandler  : no handler for /api/unit
2026-09-16T14:26:44.817+09:00  INFO 1 --- [item-bank-api] [nio-8080-exec-6] c.example.common.GlobalExceptionHandler  : not found: 문항이 없습니다: id=53 (/api/items/53)
2026-09-16T14:26:50.676+09:00  INFO 1 --- [item-bank-api] [nio-8080-exec-2] c.example.common.GlobalExceptionHandler  : not found: 배포가 없습니다: id=13 (/api/distributions/13)
2026-09-16T14:26:56.760+09:00  INFO 1 --- [item-bank-api] [nio-8080-exec-6] c.example.common.GlobalExceptionHandler  : no handler for /favicon.ico
2026-09-16T14:27:05.517+09:00  INFO 1 --- [item-bank-api] [nio-8080-exec-1] com.example.assignment.ReportService     : built class report for class 2: 3 distributions, 10 submissions
2026-09-16T14:27:09.467+09:00  INFO 1 --- [item-bank-api] [nio-8080-exec-2] c.example.common.GlobalExceptionHandler  : not found: 배포가 없습니다: id=13 (/api/distributions/13)
2026-09-16T14:27:27.187+09:00  INFO 1 --- [item-bank-api] [nio-8080-exec-1] c.example.common.GlobalExceptionHandler  : no handler for /favicon.ico
2026-09-16T14:27:31.892+09:00  INFO 1 --- [item-bank-api] [nio-8080-exec-8] c.example.common.GlobalExceptionHandler  : no handler for /favicon.ico
2026-09-16T14:27:31.925+09:00  INFO 1 --- [item-bank-api] [nio-8080-exec-6] com.example.assignment.ReportService     : built class report for class 3: 3 distributions, 10 submissions
2026-09-16T14:27:41.790+09:00  INFO 1 --- [item-bank-api] [nio-8080-exec-8] c.example.common.GlobalExceptionHandler  : no handler for /api/item/12
2026-09-16T14:27:52.252+09:00  INFO 1 --- [item-bank-api] [io-8080-exec-10] c.example.common.GlobalExceptionHandler  : no handler for /favicon.ico
2026-09-16T14:28:18.082+09:00  INFO 1 --- [item-bank-api] [nio-8080-exec-3] c.example.common.GlobalExceptionHandler  : not found: 배포가 없습니다: id=15 (/api/distributions/15)
2026-09-16T14:28:23.825+09:00  INFO 1 --- [item-bank-api] [nio-8080-exec-9] c.example.common.GlobalExceptionHandler  : no handler for /apple-touch-icon.png
2026-09-16T14:28:42.163+09:00  INFO 1 --- [item-bank-api] [nio-8080-exec-7] c.example.common.GlobalExceptionHandler  : no handler for /favicon.ico
2026-09-16T14:28:53.604+09:00  INFO 1 --- [item-bank-api] [nio-8080-exec-9] c.example.common.GlobalExceptionHandler  : no handler for /favicon.ico
2026-09-16T14:29:11.625+09:00  INFO 1 --- [item-bank-api] [nio-8080-exec-6] c.example.common.GlobalExceptionHandler  : no handler for /api/unit
2026-09-16T14:29:28.853+09:00  INFO 1 --- [item-bank-api] [nio-8080-exec-8] c.example.common.GlobalExceptionHandler  : no handler for /favicon.ico
2026-09-16T14:29:31.869+09:00  INFO 1 --- [item-bank-api] [nio-8080-exec-3] c.example.common.GlobalExceptionHandler  : no handler for /favicon.ico
2026-09-16T14:30:09.828+09:00  INFO 1 --- [item-bank-api] [nio-8080-exec-2] c.example.common.GlobalExceptionHandler  : no handler for /apple-touch-icon.png
2026-09-16T14:30:52.846+09:00  INFO 1 --- [item-bank-api] [nio-8080-exec-6] c.example.common.GlobalExceptionHandler  : no handler for /favicon.ico
2026-09-16T14:31:05.127+09:00  INFO 1 --- [item-bank-api] [nio-8080-exec-5] c.example.common.GlobalExceptionHandler  : no handler for /favicon.ico
2026-09-16T14:31:28.544+09:00  INFO 1 --- [item-bank-api] [io-8080-exec-10] c.example.common.GlobalExceptionHandler  : not found: 문항이 없습니다: id=56 (/api/items/56)
2026-09-16T14:31:44.734+09:00  INFO 1 --- [item-bank-api] [nio-8080-exec-1] c.example.common.GlobalExceptionHandler  : no handler for /api/unit
2026-09-16T14:31:45.282+09:00  INFO 1 --- [item-bank-api] [nio-8080-exec-4] c.example.common.GlobalExceptionHandler  : bad request: Method parameter 'id': Failed to convert value of type 'java.lang.String' to required type 'java.lang.Integer'; For input string: "NaN" (/api/items/NaN)
2026-09-16T14:31:50.524+09:00  INFO 1 --- [item-bank-api] [nio-8080-exec-9] c.example.common.GlobalExceptionHandler  : no handler for /apple-touch-icon.png
2026-09-16T14:31:52.855+09:00  INFO 1 --- [item-bank-api] [nio-8080-exec-7] c.example.common.GlobalExceptionHandler  : no handler for /api/item/12
2026-09-16T14:31:59.259+09:00  INFO 1 --- [item-bank-api] [nio-8080-exec-9] c.example.common.GlobalExceptionHandler  : no handler for /api/unit
2026-09-16T14:32:27.787+09:00  INFO 1 --- [item-bank-api] [nio-8080-exec-8] c.example.common.GlobalExceptionHandler  : no handler for /robots.txt
2026-09-16T14:32:39.994+09:00  INFO 1 --- [item-bank-api] [nio-8080-exec-1] c.example.common.GlobalExceptionHandler  : no handler for /api/item/12
2026-09-16T14:32:56.057+09:00  INFO 1 --- [item-bank-api] [io-8080-exec-10] c.example.common.GlobalExceptionHandler  : no handler for /robots.txt
2026-09-16T14:33:03.733+09:00  INFO 1 --- [item-bank-api] [nio-8080-exec-7] c.example.common.GlobalExceptionHandler  : not found: 문항이 없습니다: id=50 (/api/items/50)
2026-09-16T14:33:05.896+09:00  INFO 1 --- [item-bank-api] [nio-8080-exec-4] c.example.common.GlobalExceptionHandler  : not found: 문항이 없습니다: id=62 (/api/items/62)
2026-09-16T14:33:21.513+09:00  INFO 1 --- [item-bank-api] [nio-8080-exec-9] c.example.common.GlobalExceptionHandler  : no handler for /api/item/12
2026-09-16T14:33:38.600+09:00  INFO 1 --- [item-bank-api] [nio-8080-exec-1] c.example.common.GlobalExceptionHandler  : no handler for /api/item/12
2026-09-16T14:33:57.829+09:00  INFO 1 --- [item-bank-api] [nio-8080-exec-6] c.example.common.GlobalExceptionHandler  : no handler for /apple-touch-icon.png
2026-09-16T14:34:46.923+09:00  INFO 1 --- [item-bank-api] [nio-8080-exec-5] c.example.common.GlobalExceptionHandler  : no handler for /robots.txt
2026-09-16T14:35:26.600+09:00  INFO 1 --- [item-bank-api] [nio-8080-exec-3] c.example.common.GlobalExceptionHandler  : no handler for /favicon.ico
2026-09-16T14:35:40.540+09:00  INFO 1 --- [item-bank-api] [nio-8080-exec-2] c.example.common.GlobalExceptionHandler  : not found: 문항이 없습니다: id=50 (/api/items/50)
2026-09-16T14:36:07.841+09:00  INFO 1 --- [item-bank-api] [nio-8080-exec-8] c.example.common.GlobalExceptionHandler  : not found: 문항이 없습니다: id=53 (/api/items/53)
2026-09-16T14:36:21.652+09:00  INFO 1 --- [item-bank-api] [nio-8080-exec-2] c.example.common.GlobalExceptionHandler  : no handler for /robots.txt
2026-09-16T14:36:35.221+09:00  INFO 1 --- [item-bank-api] [nio-8080-exec-8] c.example.common.GlobalExceptionHandler  : no handler for /api/unit
2026-09-16T14:36:43.581+09:00  INFO 1 --- [item-bank-api] [nio-8080-exec-1] c.example.common.GlobalExceptionHandler  : no handler for /robots.txt
2026-09-16T14:36:46.557+09:00  INFO 1 --- [item-bank-api] [nio-8080-exec-9] c.example.common.GlobalExceptionHandler  : not found: 문항이 없습니다: id=37 (/api/items/37)
2026-09-16T14:37:13.269+09:00  INFO 1 --- [item-bank-api] [nio-8080-exec-9] c.example.common.GlobalExceptionHandler  : bad request: Method parameter 'id': Failed to convert value of type 'java.lang.String' to required type 'java.lang.Integer'; For input string: "null" (/api/items/null)
2026-09-16T14:37:15.243+09:00  INFO 1 --- [item-bank-api] [nio-8080-exec-1] c.example.common.GlobalExceptionHandler  : no handler for /api/unit
2026-09-16T14:37:26.741+09:00  INFO 1 --- [item-bank-api] [nio-8080-exec-6] c.example.common.GlobalExceptionHandler  : no handler for /apple-touch-icon.png
2026-09-16T14:37:41.026+09:00  INFO 1 --- [item-bank-api] [nio-8080-exec-9] c.example.common.GlobalExceptionHandler  : no handler for /api/item/12
2026-09-16T14:37:52.198+09:00  WARN 1 --- [item-bank-api] [ool housekeeper] com.zaxxer.hikari.pool.ProxyLeakTask     : Connection leak detection triggered for org.mariadb.jdbc.Connection@2ac19f07 on thread http-nio-8080-exec-1, stack trace follows
java.lang.Exception: Apparent connection leak detected
	at com.zaxxer.hikari.HikariDataSource.getConnection(HikariDataSource.java:127)
	at org.hibernate.engine.jdbc.connections.internal.DatasourceConnectionProviderImpl.getConnection(DatasourceConnectionProviderImpl.java:122)
	at org.hibernate.internal.NonContextualJdbcConnectionAccess.obtainConnection(NonContextualJdbcConnectionAccess.java:46)
	at org.hibernate.resource.jdbc.internal.LogicalConnectionManagedImpl.acquireConnectionIfNeeded(LogicalConnectionManagedImpl.java:113)
	at org.springframework.orm.jpa.vendor.HibernateJpaDialect.beginTransaction(HibernateJpaDialect.java:164)
	at org.springframework.orm.jpa.JpaTransactionManager.doBegin(JpaTransactionManager.java:420)
	at org.springframework.transaction.interceptor.TransactionAspectSupport.invokeWithinTransaction(TransactionAspectSupport.java:386)
	at org.springframework.transaction.interceptor.TransactionInterceptor.invoke(TransactionInterceptor.java:119)
	at com.example.assignment.ReportService$$SpringCGLIB$$0.buildClassReport(<generated>)
	at com.example.assignment.ReportController.classReport(ReportController.java:22)
	at java.base/jdk.internal.reflect.DirectMethodHandleAccessor.invoke(DirectMethodHandleAccessor.java:103)
	at java.base/java.lang.reflect.Method.invoke(Method.java:580)
	at org.springframework.web.method.support.InvocableHandlerMethod.doInvoke(InvocableHandlerMethod.java:255)
2026-09-16T14:38:01.900+09:00  INFO 1 --- [item-bank-api] [nio-8080-exec-1] com.example.assignment.ReportService     : built class report for class 3: 3 distributions, 10 submissions
2026-09-16T14:38:01.902+09:00  INFO 1 --- [item-bank-api] [nio-8080-exec-1] com.zaxxer.hikari.pool.ProxyLeakTask     : Previously reported leaked connection org.mariadb.jdbc.Connection@2ac19f07 on thread http-nio-8080-exec-1 was returned to the pool (unleaked)
2026-09-16T14:38:15.322+09:00  INFO 1 --- [item-bank-api] [nio-8080-exec-9] c.example.common.GlobalExceptionHandler  : no handler for /api/unit
2026-09-16T14:38:23.265+09:00  WARN 1 --- [item-bank-api] [ool housekeeper] com.zaxxer.hikari.pool.ProxyLeakTask     : Connection leak detection triggered for org.mariadb.jdbc.Connection@5b0e9e0c on thread http-nio-8080-exec-10, stack trace follows
java.lang.Exception: Apparent connection leak detected
	at com.zaxxer.hikari.HikariDataSource.getConnection(HikariDataSource.java:127)
	at org.hibernate.engine.jdbc.connections.internal.DatasourceConnectionProviderImpl.getConnection(DatasourceConnectionProviderImpl.java:122)
	at org.hibernate.internal.NonContextualJdbcConnectionAccess.obtainConnection(NonContextualJdbcConnectionAccess.java:46)
	at org.hibernate.resource.jdbc.internal.LogicalConnectionManagedImpl.acquireConnectionIfNeeded(LogicalConnectionManagedImpl.java:113)
	at org.springframework.orm.jpa.vendor.HibernateJpaDialect.beginTransaction(HibernateJpaDialect.java:164)
	at org.springframework.orm.jpa.JpaTransactionManager.doBegin(JpaTransactionManager.java:420)
	at org.springframework.transaction.interceptor.TransactionAspectSupport.invokeWithinTransaction(TransactionAspectSupport.java:386)
	at org.springframework.transaction.interceptor.TransactionInterceptor.invoke(TransactionInterceptor.java:119)
	at com.example.assignment.ReportService$$SpringCGLIB$$0.buildClassReport(<generated>)
	at com.example.assignment.ReportController.classReport(ReportController.java:22)
	at java.base/jdk.internal.reflect.DirectMethodHandleAccessor.invoke(DirectMethodHandleAccessor.java:103)
	at java.base/java.lang.reflect.Method.invoke(Method.java:580)
	at org.springframework.web.method.support.InvocableHandlerMethod.doInvoke(InvocableHandlerMethod.java:255)
2026-09-16T14:38:31.624+09:00  INFO 1 --- [item-bank-api] [io-8080-exec-10] com.example.assignment.ReportService     : built class report for class 3: 3 distributions, 10 submissions
2026-09-16T14:38:31.626+09:00  INFO 1 --- [item-bank-api] [io-8080-exec-10] com.zaxxer.hikari.pool.ProxyLeakTask     : Previously reported leaked connection org.mariadb.jdbc.Connection@5b0e9e0c on thread http-nio-8080-exec-10 was returned to the pool (unleaked)
2026-09-16T14:38:34.078+09:00  INFO 1 --- [item-bank-api] [nio-8080-exec-2] c.example.common.GlobalExceptionHandler  : no handler for /robots.txt
2026-09-16T14:38:53.316+09:00  WARN 1 --- [item-bank-api] [ool housekeeper] com.zaxxer.hikari.pool.ProxyLeakTask     : Connection leak detection triggered for org.mariadb.jdbc.Connection@5b0e9e0c on thread http-nio-8080-exec-10, stack trace follows
java.lang.Exception: Apparent connection leak detected
	at com.zaxxer.hikari.HikariDataSource.getConnection(HikariDataSource.java:127)
	at org.hibernate.engine.jdbc.connections.internal.DatasourceConnectionProviderImpl.getConnection(DatasourceConnectionProviderImpl.java:122)
	at org.hibernate.internal.NonContextualJdbcConnectionAccess.obtainConnection(NonContextualJdbcConnectionAccess.java:46)
	at org.hibernate.resource.jdbc.internal.LogicalConnectionManagedImpl.acquireConnectionIfNeeded(LogicalConnectionManagedImpl.java:113)
	at org.springframework.orm.jpa.vendor.HibernateJpaDialect.beginTransaction(HibernateJpaDialect.java:164)
	at org.springframework.orm.jpa.JpaTransactionManager.doBegin(JpaTransactionManager.java:420)
	at org.springframework.transaction.interceptor.TransactionAspectSupport.invokeWithinTransaction(TransactionAspectSupport.java:386)
	at org.springframework.transaction.interceptor.TransactionInterceptor.invoke(TransactionInterceptor.java:119)
	at com.example.assignment.ReportService$$SpringCGLIB$$0.buildClassReport(<generated>)
	at com.example.assignment.ReportController.classReport(ReportController.java:22)
	at java.base/jdk.internal.reflect.DirectMethodHandleAccessor.invoke(DirectMethodHandleAccessor.java:103)
	at java.base/java.lang.reflect.Method.invoke(Method.java:580)
	at org.springframework.web.method.support.InvocableHandlerMethod.doInvoke(InvocableHandlerMethod.java:255)
2026-09-16T14:38:59.238+09:00  INFO 1 --- [item-bank-api] [nio-8080-exec-6] c.example.common.GlobalExceptionHandler  : no handler for /api/item/12
2026-09-16T14:39:01.761+09:00  INFO 1 --- [item-bank-api] [io-8080-exec-10] com.example.assignment.ReportService     : built class report for class 3: 3 distributions, 10 submissions
2026-09-16T14:39:01.763+09:00  INFO 1 --- [item-bank-api] [io-8080-exec-10] com.zaxxer.hikari.pool.ProxyLeakTask     : Previously reported leaked connection org.mariadb.jdbc.Connection@5b0e9e0c on thread http-nio-8080-exec-10 was returned to the pool (unleaked)
2026-09-16T14:39:04.495+09:00  INFO 1 --- [item-bank-api] [nio-8080-exec-2] c.example.common.GlobalExceptionHandler  : not found: 문항이 없습니다: id=37 (/api/items/37)
2026-09-16T14:39:24.386+09:00  WARN 1 --- [item-bank-api] [ool housekeeper] com.zaxxer.hikari.pool.ProxyLeakTask     : Connection leak detection triggered for org.mariadb.jdbc.Connection@2ac19f07 on thread http-nio-8080-exec-4, stack trace follows
java.lang.Exception: Apparent connection leak detected
	at com.zaxxer.hikari.HikariDataSource.getConnection(HikariDataSource.java:127)
	at org.hibernate.engine.jdbc.connections.internal.DatasourceConnectionProviderImpl.getConnection(DatasourceConnectionProviderImpl.java:122)
	at org.hibernate.internal.NonContextualJdbcConnectionAccess.obtainConnection(NonContextualJdbcConnectionAccess.java:46)
	at org.hibernate.resource.jdbc.internal.LogicalConnectionManagedImpl.acquireConnectionIfNeeded(LogicalConnectionManagedImpl.java:113)
	at org.springframework.orm.jpa.vendor.HibernateJpaDialect.beginTransaction(HibernateJpaDialect.java:164)
	at org.springframework.orm.jpa.JpaTransactionManager.doBegin(JpaTransactionManager.java:420)
	at org.springframework.transaction.interceptor.TransactionAspectSupport.invokeWithinTransaction(TransactionAspectSupport.java:386)
	at org.springframework.transaction.interceptor.TransactionInterceptor.invoke(TransactionInterceptor.java:119)
	at com.example.assignment.ReportService$$SpringCGLIB$$0.buildClassReport(<generated>)
	at com.example.assignment.ReportController.classReport(ReportController.java:22)
	at java.base/jdk.internal.reflect.DirectMethodHandleAccessor.invoke(DirectMethodHandleAccessor.java:103)
	at java.base/java.lang.reflect.Method.invoke(Method.java:580)
	at org.springframework.web.method.support.InvocableHandlerMethod.doInvoke(InvocableHandlerMethod.java:255)
2026-09-16T14:39:31.307+09:00  INFO 1 --- [item-bank-api] [nio-8080-exec-4] com.example.assignment.ReportService     : built class report for class 3: 3 distributions, 10 submissions
2026-09-16T14:39:31.309+09:00  INFO 1 --- [item-bank-api] [nio-8080-exec-4] com.zaxxer.hikari.pool.ProxyLeakTask     : Previously reported leaked connection org.mariadb.jdbc.Connection@2ac19f07 on thread http-nio-8080-exec-4 was returned to the pool (unleaked)
2026-09-16T14:39:48.616+09:00  WARN 1 --- [item-bank-api] [ool housekeeper] com.zaxxer.hikari.pool.ProxyLeakTask     : Connection leak detection triggered for org.mariadb.jdbc.Connection@6e8f14d3 on thread http-nio-8080-exec-2, stack trace follows
java.lang.Exception: Apparent connection leak detected
	at com.zaxxer.hikari.HikariDataSource.getConnection(HikariDataSource.java:127)
	at org.hibernate.engine.jdbc.connections.internal.DatasourceConnectionProviderImpl.getConnection(DatasourceConnectionProviderImpl.java:122)
	at org.hibernate.internal.NonContextualJdbcConnectionAccess.obtainConnection(NonContextualJdbcConnectionAccess.java:46)
	at org.hibernate.resource.jdbc.internal.LogicalConnectionManagedImpl.acquireConnectionIfNeeded(LogicalConnectionManagedImpl.java:113)
	at org.springframework.orm.jpa.vendor.HibernateJpaDialect.beginTransaction(HibernateJpaDialect.java:164)
	at org.springframework.orm.jpa.JpaTransactionManager.doBegin(JpaTransactionManager.java:420)
	at org.springframework.transaction.interceptor.TransactionAspectSupport.invokeWithinTransaction(TransactionAspectSupport.java:386)
	at org.springframework.transaction.interceptor.TransactionInterceptor.invoke(TransactionInterceptor.java:119)
	at com.example.assignment.ReportService$$SpringCGLIB$$0.buildClassReport(<generated>)
	at com.example.assignment.ReportController.classReport(ReportController.java:22)
	at java.base/jdk.internal.reflect.DirectMethodHandleAccessor.invoke(DirectMethodHandleAccessor.java:103)
	at java.base/java.lang.reflect.Method.invoke(Method.java:580)
	at org.springframework.web.method.support.InvocableHandlerMethod.doInvoke(InvocableHandlerMethod.java:255)
2026-09-16T14:39:55.025+09:00  WARN 1 --- [item-bank-api] [ool housekeeper] com.zaxxer.hikari.pool.ProxyLeakTask     : Connection leak detection triggered for org.mariadb.jdbc.Connection@2ac19f07 on thread http-nio-8080-exec-5, stack trace follows
java.lang.Exception: Apparent connection leak detected
	at com.zaxxer.hikari.HikariDataSource.getConnection(HikariDataSource.java:127)
	at org.hibernate.engine.jdbc.connections.internal.DatasourceConnectionProviderImpl.getConnection(DatasourceConnectionProviderImpl.java:122)
	at org.hibernate.internal.NonContextualJdbcConnectionAccess.obtainConnection(NonContextualJdbcConnectionAccess.java:46)
	at org.hibernate.resource.jdbc.internal.LogicalConnectionManagedImpl.acquireConnectionIfNeeded(LogicalConnectionManagedImpl.java:113)
	at org.springframework.orm.jpa.vendor.HibernateJpaDialect.beginTransaction(HibernateJpaDialect.java:164)
	at org.springframework.orm.jpa.JpaTransactionManager.doBegin(JpaTransactionManager.java:420)
	at org.springframework.transaction.interceptor.TransactionAspectSupport.invokeWithinTransaction(TransactionAspectSupport.java:386)
	at org.springframework.transaction.interceptor.TransactionInterceptor.invoke(TransactionInterceptor.java:119)
	at com.example.assignment.ReportService$$SpringCGLIB$$0.buildClassReport(<generated>)
	at com.example.assignment.ReportController.classReport(ReportController.java:22)
	at java.base/jdk.internal.reflect.DirectMethodHandleAccessor.invoke(DirectMethodHandleAccessor.java:103)
	at java.base/java.lang.reflect.Method.invoke(Method.java:580)
	at org.springframework.web.method.support.InvocableHandlerMethod.doInvoke(InvocableHandlerMethod.java:255)
2026-09-16T14:39:56.654+09:00  INFO 1 --- [item-bank-api] [nio-8080-exec-2] com.example.assignment.ReportService     : built class report for class 1: 3 distributions, 10 submissions
2026-09-16T14:39:56.656+09:00  INFO 1 --- [item-bank-api] [nio-8080-exec-2] com.zaxxer.hikari.pool.ProxyLeakTask     : Previously reported leaked connection org.mariadb.jdbc.Connection@6e8f14d3 on thread http-nio-8080-exec-2 was returned to the pool (unleaked)
2026-09-16T14:39:57.544+09:00  INFO 1 --- [item-bank-api] [nio-8080-exec-7] c.example.common.GlobalExceptionHandler  : not found: 배포가 없습니다: id=9 (/api/distributions/9)
2026-09-16T14:40:03.418+09:00  INFO 1 --- [item-bank-api] [nio-8080-exec-5] com.example.assignment.ReportService     : built class report for class 3: 3 distributions, 10 submissions
2026-09-16T14:40:03.420+09:00  INFO 1 --- [item-bank-api] [nio-8080-exec-5] com.zaxxer.hikari.pool.ProxyLeakTask     : Previously reported leaked connection org.mariadb.jdbc.Connection@2ac19f07 on thread http-nio-8080-exec-5 was returned to the pool (unleaked)
2026-09-16T14:40:05.569+09:00  WARN 1 --- [item-bank-api] [ool housekeeper] com.zaxxer.hikari.pool.ProxyLeakTask     : Connection leak detection triggered for org.mariadb.jdbc.Connection@71d4b8e2 on thread http-nio-8080-exec-3, stack trace follows
java.lang.Exception: Apparent connection leak detected
	at com.zaxxer.hikari.HikariDataSource.getConnection(HikariDataSource.java:127)
	at org.hibernate.engine.jdbc.connections.internal.DatasourceConnectionProviderImpl.getConnection(DatasourceConnectionProviderImpl.java:122)
	at org.hibernate.internal.NonContextualJdbcConnectionAccess.obtainConnection(NonContextualJdbcConnectionAccess.java:46)
	at org.hibernate.resource.jdbc.internal.LogicalConnectionManagedImpl.acquireConnectionIfNeeded(LogicalConnectionManagedImpl.java:113)
	at org.springframework.orm.jpa.vendor.HibernateJpaDialect.beginTransaction(HibernateJpaDialect.java:164)
	at org.springframework.orm.jpa.JpaTransactionManager.doBegin(JpaTransactionManager.java:420)
	at org.springframework.transaction.interceptor.TransactionAspectSupport.invokeWithinTransaction(TransactionAspectSupport.java:386)
	at org.springframework.transaction.interceptor.TransactionInterceptor.invoke(TransactionInterceptor.java:119)
	at com.example.assignment.ReportService$$SpringCGLIB$$0.buildClassReport(<generated>)
	at com.example.assignment.ReportController.classReport(ReportController.java:22)
	at java.base/jdk.internal.reflect.DirectMethodHandleAccessor.invoke(DirectMethodHandleAccessor.java:103)
	at java.base/java.lang.reflect.Method.invoke(Method.java:580)
	at org.springframework.web.method.support.InvocableHandlerMethod.doInvoke(InvocableHandlerMethod.java:255)
2026-09-16T14:40:08.562+09:00  INFO 1 --- [item-bank-api] [nio-8080-exec-8] c.example.common.GlobalExceptionHandler  : not found: 문항이 없습니다: id=31 (/api/items/31)
2026-09-16T14:40:09.997+09:00  INFO 1 --- [item-bank-api] [nio-8080-exec-9] c.example.common.GlobalExceptionHandler  : no handler for /apple-touch-icon.png
2026-09-16T14:40:12.903+09:00  WARN 1 --- [item-bank-api] [ool housekeeper] com.zaxxer.hikari.pool.ProxyLeakTask     : Connection leak detection triggered for org.mariadb.jdbc.Connection@6e8f14d3 on thread http-nio-8080-exec-7, stack trace follows
java.lang.Exception: Apparent connection leak detected
	at com.zaxxer.hikari.HikariDataSource.getConnection(HikariDataSource.java:127)
	at org.hibernate.engine.jdbc.connections.internal.DatasourceConnectionProviderImpl.getConnection(DatasourceConnectionProviderImpl.java:122)
	at org.hibernate.internal.NonContextualJdbcConnectionAccess.obtainConnection(NonContextualJdbcConnectionAccess.java:46)
	at org.hibernate.resource.jdbc.internal.LogicalConnectionManagedImpl.acquireConnectionIfNeeded(LogicalConnectionManagedImpl.java:113)
	at org.springframework.orm.jpa.vendor.HibernateJpaDialect.beginTransaction(HibernateJpaDialect.java:164)
	at org.springframework.orm.jpa.JpaTransactionManager.doBegin(JpaTransactionManager.java:420)
	at org.springframework.transaction.interceptor.TransactionAspectSupport.invokeWithinTransaction(TransactionAspectSupport.java:386)
	at org.springframework.transaction.interceptor.TransactionInterceptor.invoke(TransactionInterceptor.java:119)
	at com.example.assignment.ReportService$$SpringCGLIB$$0.buildClassReport(<generated>)
	at com.example.assignment.ReportController.classReport(ReportController.java:22)
	at java.base/jdk.internal.reflect.DirectMethodHandleAccessor.invoke(DirectMethodHandleAccessor.java:103)
	at java.base/java.lang.reflect.Method.invoke(Method.java:580)
	at org.springframework.web.method.support.InvocableHandlerMethod.doInvoke(InvocableHandlerMethod.java:255)
2026-09-16T14:40:14.193+09:00  INFO 1 --- [item-bank-api] [nio-8080-exec-3] com.example.assignment.ReportService     : built class report for class 1: 3 distributions, 10 submissions
2026-09-16T14:40:14.195+09:00  INFO 1 --- [item-bank-api] [nio-8080-exec-3] com.zaxxer.hikari.pool.ProxyLeakTask     : Previously reported leaked connection org.mariadb.jdbc.Connection@71d4b8e2 on thread http-nio-8080-exec-3 was returned to the pool (unleaked)
2026-09-16T14:40:16.165+09:00  WARN 1 --- [item-bank-api] [ool housekeeper] com.zaxxer.hikari.pool.ProxyLeakTask     : Connection leak detection triggered for org.mariadb.jdbc.Connection@3f6c2a91 on thread http-nio-8080-exec-6, stack trace follows
java.lang.Exception: Apparent connection leak detected
	at com.zaxxer.hikari.HikariDataSource.getConnection(HikariDataSource.java:127)
	at org.hibernate.engine.jdbc.connections.internal.DatasourceConnectionProviderImpl.getConnection(DatasourceConnectionProviderImpl.java:122)
	at org.hibernate.internal.NonContextualJdbcConnectionAccess.obtainConnection(NonContextualJdbcConnectionAccess.java:46)
	at org.hibernate.resource.jdbc.internal.LogicalConnectionManagedImpl.acquireConnectionIfNeeded(LogicalConnectionManagedImpl.java:113)
	at org.springframework.orm.jpa.vendor.HibernateJpaDialect.beginTransaction(HibernateJpaDialect.java:164)
	at org.springframework.orm.jpa.JpaTransactionManager.doBegin(JpaTransactionManager.java:420)
	at org.springframework.transaction.interceptor.TransactionAspectSupport.invokeWithinTransaction(TransactionAspectSupport.java:386)
	at org.springframework.transaction.interceptor.TransactionInterceptor.invoke(TransactionInterceptor.java:119)
	at com.example.assignment.ReportService$$SpringCGLIB$$0.buildClassReport(<generated>)
	at com.example.assignment.ReportController.classReport(ReportController.java:22)
	at java.base/jdk.internal.reflect.DirectMethodHandleAccessor.invoke(DirectMethodHandleAccessor.java:103)
	at java.base/java.lang.reflect.Method.invoke(Method.java:580)
	at org.springframework.web.method.support.InvocableHandlerMethod.doInvoke(InvocableHandlerMethod.java:255)
2026-09-16T14:40:20.468+09:00  INFO 1 --- [item-bank-api] [nio-8080-exec-7] com.example.assignment.ReportService     : built class report for class 2: 3 distributions, 10 submissions
2026-09-16T14:40:20.470+09:00  INFO 1 --- [item-bank-api] [nio-8080-exec-7] com.zaxxer.hikari.pool.ProxyLeakTask     : Previously reported leaked connection org.mariadb.jdbc.Connection@6e8f14d3 on thread http-nio-8080-exec-7 was returned to the pool (unleaked)
2026-09-16T14:40:21.406+09:00  WARN 1 --- [item-bank-api] [ool housekeeper] com.zaxxer.hikari.pool.ProxyLeakTask     : Connection leak detection triggered for org.mariadb.jdbc.Connection@2ac19f07 on thread http-nio-8080-exec-8, stack trace follows
java.lang.Exception: Apparent connection leak detected
	at com.zaxxer.hikari.HikariDataSource.getConnection(HikariDataSource.java:127)
	at org.hibernate.engine.jdbc.connections.internal.DatasourceConnectionProviderImpl.getConnection(DatasourceConnectionProviderImpl.java:122)
	at org.hibernate.internal.NonContextualJdbcConnectionAccess.obtainConnection(NonContextualJdbcConnectionAccess.java:46)
	at org.hibernate.resource.jdbc.internal.LogicalConnectionManagedImpl.acquireConnectionIfNeeded(LogicalConnectionManagedImpl.java:113)
	at org.springframework.orm.jpa.vendor.HibernateJpaDialect.beginTransaction(HibernateJpaDialect.java:164)
	at org.springframework.orm.jpa.JpaTransactionManager.doBegin(JpaTransactionManager.java:420)
	at org.springframework.transaction.interceptor.TransactionAspectSupport.invokeWithinTransaction(TransactionAspectSupport.java:386)
	at org.springframework.transaction.interceptor.TransactionInterceptor.invoke(TransactionInterceptor.java:119)
	at com.example.assignment.ReportService$$SpringCGLIB$$0.buildClassReport(<generated>)
	at com.example.assignment.ReportController.classReport(ReportController.java:22)
	at java.base/jdk.internal.reflect.DirectMethodHandleAccessor.invoke(DirectMethodHandleAccessor.java:103)
	at java.base/java.lang.reflect.Method.invoke(Method.java:580)
	at org.springframework.web.method.support.InvocableHandlerMethod.doInvoke(InvocableHandlerMethod.java:255)
2026-09-16T14:40:23.012+09:00  INFO 1 --- [item-bank-api] [nio-8080-exec-6] com.example.assignment.ReportService     : built class report for class 3: 3 distributions, 10 submissions
2026-09-16T14:40:23.014+09:00  INFO 1 --- [item-bank-api] [nio-8080-exec-6] com.zaxxer.hikari.pool.ProxyLeakTask     : Previously reported leaked connection org.mariadb.jdbc.Connection@3f6c2a91 on thread http-nio-8080-exec-6 was returned to the pool (unleaked)
2026-09-16T14:40:23.135+09:00  WARN 1 --- [item-bank-api] [ool housekeeper] com.zaxxer.hikari.pool.ProxyLeakTask     : Connection leak detection triggered for org.mariadb.jdbc.Connection@5b0e9e0c on thread http-nio-8080-exec-1, stack trace follows
java.lang.Exception: Apparent connection leak detected
	at com.zaxxer.hikari.HikariDataSource.getConnection(HikariDataSource.java:127)
	at org.hibernate.engine.jdbc.connections.internal.DatasourceConnectionProviderImpl.getConnection(DatasourceConnectionProviderImpl.java:122)
	at org.hibernate.internal.NonContextualJdbcConnectionAccess.obtainConnection(NonContextualJdbcConnectionAccess.java:46)
	at org.hibernate.resource.jdbc.internal.LogicalConnectionManagedImpl.acquireConnectionIfNeeded(LogicalConnectionManagedImpl.java:113)
	at org.springframework.orm.jpa.vendor.HibernateJpaDialect.beginTransaction(HibernateJpaDialect.java:164)
	at org.springframework.orm.jpa.JpaTransactionManager.doBegin(JpaTransactionManager.java:420)
	at org.springframework.transaction.interceptor.TransactionAspectSupport.invokeWithinTransaction(TransactionAspectSupport.java:386)
	at org.springframework.transaction.interceptor.TransactionInterceptor.invoke(TransactionInterceptor.java:119)
	at com.example.assignment.ReportService$$SpringCGLIB$$0.buildClassReport(<generated>)
	at com.example.assignment.ReportController.classReport(ReportController.java:22)
	at java.base/jdk.internal.reflect.DirectMethodHandleAccessor.invoke(DirectMethodHandleAccessor.java:103)
	at java.base/java.lang.reflect.Method.invoke(Method.java:580)
	at org.springframework.web.method.support.InvocableHandlerMethod.doInvoke(InvocableHandlerMethod.java:255)
2026-09-16T14:40:29.933+09:00  INFO 1 --- [item-bank-api] [nio-8080-exec-1] com.example.assignment.ReportService     : built class report for class 1: 3 distributions, 10 submissions
2026-09-16T14:40:29.935+09:00  INFO 1 --- [item-bank-api] [nio-8080-exec-1] com.zaxxer.hikari.pool.ProxyLeakTask     : Previously reported leaked connection org.mariadb.jdbc.Connection@5b0e9e0c on thread http-nio-8080-exec-1 was returned to the pool (unleaked)
2026-09-16T14:40:29.984+09:00  INFO 1 --- [item-bank-api] [nio-8080-exec-8] com.example.assignment.ReportService     : built class report for class 3: 3 distributions, 10 submissions
2026-09-16T14:40:29.986+09:00  INFO 1 --- [item-bank-api] [nio-8080-exec-8] com.zaxxer.hikari.pool.ProxyLeakTask     : Previously reported leaked connection org.mariadb.jdbc.Connection@2ac19f07 on thread http-nio-8080-exec-8 was returned to the pool (unleaked)
2026-09-16T14:40:32.927+09:00  WARN 1 --- [item-bank-api] [ool housekeeper] com.zaxxer.hikari.pool.ProxyLeakTask     : Connection leak detection triggered for org.mariadb.jdbc.Connection@6e8f14d3 on thread http-nio-8080-exec-9, stack trace follows
java.lang.Exception: Apparent connection leak detected
	at com.zaxxer.hikari.HikariDataSource.getConnection(HikariDataSource.java:127)
	at org.hibernate.engine.jdbc.connections.internal.DatasourceConnectionProviderImpl.getConnection(DatasourceConnectionProviderImpl.java:122)
	at org.hibernate.internal.NonContextualJdbcConnectionAccess.obtainConnection(NonContextualJdbcConnectionAccess.java:46)
	at org.hibernate.resource.jdbc.internal.LogicalConnectionManagedImpl.acquireConnectionIfNeeded(LogicalConnectionManagedImpl.java:113)
	at org.springframework.orm.jpa.vendor.HibernateJpaDialect.beginTransaction(HibernateJpaDialect.java:164)
	at org.springframework.orm.jpa.JpaTransactionManager.doBegin(JpaTransactionManager.java:420)
	at org.springframework.transaction.interceptor.TransactionAspectSupport.invokeWithinTransaction(TransactionAspectSupport.java:386)
	at org.springframework.transaction.interceptor.TransactionInterceptor.invoke(TransactionInterceptor.java:119)
	at com.example.assignment.ReportService$$SpringCGLIB$$0.buildClassReport(<generated>)
	at com.example.assignment.ReportController.classReport(ReportController.java:22)
	at java.base/jdk.internal.reflect.DirectMethodHandleAccessor.invoke(DirectMethodHandleAccessor.java:103)
	at java.base/java.lang.reflect.Method.invoke(Method.java:580)
	at org.springframework.web.method.support.InvocableHandlerMethod.doInvoke(InvocableHandlerMethod.java:255)
2026-09-16T14:40:33.792+09:00  WARN 1 --- [item-bank-api] [ool housekeeper] com.zaxxer.hikari.pool.ProxyLeakTask     : Connection leak detection triggered for org.mariadb.jdbc.Connection@71d4b8e2 on thread http-nio-8080-exec-3, stack trace follows
java.lang.Exception: Apparent connection leak detected
	at com.zaxxer.hikari.HikariDataSource.getConnection(HikariDataSource.java:127)
	at org.hibernate.engine.jdbc.connections.internal.DatasourceConnectionProviderImpl.getConnection(DatasourceConnectionProviderImpl.java:122)
	at org.hibernate.internal.NonContextualJdbcConnectionAccess.obtainConnection(NonContextualJdbcConnectionAccess.java:46)
	at org.hibernate.resource.jdbc.internal.LogicalConnectionManagedImpl.acquireConnectionIfNeeded(LogicalConnectionManagedImpl.java:113)
	at org.springframework.orm.jpa.vendor.HibernateJpaDialect.beginTransaction(HibernateJpaDialect.java:164)
	at org.springframework.orm.jpa.JpaTransactionManager.doBegin(JpaTransactionManager.java:420)
	at org.springframework.transaction.interceptor.TransactionAspectSupport.invokeWithinTransaction(TransactionAspectSupport.java:386)
	at org.springframework.transaction.interceptor.TransactionInterceptor.invoke(TransactionInterceptor.java:119)
	at com.example.assignment.ReportService$$SpringCGLIB$$0.buildClassReport(<generated>)
	at com.example.assignment.ReportController.classReport(ReportController.java:22)
	at java.base/jdk.internal.reflect.DirectMethodHandleAccessor.invoke(DirectMethodHandleAccessor.java:103)
	at java.base/java.lang.reflect.Method.invoke(Method.java:580)
	at org.springframework.web.method.support.InvocableHandlerMethod.doInvoke(InvocableHandlerMethod.java:255)
2026-09-16T14:40:35.704+09:00  WARN 1 --- [item-bank-api] [ool housekeeper] com.zaxxer.hikari.pool.ProxyLeakTask     : Connection leak detection triggered for org.mariadb.jdbc.Connection@3f6c2a91 on thread http-nio-8080-exec-5, stack trace follows
java.lang.Exception: Apparent connection leak detected
	at com.zaxxer.hikari.HikariDataSource.getConnection(HikariDataSource.java:127)
	at org.hibernate.engine.jdbc.connections.internal.DatasourceConnectionProviderImpl.getConnection(DatasourceConnectionProviderImpl.java:122)
	at org.hibernate.internal.NonContextualJdbcConnectionAccess.obtainConnection(NonContextualJdbcConnectionAccess.java:46)
	at org.hibernate.resource.jdbc.internal.LogicalConnectionManagedImpl.acquireConnectionIfNeeded(LogicalConnectionManagedImpl.java:113)
	at org.springframework.orm.jpa.vendor.HibernateJpaDialect.beginTransaction(HibernateJpaDialect.java:164)
	at org.springframework.orm.jpa.JpaTransactionManager.doBegin(JpaTransactionManager.java:420)
	at org.springframework.transaction.interceptor.TransactionAspectSupport.invokeWithinTransaction(TransactionAspectSupport.java:386)
	at org.springframework.transaction.interceptor.TransactionInterceptor.invoke(TransactionInterceptor.java:119)
	at com.example.assignment.ReportService$$SpringCGLIB$$0.buildClassReport(<generated>)
	at com.example.assignment.ReportController.classReport(ReportController.java:22)
	at java.base/jdk.internal.reflect.DirectMethodHandleAccessor.invoke(DirectMethodHandleAccessor.java:103)
	at java.base/java.lang.reflect.Method.invoke(Method.java:580)
	at org.springframework.web.method.support.InvocableHandlerMethod.doInvoke(InvocableHandlerMethod.java:255)
2026-09-16T14:40:37.027+09:00  WARN 1 --- [item-bank-api] [nio-8080-exec-7] o.h.engine.jdbc.spi.SqlExceptionHelper   : SQL Error: 0, SQLState: null
2026-09-16T14:40:37.027+09:00 ERROR 1 --- [item-bank-api] [nio-8080-exec-7] o.h.engine.jdbc.spi.SqlExceptionHelper   : itembank-pool - Connection is not available, request timed out after 3000ms (total=5, active=5, idle=0, waiting=1)
2026-09-16T14:40:37.028+09:00 ERROR 1 --- [item-bank-api] [nio-8080-exec-7] c.example.common.GlobalExceptionHandler  : unhandled exception on /api/units/M6-1/items
org.springframework.transaction.CannotCreateTransactionException: Could not open JPA EntityManager for transaction
	at org.springframework.orm.jpa.JpaTransactionManager.doBegin(JpaTransactionManager.java:466)
	at org.springframework.transaction.support.AbstractPlatformTransactionManager.startTransaction(AbstractPlatformTransactionManager.java:531)
	at org.springframework.transaction.support.AbstractPlatformTransactionManager.getTransaction(AbstractPlatformTransactionManager.java:405)
	at org.springframework.transaction.interceptor.TransactionAspectSupport.createTransactionIfNecessary(TransactionAspectSupport.java:617)
	at org.springframework.transaction.interceptor.TransactionAspectSupport.invokeWithinTransaction(TransactionAspectSupport.java:386)
	at org.springframework.transaction.interceptor.TransactionInterceptor.invoke(TransactionInterceptor.java:119)
	at org.springframework.aop.framework.ReflectiveMethodInvocation.proceed(ReflectiveMethodInvocation.java:184)
	at org.springframework.aop.framework.CglibAopProxy$DynamicAdvisedInterceptor.intercept(CglibAopProxy.java:720)
	at com.example.item.ItemService$$SpringCGLIB$$0.listActiveItemsByUnit(<generated>)
	at com.example.item.ItemController.listItemsByUnit(ItemController.java:31)
	at java.base/jdk.internal.reflect.DirectMethodHandleAccessor.invoke(DirectMethodHandleAccessor.java:103)
	at java.base/java.lang.reflect.Method.invoke(Method.java:580)
	... 48 more
Caused by: org.hibernate.exception.JDBCConnectionException: Unable to acquire JDBC Connection [itembank-pool - Connection is not available, request timed out after 3000ms (total=5, active=5, idle=0, waiting=1)] [n/a]
	at org.hibernate.exception.internal.SQLStateConversionDelegate.convert(SQLStateConversionDelegate.java:100)
	at org.hibernate.exception.internal.StandardSQLExceptionConverter.convert(StandardSQLExceptionConverter.java:58)
	at org.hibernate.engine.jdbc.spi.SqlExceptionHelper.convert(SqlExceptionHelper.java:108)
	at org.hibernate.resource.jdbc.internal.LogicalConnectionManagedImpl.acquireConnectionIfNeeded(LogicalConnectionManagedImpl.java:116)
	at org.hibernate.resource.jdbc.internal.LogicalConnectionManagedImpl.getPhysicalConnection(LogicalConnectionManagedImpl.java:143)
	at org.springframework.orm.jpa.vendor.HibernateJpaDialect.beginTransaction(HibernateJpaDialect.java:164)
	at org.springframework.orm.jpa.JpaTransactionManager.doBegin(JpaTransactionManager.java:420)
	... 58 common frames omitted
Caused by: java.sql.SQLTransientConnectionException: itembank-pool - Connection is not available, request timed out after 3000ms (total=5, active=5, idle=0, waiting=1)
	at com.zaxxer.hikari.pool.HikariPool.createTimeoutException(HikariPool.java:686)
	at com.zaxxer.hikari.pool.HikariPool.getConnection(HikariPool.java:179)
	at com.zaxxer.hikari.pool.HikariPool.getConnection(HikariPool.java:144)
	at com.zaxxer.hikari.HikariDataSource.getConnection(HikariDataSource.java:127)
	at org.hibernate.engine.jdbc.connections.internal.DatasourceConnectionProviderImpl.getConnection(DatasourceConnectionProviderImpl.java:122)
	at org.hibernate.internal.NonContextualJdbcConnectionAccess.obtainConnection(NonContextualJdbcConnectionAccess.java:46)
	at org.hibernate.resource.jdbc.internal.LogicalConnectionManagedImpl.acquireConnectionIfNeeded(LogicalConnectionManagedImpl.java:113)
	... 65 common frames omitted
2026-09-16T14:40:40.295+09:00  INFO 1 --- [item-bank-api] [nio-8080-exec-9] com.example.assignment.ReportService     : built class report for class 2: 3 distributions, 10 submissions
2026-09-16T14:40:40.297+09:00  INFO 1 --- [item-bank-api] [nio-8080-exec-9] com.zaxxer.hikari.pool.ProxyLeakTask     : Previously reported leaked connection org.mariadb.jdbc.Connection@6e8f14d3 on thread http-nio-8080-exec-9 was returned to the pool (unleaked)
2026-09-16T14:40:41.872+09:00  WARN 1 --- [item-bank-api] [ool housekeeper] com.zaxxer.hikari.pool.ProxyLeakTask     : Connection leak detection triggered for org.mariadb.jdbc.Connection@5b0e9e0c on thread http-nio-8080-exec-8, stack trace follows
java.lang.Exception: Apparent connection leak detected
	at com.zaxxer.hikari.HikariDataSource.getConnection(HikariDataSource.java:127)
	at org.hibernate.engine.jdbc.connections.internal.DatasourceConnectionProviderImpl.getConnection(DatasourceConnectionProviderImpl.java:122)
	at org.hibernate.internal.NonContextualJdbcConnectionAccess.obtainConnection(NonContextualJdbcConnectionAccess.java:46)
	at org.hibernate.resource.jdbc.internal.LogicalConnectionManagedImpl.acquireConnectionIfNeeded(LogicalConnectionManagedImpl.java:113)
	at org.springframework.orm.jpa.vendor.HibernateJpaDialect.beginTransaction(HibernateJpaDialect.java:164)
	at org.springframework.orm.jpa.JpaTransactionManager.doBegin(JpaTransactionManager.java:420)
	at org.springframework.transaction.interceptor.TransactionAspectSupport.invokeWithinTransaction(TransactionAspectSupport.java:386)
	at org.springframework.transaction.interceptor.TransactionInterceptor.invoke(TransactionInterceptor.java:119)
	at com.example.assignment.ReportService$$SpringCGLIB$$0.buildClassReport(<generated>)
	at com.example.assignment.ReportController.classReport(ReportController.java:22)
	at java.base/jdk.internal.reflect.DirectMethodHandleAccessor.invoke(DirectMethodHandleAccessor.java:103)
	at java.base/java.lang.reflect.Method.invoke(Method.java:580)
	at org.springframework.web.method.support.InvocableHandlerMethod.doInvoke(InvocableHandlerMethod.java:255)
2026-09-16T14:40:42.038+09:00  INFO 1 --- [item-bank-api] [nio-8080-exec-3] com.example.assignment.ReportService     : built class report for class 3: 3 distributions, 10 submissions
2026-09-16T14:40:42.040+09:00  INFO 1 --- [item-bank-api] [nio-8080-exec-3] com.zaxxer.hikari.pool.ProxyLeakTask     : Previously reported leaked connection org.mariadb.jdbc.Connection@71d4b8e2 on thread http-nio-8080-exec-3 was returned to the pool (unleaked)
2026-09-16T14:40:43.329+09:00  WARN 1 --- [item-bank-api] [ool housekeeper] com.zaxxer.hikari.pool.ProxyLeakTask     : Connection leak detection triggered for org.mariadb.jdbc.Connection@2ac19f07 on thread http-nio-8080-exec-4, stack trace follows
java.lang.Exception: Apparent connection leak detected
	at com.zaxxer.hikari.HikariDataSource.getConnection(HikariDataSource.java:127)
	at org.hibernate.engine.jdbc.connections.internal.DatasourceConnectionProviderImpl.getConnection(DatasourceConnectionProviderImpl.java:122)
	at org.hibernate.internal.NonContextualJdbcConnectionAccess.obtainConnection(NonContextualJdbcConnectionAccess.java:46)
	at org.hibernate.resource.jdbc.internal.LogicalConnectionManagedImpl.acquireConnectionIfNeeded(LogicalConnectionManagedImpl.java:113)
	at org.springframework.orm.jpa.vendor.HibernateJpaDialect.beginTransaction(HibernateJpaDialect.java:164)
	at org.springframework.orm.jpa.JpaTransactionManager.doBegin(JpaTransactionManager.java:420)
	at org.springframework.transaction.interceptor.TransactionAspectSupport.invokeWithinTransaction(TransactionAspectSupport.java:386)
	at org.springframework.transaction.interceptor.TransactionInterceptor.invoke(TransactionInterceptor.java:119)
	at com.example.assignment.ReportService$$SpringCGLIB$$0.buildClassReport(<generated>)
	at com.example.assignment.ReportController.classReport(ReportController.java:22)
	at java.base/jdk.internal.reflect.DirectMethodHandleAccessor.invoke(DirectMethodHandleAccessor.java:103)
	at java.base/java.lang.reflect.Method.invoke(Method.java:580)
	at org.springframework.web.method.support.InvocableHandlerMethod.doInvoke(InvocableHandlerMethod.java:255)
2026-09-16T14:40:44.356+09:00  INFO 1 --- [item-bank-api] [nio-8080-exec-5] com.example.assignment.ReportService     : built class report for class 1: 3 distributions, 10 submissions
2026-09-16T14:40:44.358+09:00  INFO 1 --- [item-bank-api] [nio-8080-exec-5] com.zaxxer.hikari.pool.ProxyLeakTask     : Previously reported leaked connection org.mariadb.jdbc.Connection@3f6c2a91 on thread http-nio-8080-exec-5 was returned to the pool (unleaked)
2026-09-16T14:40:50.616+09:00  INFO 1 --- [item-bank-api] [nio-8080-exec-4] com.example.assignment.ReportService     : built class report for class 3: 3 distributions, 10 submissions
2026-09-16T14:40:50.618+09:00  INFO 1 --- [item-bank-api] [nio-8080-exec-4] com.zaxxer.hikari.pool.ProxyLeakTask     : Previously reported leaked connection org.mariadb.jdbc.Connection@2ac19f07 on thread http-nio-8080-exec-4 was returned to the pool (unleaked)
2026-09-16T14:40:51.093+09:00  INFO 1 --- [item-bank-api] [nio-8080-exec-8] com.example.assignment.ReportService     : built class report for class 1: 3 distributions, 10 submissions
2026-09-16T14:40:51.095+09:00  INFO 1 --- [item-bank-api] [nio-8080-exec-8] com.zaxxer.hikari.pool.ProxyLeakTask     : Previously reported leaked connection org.mariadb.jdbc.Connection@5b0e9e0c on thread http-nio-8080-exec-8 was returned to the pool (unleaked)
2026-09-16T14:40:52.086+09:00  WARN 1 --- [item-bank-api] [ool housekeeper] com.zaxxer.hikari.pool.ProxyLeakTask     : Connection leak detection triggered for org.mariadb.jdbc.Connection@6e8f14d3 on thread http-nio-8080-exec-2, stack trace follows
java.lang.Exception: Apparent connection leak detected
	at com.zaxxer.hikari.HikariDataSource.getConnection(HikariDataSource.java:127)
	at org.hibernate.engine.jdbc.connections.internal.DatasourceConnectionProviderImpl.getConnection(DatasourceConnectionProviderImpl.java:122)
	at org.hibernate.internal.NonContextualJdbcConnectionAccess.obtainConnection(NonContextualJdbcConnectionAccess.java:46)
	at org.hibernate.resource.jdbc.internal.LogicalConnectionManagedImpl.acquireConnectionIfNeeded(LogicalConnectionManagedImpl.java:113)
	at org.springframework.orm.jpa.vendor.HibernateJpaDialect.beginTransaction(HibernateJpaDialect.java:164)
	at org.springframework.orm.jpa.JpaTransactionManager.doBegin(JpaTransactionManager.java:420)
	at org.springframework.transaction.interceptor.TransactionAspectSupport.invokeWithinTransaction(TransactionAspectSupport.java:386)
	at org.springframework.transaction.interceptor.TransactionInterceptor.invoke(TransactionInterceptor.java:119)
	at com.example.assignment.ReportService$$SpringCGLIB$$0.buildClassReport(<generated>)
	at com.example.assignment.ReportController.classReport(ReportController.java:22)
	at java.base/jdk.internal.reflect.DirectMethodHandleAccessor.invoke(DirectMethodHandleAccessor.java:103)
	at java.base/java.lang.reflect.Method.invoke(Method.java:580)
	at org.springframework.web.method.support.InvocableHandlerMethod.doInvoke(InvocableHandlerMethod.java:255)
2026-09-16T14:40:53.388+09:00  WARN 1 --- [item-bank-api] [nio-8080-exec-6] o.h.engine.jdbc.spi.SqlExceptionHelper   : SQL Error: 0, SQLState: null
2026-09-16T14:40:53.388+09:00 ERROR 1 --- [item-bank-api] [nio-8080-exec-6] o.h.engine.jdbc.spi.SqlExceptionHelper   : itembank-pool - Connection is not available, request timed out after 3000ms (total=5, active=5, idle=0, waiting=4)
2026-09-16T14:40:53.389+09:00 ERROR 1 --- [item-bank-api] [nio-8080-exec-6] c.example.common.GlobalExceptionHandler  : unhandled exception on /api/units
org.springframework.transaction.CannotCreateTransactionException: Could not open JPA EntityManager for transaction
	at org.springframework.orm.jpa.JpaTransactionManager.doBegin(JpaTransactionManager.java:466)
	at org.springframework.transaction.support.AbstractPlatformTransactionManager.startTransaction(AbstractPlatformTransactionManager.java:531)
	at org.springframework.transaction.support.AbstractPlatformTransactionManager.getTransaction(AbstractPlatformTransactionManager.java:405)
	at org.springframework.transaction.interceptor.TransactionAspectSupport.createTransactionIfNecessary(TransactionAspectSupport.java:617)
	at org.springframework.transaction.interceptor.TransactionAspectSupport.invokeWithinTransaction(TransactionAspectSupport.java:386)
	at org.springframework.transaction.interceptor.TransactionInterceptor.invoke(TransactionInterceptor.java:119)
	at org.springframework.aop.framework.ReflectiveMethodInvocation.proceed(ReflectiveMethodInvocation.java:184)
	at org.springframework.aop.framework.CglibAopProxy$DynamicAdvisedInterceptor.intercept(CglibAopProxy.java:720)
	at com.example.item.UnitService$$SpringCGLIB$$0.listUnits(<generated>)
	at com.example.item.UnitController.listUnits(UnitController.java:22)
	at java.base/jdk.internal.reflect.DirectMethodHandleAccessor.invoke(DirectMethodHandleAccessor.java:103)
	at java.base/java.lang.reflect.Method.invoke(Method.java:580)
	... 48 more
Caused by: org.hibernate.exception.JDBCConnectionException: Unable to acquire JDBC Connection [itembank-pool - Connection is not available, request timed out after 3000ms (total=5, active=5, idle=0, waiting=4)] [n/a]
	at org.hibernate.exception.internal.SQLStateConversionDelegate.convert(SQLStateConversionDelegate.java:100)
	at org.hibernate.exception.internal.StandardSQLExceptionConverter.convert(StandardSQLExceptionConverter.java:58)
	at org.hibernate.engine.jdbc.spi.SqlExceptionHelper.convert(SqlExceptionHelper.java:108)
	at org.hibernate.resource.jdbc.internal.LogicalConnectionManagedImpl.acquireConnectionIfNeeded(LogicalConnectionManagedImpl.java:116)
	at org.hibernate.resource.jdbc.internal.LogicalConnectionManagedImpl.getPhysicalConnection(LogicalConnectionManagedImpl.java:143)
	at org.springframework.orm.jpa.vendor.HibernateJpaDialect.beginTransaction(HibernateJpaDialect.java:164)
	at org.springframework.orm.jpa.JpaTransactionManager.doBegin(JpaTransactionManager.java:420)
	... 58 common frames omitted
Caused by: java.sql.SQLTransientConnectionException: itembank-pool - Connection is not available, request timed out after 3000ms (total=5, active=5, idle=0, waiting=4)
	at com.zaxxer.hikari.pool.HikariPool.createTimeoutException(HikariPool.java:686)
	at com.zaxxer.hikari.pool.HikariPool.getConnection(HikariPool.java:179)
	at com.zaxxer.hikari.pool.HikariPool.getConnection(HikariPool.java:144)
	at com.zaxxer.hikari.HikariDataSource.getConnection(HikariDataSource.java:127)
	at org.hibernate.engine.jdbc.connections.internal.DatasourceConnectionProviderImpl.getConnection(DatasourceConnectionProviderImpl.java:122)
	at org.hibernate.internal.NonContextualJdbcConnectionAccess.obtainConnection(NonContextualJdbcConnectionAccess.java:46)
	at org.hibernate.resource.jdbc.internal.LogicalConnectionManagedImpl.acquireConnectionIfNeeded(LogicalConnectionManagedImpl.java:113)
	... 65 common frames omitted
2026-09-16T14:40:54.763+09:00  WARN 1 --- [item-bank-api] [ool housekeeper] com.zaxxer.hikari.pool.ProxyLeakTask     : Connection leak detection triggered for org.mariadb.jdbc.Connection@71d4b8e2 on thread http-nio-8080-exec-7, stack trace follows
java.lang.Exception: Apparent connection leak detected
	at com.zaxxer.hikari.HikariDataSource.getConnection(HikariDataSource.java:127)
	at org.hibernate.engine.jdbc.connections.internal.DatasourceConnectionProviderImpl.getConnection(DatasourceConnectionProviderImpl.java:122)
	at org.hibernate.internal.NonContextualJdbcConnectionAccess.obtainConnection(NonContextualJdbcConnectionAccess.java:46)
	at org.hibernate.resource.jdbc.internal.LogicalConnectionManagedImpl.acquireConnectionIfNeeded(LogicalConnectionManagedImpl.java:113)
	at org.springframework.orm.jpa.vendor.HibernateJpaDialect.beginTransaction(HibernateJpaDialect.java:164)
	at org.springframework.orm.jpa.JpaTransactionManager.doBegin(JpaTransactionManager.java:420)
	at org.springframework.transaction.interceptor.TransactionAspectSupport.invokeWithinTransaction(TransactionAspectSupport.java:386)
	at org.springframework.transaction.interceptor.TransactionInterceptor.invoke(TransactionInterceptor.java:119)
	at com.example.assignment.ReportService$$SpringCGLIB$$0.buildClassReport(<generated>)
	at com.example.assignment.ReportController.classReport(ReportController.java:22)
	at java.base/jdk.internal.reflect.DirectMethodHandleAccessor.invoke(DirectMethodHandleAccessor.java:103)
	at java.base/java.lang.reflect.Method.invoke(Method.java:580)
	at org.springframework.web.method.support.InvocableHandlerMethod.doInvoke(InvocableHandlerMethod.java:255)
2026-09-16T14:40:54.964+09:00  WARN 1 --- [item-bank-api] [nio-8080-exec-5] o.h.engine.jdbc.spi.SqlExceptionHelper   : SQL Error: 0, SQLState: null
2026-09-16T14:40:54.964+09:00 ERROR 1 --- [item-bank-api] [nio-8080-exec-5] o.h.engine.jdbc.spi.SqlExceptionHelper   : itembank-pool - Connection is not available, request timed out after 3000ms (total=5, active=5, idle=0, waiting=3)
2026-09-16T14:40:54.965+09:00 ERROR 1 --- [item-bank-api] [nio-8080-exec-5] c.example.common.GlobalExceptionHandler  : unhandled exception on /api/units
org.springframework.transaction.CannotCreateTransactionException: Could not open JPA EntityManager for transaction
	at org.springframework.orm.jpa.JpaTransactionManager.doBegin(JpaTransactionManager.java:466)
	at org.springframework.transaction.support.AbstractPlatformTransactionManager.startTransaction(AbstractPlatformTransactionManager.java:531)
	at org.springframework.transaction.support.AbstractPlatformTransactionManager.getTransaction(AbstractPlatformTransactionManager.java:405)
	at org.springframework.transaction.interceptor.TransactionAspectSupport.createTransactionIfNecessary(TransactionAspectSupport.java:617)
	at org.springframework.transaction.interceptor.TransactionAspectSupport.invokeWithinTransaction(TransactionAspectSupport.java:386)
	at org.springframework.transaction.interceptor.TransactionInterceptor.invoke(TransactionInterceptor.java:119)
	at org.springframework.aop.framework.ReflectiveMethodInvocation.proceed(ReflectiveMethodInvocation.java:184)
	at org.springframework.aop.framework.CglibAopProxy$DynamicAdvisedInterceptor.intercept(CglibAopProxy.java:720)
	at com.example.item.UnitService$$SpringCGLIB$$0.listUnits(<generated>)
	at com.example.item.UnitController.listUnits(UnitController.java:22)
	at java.base/jdk.internal.reflect.DirectMethodHandleAccessor.invoke(DirectMethodHandleAccessor.java:103)
	at java.base/java.lang.reflect.Method.invoke(Method.java:580)
	... 48 more
Caused by: org.hibernate.exception.JDBCConnectionException: Unable to acquire JDBC Connection [itembank-pool - Connection is not available, request timed out after 3000ms (total=5, active=5, idle=0, waiting=3)] [n/a]
	at org.hibernate.exception.internal.SQLStateConversionDelegate.convert(SQLStateConversionDelegate.java:100)
	at org.hibernate.exception.internal.StandardSQLExceptionConverter.convert(StandardSQLExceptionConverter.java:58)
	at org.hibernate.engine.jdbc.spi.SqlExceptionHelper.convert(SqlExceptionHelper.java:108)
	at org.hibernate.resource.jdbc.internal.LogicalConnectionManagedImpl.acquireConnectionIfNeeded(LogicalConnectionManagedImpl.java:116)
	at org.hibernate.resource.jdbc.internal.LogicalConnectionManagedImpl.getPhysicalConnection(LogicalConnectionManagedImpl.java:143)
	at org.springframework.orm.jpa.vendor.HibernateJpaDialect.beginTransaction(HibernateJpaDialect.java:164)
	at org.springframework.orm.jpa.JpaTransactionManager.doBegin(JpaTransactionManager.java:420)
	... 58 common frames omitted
Caused by: java.sql.SQLTransientConnectionException: itembank-pool - Connection is not available, request timed out after 3000ms (total=5, active=5, idle=0, waiting=3)
	at com.zaxxer.hikari.pool.HikariPool.createTimeoutException(HikariPool.java:686)
	at com.zaxxer.hikari.pool.HikariPool.getConnection(HikariPool.java:179)
	at com.zaxxer.hikari.pool.HikariPool.getConnection(HikariPool.java:144)
	at com.zaxxer.hikari.HikariDataSource.getConnection(HikariDataSource.java:127)
	at org.hibernate.engine.jdbc.connections.internal.DatasourceConnectionProviderImpl.getConnection(DatasourceConnectionProviderImpl.java:122)
	at org.hibernate.internal.NonContextualJdbcConnectionAccess.obtainConnection(NonContextualJdbcConnectionAccess.java:46)
	at org.hibernate.resource.jdbc.internal.LogicalConnectionManagedImpl.acquireConnectionIfNeeded(LogicalConnectionManagedImpl.java:113)
	... 65 common frames omitted
2026-09-16T14:40:55.805+09:00  WARN 1 --- [item-bank-api] [io-8080-exec-11] o.h.engine.jdbc.spi.SqlExceptionHelper   : SQL Error: 0, SQLState: null
2026-09-16T14:40:55.805+09:00 ERROR 1 --- [item-bank-api] [io-8080-exec-11] o.h.engine.jdbc.spi.SqlExceptionHelper   : itembank-pool - Connection is not available, request timed out after 3000ms (total=5, active=5, idle=0, waiting=2)
2026-09-16T14:40:55.806+09:00 ERROR 1 --- [item-bank-api] [io-8080-exec-11] c.example.common.GlobalExceptionHandler  : unhandled exception on /api/units/M5-3/items
org.springframework.transaction.CannotCreateTransactionException: Could not open JPA EntityManager for transaction
	at org.springframework.orm.jpa.JpaTransactionManager.doBegin(JpaTransactionManager.java:466)
	at org.springframework.transaction.support.AbstractPlatformTransactionManager.startTransaction(AbstractPlatformTransactionManager.java:531)
	at org.springframework.transaction.support.AbstractPlatformTransactionManager.getTransaction(AbstractPlatformTransactionManager.java:405)
	at org.springframework.transaction.interceptor.TransactionAspectSupport.createTransactionIfNecessary(TransactionAspectSupport.java:617)
	at org.springframework.transaction.interceptor.TransactionAspectSupport.invokeWithinTransaction(TransactionAspectSupport.java:386)
	at org.springframework.transaction.interceptor.TransactionInterceptor.invoke(TransactionInterceptor.java:119)
	at org.springframework.aop.framework.ReflectiveMethodInvocation.proceed(ReflectiveMethodInvocation.java:184)
	at org.springframework.aop.framework.CglibAopProxy$DynamicAdvisedInterceptor.intercept(CglibAopProxy.java:720)
	at com.example.item.ItemService$$SpringCGLIB$$0.listActiveItemsByUnit(<generated>)
	at com.example.item.ItemController.listItemsByUnit(ItemController.java:31)
	at java.base/jdk.internal.reflect.DirectMethodHandleAccessor.invoke(DirectMethodHandleAccessor.java:103)
	at java.base/java.lang.reflect.Method.invoke(Method.java:580)
	... 48 more
Caused by: org.hibernate.exception.JDBCConnectionException: Unable to acquire JDBC Connection [itembank-pool - Connection is not available, request timed out after 3000ms (total=5, active=5, idle=0, waiting=2)] [n/a]
	at org.hibernate.exception.internal.SQLStateConversionDelegate.convert(SQLStateConversionDelegate.java:100)
	at org.hibernate.exception.internal.StandardSQLExceptionConverter.convert(StandardSQLExceptionConverter.java:58)
	at org.hibernate.engine.jdbc.spi.SqlExceptionHelper.convert(SqlExceptionHelper.java:108)
	at org.hibernate.resource.jdbc.internal.LogicalConnectionManagedImpl.acquireConnectionIfNeeded(LogicalConnectionManagedImpl.java:116)
	at org.hibernate.resource.jdbc.internal.LogicalConnectionManagedImpl.getPhysicalConnection(LogicalConnectionManagedImpl.java:143)
	at org.springframework.orm.jpa.vendor.HibernateJpaDialect.beginTransaction(HibernateJpaDialect.java:164)
	at org.springframework.orm.jpa.JpaTransactionManager.doBegin(JpaTransactionManager.java:420)
	... 58 common frames omitted
Caused by: java.sql.SQLTransientConnectionException: itembank-pool - Connection is not available, request timed out after 3000ms (total=5, active=5, idle=0, waiting=2)
	at com.zaxxer.hikari.pool.HikariPool.createTimeoutException(HikariPool.java:686)
	at com.zaxxer.hikari.pool.HikariPool.getConnection(HikariPool.java:179)
	at com.zaxxer.hikari.pool.HikariPool.getConnection(HikariPool.java:144)
	at com.zaxxer.hikari.HikariDataSource.getConnection(HikariDataSource.java:127)
	at org.hibernate.engine.jdbc.connections.internal.DatasourceConnectionProviderImpl.getConnection(DatasourceConnectionProviderImpl.java:122)
	at org.hibernate.internal.NonContextualJdbcConnectionAccess.obtainConnection(NonContextualJdbcConnectionAccess.java:46)
	at org.hibernate.resource.jdbc.internal.LogicalConnectionManagedImpl.acquireConnectionIfNeeded(LogicalConnectionManagedImpl.java:113)
	... 65 common frames omitted
2026-09-16T14:40:55.918+09:00  WARN 1 --- [item-bank-api] [nio-8080-exec-4] o.h.engine.jdbc.spi.SqlExceptionHelper   : SQL Error: 0, SQLState: null
2026-09-16T14:40:55.918+09:00 ERROR 1 --- [item-bank-api] [nio-8080-exec-4] o.h.engine.jdbc.spi.SqlExceptionHelper   : itembank-pool - Connection is not available, request timed out after 3000ms (total=5, active=5, idle=0, waiting=1)
2026-09-16T14:40:55.919+09:00 ERROR 1 --- [item-bank-api] [nio-8080-exec-4] c.example.common.GlobalExceptionHandler  : unhandled exception on /api/distributions/5
org.springframework.transaction.CannotCreateTransactionException: Could not open JPA EntityManager for transaction
	at org.springframework.orm.jpa.JpaTransactionManager.doBegin(JpaTransactionManager.java:466)
	at org.springframework.transaction.support.AbstractPlatformTransactionManager.startTransaction(AbstractPlatformTransactionManager.java:531)
	at org.springframework.transaction.support.AbstractPlatformTransactionManager.getTransaction(AbstractPlatformTransactionManager.java:405)
	at org.springframework.transaction.interceptor.TransactionAspectSupport.createTransactionIfNecessary(TransactionAspectSupport.java:617)
	at org.springframework.transaction.interceptor.TransactionAspectSupport.invokeWithinTransaction(TransactionAspectSupport.java:386)
	at org.springframework.transaction.interceptor.TransactionInterceptor.invoke(TransactionInterceptor.java:119)
	at org.springframework.aop.framework.ReflectiveMethodInvocation.proceed(ReflectiveMethodInvocation.java:184)
	at org.springframework.aop.framework.CglibAopProxy$DynamicAdvisedInterceptor.intercept(CglibAopProxy.java:720)
	at com.example.assignment.DistributionService$$SpringCGLIB$$0.getDistribution(<generated>)
	at com.example.assignment.DistributionController.getDistribution(DistributionController.java:26)
	at java.base/jdk.internal.reflect.DirectMethodHandleAccessor.invoke(DirectMethodHandleAccessor.java:103)
	at java.base/java.lang.reflect.Method.invoke(Method.java:580)
	... 48 more
Caused by: org.hibernate.exception.JDBCConnectionException: Unable to acquire JDBC Connection [itembank-pool - Connection is not available, request timed out after 3000ms (total=5, active=5, idle=0, waiting=1)] [n/a]
	at org.hibernate.exception.internal.SQLStateConversionDelegate.convert(SQLStateConversionDelegate.java:100)
	at org.hibernate.exception.internal.StandardSQLExceptionConverter.convert(StandardSQLExceptionConverter.java:58)
	at org.hibernate.engine.jdbc.spi.SqlExceptionHelper.convert(SqlExceptionHelper.java:108)
	at org.hibernate.resource.jdbc.internal.LogicalConnectionManagedImpl.acquireConnectionIfNeeded(LogicalConnectionManagedImpl.java:116)
	at org.hibernate.resource.jdbc.internal.LogicalConnectionManagedImpl.getPhysicalConnection(LogicalConnectionManagedImpl.java:143)
	at org.springframework.orm.jpa.vendor.HibernateJpaDialect.beginTransaction(HibernateJpaDialect.java:164)
	at org.springframework.orm.jpa.JpaTransactionManager.doBegin(JpaTransactionManager.java:420)
	... 58 common frames omitted
Caused by: java.sql.SQLTransientConnectionException: itembank-pool - Connection is not available, request timed out after 3000ms (total=5, active=5, idle=0, waiting=1)
	at com.zaxxer.hikari.pool.HikariPool.createTimeoutException(HikariPool.java:686)
	at com.zaxxer.hikari.pool.HikariPool.getConnection(HikariPool.java:179)
	at com.zaxxer.hikari.pool.HikariPool.getConnection(HikariPool.java:144)
	at com.zaxxer.hikari.HikariDataSource.getConnection(HikariDataSource.java:127)
	at org.hibernate.engine.jdbc.connections.internal.DatasourceConnectionProviderImpl.getConnection(DatasourceConnectionProviderImpl.java:122)
	at org.hibernate.internal.NonContextualJdbcConnectionAccess.obtainConnection(NonContextualJdbcConnectionAccess.java:46)
	at org.hibernate.resource.jdbc.internal.LogicalConnectionManagedImpl.acquireConnectionIfNeeded(LogicalConnectionManagedImpl.java:113)
	... 65 common frames omitted
2026-09-16T14:40:57.407+09:00  WARN 1 --- [item-bank-api] [ool housekeeper] com.zaxxer.hikari.pool.ProxyLeakTask     : Connection leak detection triggered for org.mariadb.jdbc.Connection@3f6c2a91 on thread http-nio-8080-exec-1, stack trace follows
java.lang.Exception: Apparent connection leak detected
	at com.zaxxer.hikari.HikariDataSource.getConnection(HikariDataSource.java:127)
	at org.hibernate.engine.jdbc.connections.internal.DatasourceConnectionProviderImpl.getConnection(DatasourceConnectionProviderImpl.java:122)
	at org.hibernate.internal.NonContextualJdbcConnectionAccess.obtainConnection(NonContextualJdbcConnectionAccess.java:46)
	at org.hibernate.resource.jdbc.internal.LogicalConnectionManagedImpl.acquireConnectionIfNeeded(LogicalConnectionManagedImpl.java:113)
	at org.springframework.orm.jpa.vendor.HibernateJpaDialect.beginTransaction(HibernateJpaDialect.java:164)
	at org.springframework.orm.jpa.JpaTransactionManager.doBegin(JpaTransactionManager.java:420)
	at org.springframework.transaction.interceptor.TransactionAspectSupport.invokeWithinTransaction(TransactionAspectSupport.java:386)
	at org.springframework.transaction.interceptor.TransactionInterceptor.invoke(TransactionInterceptor.java:119)
	at com.example.assignment.ReportService$$SpringCGLIB$$0.buildClassReport(<generated>)
	at com.example.assignment.ReportController.classReport(ReportController.java:22)
	at java.base/jdk.internal.reflect.DirectMethodHandleAccessor.invoke(DirectMethodHandleAccessor.java:103)
	at java.base/java.lang.reflect.Method.invoke(Method.java:580)
	at org.springframework.web.method.support.InvocableHandlerMethod.doInvoke(InvocableHandlerMethod.java:255)
2026-09-16T14:40:58.967+09:00  WARN 1 --- [item-bank-api] [nio-8080-exec-8] o.h.engine.jdbc.spi.SqlExceptionHelper   : SQL Error: 0, SQLState: null
2026-09-16T14:40:58.967+09:00 ERROR 1 --- [item-bank-api] [nio-8080-exec-8] o.h.engine.jdbc.spi.SqlExceptionHelper   : itembank-pool - Connection is not available, request timed out after 3000ms (total=5, active=5, idle=0, waiting=3)
2026-09-16T14:40:58.968+09:00 ERROR 1 --- [item-bank-api] [nio-8080-exec-8] c.example.common.GlobalExceptionHandler  : unhandled exception on /api/units/M6-1/items
org.springframework.transaction.CannotCreateTransactionException: Could not open JPA EntityManager for transaction
	at org.springframework.orm.jpa.JpaTransactionManager.doBegin(JpaTransactionManager.java:466)
	at org.springframework.transaction.support.AbstractPlatformTransactionManager.startTransaction(AbstractPlatformTransactionManager.java:531)
	at org.springframework.transaction.support.AbstractPlatformTransactionManager.getTransaction(AbstractPlatformTransactionManager.java:405)
	at org.springframework.transaction.interceptor.TransactionAspectSupport.createTransactionIfNecessary(TransactionAspectSupport.java:617)
	at org.springframework.transaction.interceptor.TransactionAspectSupport.invokeWithinTransaction(TransactionAspectSupport.java:386)
	at org.springframework.transaction.interceptor.TransactionInterceptor.invoke(TransactionInterceptor.java:119)
	at org.springframework.aop.framework.ReflectiveMethodInvocation.proceed(ReflectiveMethodInvocation.java:184)
	at org.springframework.aop.framework.CglibAopProxy$DynamicAdvisedInterceptor.intercept(CglibAopProxy.java:720)
	at com.example.item.ItemService$$SpringCGLIB$$0.listActiveItemsByUnit(<generated>)
	at com.example.item.ItemController.listItemsByUnit(ItemController.java:31)
	at java.base/jdk.internal.reflect.DirectMethodHandleAccessor.invoke(DirectMethodHandleAccessor.java:103)
	at java.base/java.lang.reflect.Method.invoke(Method.java:580)
	... 48 more
Caused by: org.hibernate.exception.JDBCConnectionException: Unable to acquire JDBC Connection [itembank-pool - Connection is not available, request timed out after 3000ms (total=5, active=5, idle=0, waiting=3)] [n/a]
	at org.hibernate.exception.internal.SQLStateConversionDelegate.convert(SQLStateConversionDelegate.java:100)
	at org.hibernate.exception.internal.StandardSQLExceptionConverter.convert(StandardSQLExceptionConverter.java:58)
	at org.hibernate.engine.jdbc.spi.SqlExceptionHelper.convert(SqlExceptionHelper.java:108)
	at org.hibernate.resource.jdbc.internal.LogicalConnectionManagedImpl.acquireConnectionIfNeeded(LogicalConnectionManagedImpl.java:116)
	at org.hibernate.resource.jdbc.internal.LogicalConnectionManagedImpl.getPhysicalConnection(LogicalConnectionManagedImpl.java:143)
	at org.springframework.orm.jpa.vendor.HibernateJpaDialect.beginTransaction(HibernateJpaDialect.java:164)
	at org.springframework.orm.jpa.JpaTransactionManager.doBegin(JpaTransactionManager.java:420)
	... 58 common frames omitted
Caused by: java.sql.SQLTransientConnectionException: itembank-pool - Connection is not available, request timed out after 3000ms (total=5, active=5, idle=0, waiting=3)
	at com.zaxxer.hikari.pool.HikariPool.createTimeoutException(HikariPool.java:686)
	at com.zaxxer.hikari.pool.HikariPool.getConnection(HikariPool.java:179)
	at com.zaxxer.hikari.pool.HikariPool.getConnection(HikariPool.java:144)
	at com.zaxxer.hikari.HikariDataSource.getConnection(HikariDataSource.java:127)
	at org.hibernate.engine.jdbc.connections.internal.DatasourceConnectionProviderImpl.getConnection(DatasourceConnectionProviderImpl.java:122)
	at org.hibernate.internal.NonContextualJdbcConnectionAccess.obtainConnection(NonContextualJdbcConnectionAccess.java:46)
	at org.hibernate.resource.jdbc.internal.LogicalConnectionManagedImpl.acquireConnectionIfNeeded(LogicalConnectionManagedImpl.java:113)
	... 65 common frames omitted
2026-09-16T14:40:59.858+09:00  WARN 1 --- [item-bank-api] [nio-8080-exec-6] o.h.engine.jdbc.spi.SqlExceptionHelper   : SQL Error: 0, SQLState: null
2026-09-16T14:40:59.858+09:00 ERROR 1 --- [item-bank-api] [nio-8080-exec-6] o.h.engine.jdbc.spi.SqlExceptionHelper   : itembank-pool - Connection is not available, request timed out after 3000ms (total=5, active=5, idle=0, waiting=3)
2026-09-16T14:40:59.859+09:00 ERROR 1 --- [item-bank-api] [nio-8080-exec-6] c.example.common.GlobalExceptionHandler  : unhandled exception on /api/distributions/4
org.springframework.transaction.CannotCreateTransactionException: Could not open JPA EntityManager for transaction
	at org.springframework.orm.jpa.JpaTransactionManager.doBegin(JpaTransactionManager.java:466)
	at org.springframework.transaction.support.AbstractPlatformTransactionManager.startTransaction(AbstractPlatformTransactionManager.java:531)
	at org.springframework.transaction.support.AbstractPlatformTransactionManager.getTransaction(AbstractPlatformTransactionManager.java:405)
	at org.springframework.transaction.interceptor.TransactionAspectSupport.createTransactionIfNecessary(TransactionAspectSupport.java:617)
	at org.springframework.transaction.interceptor.TransactionAspectSupport.invokeWithinTransaction(TransactionAspectSupport.java:386)
	at org.springframework.transaction.interceptor.TransactionInterceptor.invoke(TransactionInterceptor.java:119)
	at org.springframework.aop.framework.ReflectiveMethodInvocation.proceed(ReflectiveMethodInvocation.java:184)
	at org.springframework.aop.framework.CglibAopProxy$DynamicAdvisedInterceptor.intercept(CglibAopProxy.java:720)
	at com.example.assignment.DistributionService$$SpringCGLIB$$0.getDistribution(<generated>)
	at com.example.assignment.DistributionController.getDistribution(DistributionController.java:26)
	at java.base/jdk.internal.reflect.DirectMethodHandleAccessor.invoke(DirectMethodHandleAccessor.java:103)
	at java.base/java.lang.reflect.Method.invoke(Method.java:580)
	... 48 more
Caused by: org.hibernate.exception.JDBCConnectionException: Unable to acquire JDBC Connection [itembank-pool - Connection is not available, request timed out after 3000ms (total=5, active=5, idle=0, waiting=3)] [n/a]
	at org.hibernate.exception.internal.SQLStateConversionDelegate.convert(SQLStateConversionDelegate.java:100)
	at org.hibernate.exception.internal.StandardSQLExceptionConverter.convert(StandardSQLExceptionConverter.java:58)
	at org.hibernate.engine.jdbc.spi.SqlExceptionHelper.convert(SqlExceptionHelper.java:108)
	at org.hibernate.resource.jdbc.internal.LogicalConnectionManagedImpl.acquireConnectionIfNeeded(LogicalConnectionManagedImpl.java:116)
	at org.hibernate.resource.jdbc.internal.LogicalConnectionManagedImpl.getPhysicalConnection(LogicalConnectionManagedImpl.java:143)
	at org.springframework.orm.jpa.vendor.HibernateJpaDialect.beginTransaction(HibernateJpaDialect.java:164)
	at org.springframework.orm.jpa.JpaTransactionManager.doBegin(JpaTransactionManager.java:420)
	... 58 common frames omitted
Caused by: java.sql.SQLTransientConnectionException: itembank-pool - Connection is not available, request timed out after 3000ms (total=5, active=5, idle=0, waiting=3)
	at com.zaxxer.hikari.pool.HikariPool.createTimeoutException(HikariPool.java:686)
	at com.zaxxer.hikari.pool.HikariPool.getConnection(HikariPool.java:179)
	at com.zaxxer.hikari.pool.HikariPool.getConnection(HikariPool.java:144)
	at com.zaxxer.hikari.HikariDataSource.getConnection(HikariDataSource.java:127)
	at org.hibernate.engine.jdbc.connections.internal.DatasourceConnectionProviderImpl.getConnection(DatasourceConnectionProviderImpl.java:122)
	at org.hibernate.internal.NonContextualJdbcConnectionAccess.obtainConnection(NonContextualJdbcConnectionAccess.java:46)
	at org.hibernate.resource.jdbc.internal.LogicalConnectionManagedImpl.acquireConnectionIfNeeded(LogicalConnectionManagedImpl.java:113)
	... 65 common frames omitted
2026-09-16T14:41:00.107+09:00  WARN 1 --- [item-bank-api] [nio-8080-exec-3] o.h.engine.jdbc.spi.SqlExceptionHelper   : SQL Error: 0, SQLState: null
2026-09-16T14:41:00.107+09:00 ERROR 1 --- [item-bank-api] [nio-8080-exec-3] o.h.engine.jdbc.spi.SqlExceptionHelper   : itembank-pool - Connection is not available, request timed out after 3000ms (total=5, active=5, idle=0, waiting=2)
2026-09-16T14:41:00.108+09:00 ERROR 1 --- [item-bank-api] [nio-8080-exec-3] c.example.common.GlobalExceptionHandler  : unhandled exception on /api/units
org.springframework.transaction.CannotCreateTransactionException: Could not open JPA EntityManager for transaction
	at org.springframework.orm.jpa.JpaTransactionManager.doBegin(JpaTransactionManager.java:466)
	at org.springframework.transaction.support.AbstractPlatformTransactionManager.startTransaction(AbstractPlatformTransactionManager.java:531)
	at org.springframework.transaction.support.AbstractPlatformTransactionManager.getTransaction(AbstractPlatformTransactionManager.java:405)
	at org.springframework.transaction.interceptor.TransactionAspectSupport.createTransactionIfNecessary(TransactionAspectSupport.java:617)
	at org.springframework.transaction.interceptor.TransactionAspectSupport.invokeWithinTransaction(TransactionAspectSupport.java:386)
	at org.springframework.transaction.interceptor.TransactionInterceptor.invoke(TransactionInterceptor.java:119)
	at org.springframework.aop.framework.ReflectiveMethodInvocation.proceed(ReflectiveMethodInvocation.java:184)
	at org.springframework.aop.framework.CglibAopProxy$DynamicAdvisedInterceptor.intercept(CglibAopProxy.java:720)
	at com.example.item.UnitService$$SpringCGLIB$$0.listUnits(<generated>)
	at com.example.item.UnitController.listUnits(UnitController.java:22)
	at java.base/jdk.internal.reflect.DirectMethodHandleAccessor.invoke(DirectMethodHandleAccessor.java:103)
	at java.base/java.lang.reflect.Method.invoke(Method.java:580)
	... 48 more
Caused by: org.hibernate.exception.JDBCConnectionException: Unable to acquire JDBC Connection [itembank-pool - Connection is not available, request timed out after 3000ms (total=5, active=5, idle=0, waiting=2)] [n/a]
	at org.hibernate.exception.internal.SQLStateConversionDelegate.convert(SQLStateConversionDelegate.java:100)
	at org.hibernate.exception.internal.StandardSQLExceptionConverter.convert(StandardSQLExceptionConverter.java:58)
	at org.hibernate.engine.jdbc.spi.SqlExceptionHelper.convert(SqlExceptionHelper.java:108)
	at org.hibernate.resource.jdbc.internal.LogicalConnectionManagedImpl.acquireConnectionIfNeeded(LogicalConnectionManagedImpl.java:116)
	at org.hibernate.resource.jdbc.internal.LogicalConnectionManagedImpl.getPhysicalConnection(LogicalConnectionManagedImpl.java:143)
	at org.springframework.orm.jpa.vendor.HibernateJpaDialect.beginTransaction(HibernateJpaDialect.java:164)
	at org.springframework.orm.jpa.JpaTransactionManager.doBegin(JpaTransactionManager.java:420)
	... 58 common frames omitted
Caused by: java.sql.SQLTransientConnectionException: itembank-pool - Connection is not available, request timed out after 3000ms (total=5, active=5, idle=0, waiting=2)
	at com.zaxxer.hikari.pool.HikariPool.createTimeoutException(HikariPool.java:686)
	at com.zaxxer.hikari.pool.HikariPool.getConnection(HikariPool.java:179)
	at com.zaxxer.hikari.pool.HikariPool.getConnection(HikariPool.java:144)
	at com.zaxxer.hikari.HikariDataSource.getConnection(HikariDataSource.java:127)
	at org.hibernate.engine.jdbc.connections.internal.DatasourceConnectionProviderImpl.getConnection(DatasourceConnectionProviderImpl.java:122)
	at org.hibernate.internal.NonContextualJdbcConnectionAccess.obtainConnection(NonContextualJdbcConnectionAccess.java:46)
	at org.hibernate.resource.jdbc.internal.LogicalConnectionManagedImpl.acquireConnectionIfNeeded(LogicalConnectionManagedImpl.java:113)
	... 65 common frames omitted
2026-09-16T14:41:00.628+09:00  WARN 1 --- [item-bank-api] [ool housekeeper] com.zaxxer.hikari.pool.ProxyLeakTask     : Connection leak detection triggered for org.mariadb.jdbc.Connection@2ac19f07 on thread http-nio-8080-exec-9, stack trace follows
java.lang.Exception: Apparent connection leak detected
	at com.zaxxer.hikari.HikariDataSource.getConnection(HikariDataSource.java:127)
	at org.hibernate.engine.jdbc.connections.internal.DatasourceConnectionProviderImpl.getConnection(DatasourceConnectionProviderImpl.java:122)
	at org.hibernate.internal.NonContextualJdbcConnectionAccess.obtainConnection(NonContextualJdbcConnectionAccess.java:46)
	at org.hibernate.resource.jdbc.internal.LogicalConnectionManagedImpl.acquireConnectionIfNeeded(LogicalConnectionManagedImpl.java:113)
	at org.springframework.orm.jpa.vendor.HibernateJpaDialect.beginTransaction(HibernateJpaDialect.java:164)
	at org.springframework.orm.jpa.JpaTransactionManager.doBegin(JpaTransactionManager.java:420)
	at org.springframework.transaction.interceptor.TransactionAspectSupport.invokeWithinTransaction(TransactionAspectSupport.java:386)
	at org.springframework.transaction.interceptor.TransactionInterceptor.invoke(TransactionInterceptor.java:119)
	at com.example.assignment.ReportService$$SpringCGLIB$$0.buildClassReport(<generated>)
	at com.example.assignment.ReportController.classReport(ReportController.java:22)
	at java.base/jdk.internal.reflect.DirectMethodHandleAccessor.invoke(DirectMethodHandleAccessor.java:103)
	at java.base/java.lang.reflect.Method.invoke(Method.java:580)
	at org.springframework.web.method.support.InvocableHandlerMethod.doInvoke(InvocableHandlerMethod.java:255)
2026-09-16T14:41:00.869+09:00  INFO 1 --- [item-bank-api] [nio-8080-exec-2] com.example.assignment.ReportService     : built class report for class 3: 3 distributions, 10 submissions
2026-09-16T14:41:00.871+09:00  INFO 1 --- [item-bank-api] [nio-8080-exec-2] com.zaxxer.hikari.pool.ProxyLeakTask     : Previously reported leaked connection org.mariadb.jdbc.Connection@6e8f14d3 on thread http-nio-8080-exec-2 was returned to the pool (unleaked)
2026-09-16T14:41:01.129+09:00  WARN 1 --- [item-bank-api] [ool housekeeper] com.zaxxer.hikari.pool.ProxyLeakTask     : Connection leak detection triggered for org.mariadb.jdbc.Connection@5b0e9e0c on thread http-nio-8080-exec-10, stack trace follows
java.lang.Exception: Apparent connection leak detected
	at com.zaxxer.hikari.HikariDataSource.getConnection(HikariDataSource.java:127)
	at org.hibernate.engine.jdbc.connections.internal.DatasourceConnectionProviderImpl.getConnection(DatasourceConnectionProviderImpl.java:122)
	at org.hibernate.internal.NonContextualJdbcConnectionAccess.obtainConnection(NonContextualJdbcConnectionAccess.java:46)
	at org.hibernate.resource.jdbc.internal.LogicalConnectionManagedImpl.acquireConnectionIfNeeded(LogicalConnectionManagedImpl.java:113)
	at org.springframework.orm.jpa.vendor.HibernateJpaDialect.beginTransaction(HibernateJpaDialect.java:164)
	at org.springframework.orm.jpa.JpaTransactionManager.doBegin(JpaTransactionManager.java:420)
	at org.springframework.transaction.interceptor.TransactionAspectSupport.invokeWithinTransaction(TransactionAspectSupport.java:386)
	at org.springframework.transaction.interceptor.TransactionInterceptor.invoke(TransactionInterceptor.java:119)
	at com.example.assignment.ReportService$$SpringCGLIB$$0.buildClassReport(<generated>)
	at com.example.assignment.ReportController.classReport(ReportController.java:22)
	at java.base/jdk.internal.reflect.DirectMethodHandleAccessor.invoke(DirectMethodHandleAccessor.java:103)
	at java.base/java.lang.reflect.Method.invoke(Method.java:580)
	at org.springframework.web.method.support.InvocableHandlerMethod.doInvoke(InvocableHandlerMethod.java:255)
2026-09-16T14:41:03.533+09:00  INFO 1 --- [item-bank-api] [nio-8080-exec-7] com.example.assignment.ReportService     : built class report for class 2: 3 distributions, 10 submissions
2026-09-16T14:41:03.535+09:00  INFO 1 --- [item-bank-api] [nio-8080-exec-7] com.zaxxer.hikari.pool.ProxyLeakTask     : Previously reported leaked connection org.mariadb.jdbc.Connection@71d4b8e2 on thread http-nio-8080-exec-7 was returned to the pool (unleaked)
2026-09-16T14:41:05.371+09:00  INFO 1 --- [item-bank-api] [nio-8080-exec-1] com.example.assignment.ReportService     : built class report for class 1: 3 distributions, 10 submissions
2026-09-16T14:41:05.373+09:00  INFO 1 --- [item-bank-api] [nio-8080-exec-1] com.zaxxer.hikari.pool.ProxyLeakTask     : Previously reported leaked connection org.mariadb.jdbc.Connection@3f6c2a91 on thread http-nio-8080-exec-1 was returned to the pool (unleaked)
2026-09-16T14:41:08.012+09:00  INFO 1 --- [item-bank-api] [io-8080-exec-10] com.example.assignment.ReportService     : built class report for class 3: 3 distributions, 10 submissions
2026-09-16T14:41:08.014+09:00  INFO 1 --- [item-bank-api] [io-8080-exec-10] com.zaxxer.hikari.pool.ProxyLeakTask     : Previously reported leaked connection org.mariadb.jdbc.Connection@5b0e9e0c on thread http-nio-8080-exec-10 was returned to the pool (unleaked)
2026-09-16T14:41:11.628+09:00  INFO 1 --- [item-bank-api] [nio-8080-exec-9] com.example.assignment.ReportService     : built class report for class 1: 3 distributions, 10 submissions
2026-09-16T14:41:11.630+09:00  INFO 1 --- [item-bank-api] [nio-8080-exec-9] com.zaxxer.hikari.pool.ProxyLeakTask     : Previously reported leaked connection org.mariadb.jdbc.Connection@2ac19f07 on thread http-nio-8080-exec-9 was returned to the pool (unleaked)
2026-09-16T14:41:13.267+09:00  WARN 1 --- [item-bank-api] [nio-8080-exec-3] o.h.engine.jdbc.spi.SqlExceptionHelper   : SQL Error: 0, SQLState: null
2026-09-16T14:41:13.267+09:00 ERROR 1 --- [item-bank-api] [nio-8080-exec-3] o.h.engine.jdbc.spi.SqlExceptionHelper   : itembank-pool - Connection is not available, request timed out after 3000ms (total=5, active=5, idle=0, waiting=5)
2026-09-16T14:41:13.268+09:00 ERROR 1 --- [item-bank-api] [nio-8080-exec-3] c.example.common.GlobalExceptionHandler  : unhandled exception on /api/units/M5-1/items
org.springframework.transaction.CannotCreateTransactionException: Could not open JPA EntityManager for transaction
	at org.springframework.orm.jpa.JpaTransactionManager.doBegin(JpaTransactionManager.java:466)
	at org.springframework.transaction.support.AbstractPlatformTransactionManager.startTransaction(AbstractPlatformTransactionManager.java:531)
	at org.springframework.transaction.support.AbstractPlatformTransactionManager.getTransaction(AbstractPlatformTransactionManager.java:405)
	at org.springframework.transaction.interceptor.TransactionAspectSupport.createTransactionIfNecessary(TransactionAspectSupport.java:617)
	at org.springframework.transaction.interceptor.TransactionAspectSupport.invokeWithinTransaction(TransactionAspectSupport.java:386)
	at org.springframework.transaction.interceptor.TransactionInterceptor.invoke(TransactionInterceptor.java:119)
	at org.springframework.aop.framework.ReflectiveMethodInvocation.proceed(ReflectiveMethodInvocation.java:184)
	at org.springframework.aop.framework.CglibAopProxy$DynamicAdvisedInterceptor.intercept(CglibAopProxy.java:720)
	at com.example.item.ItemService$$SpringCGLIB$$0.listActiveItemsByUnit(<generated>)
	at com.example.item.ItemController.listItemsByUnit(ItemController.java:31)
	at java.base/jdk.internal.reflect.DirectMethodHandleAccessor.invoke(DirectMethodHandleAccessor.java:103)
	at java.base/java.lang.reflect.Method.invoke(Method.java:580)
	... 48 more
Caused by: org.hibernate.exception.JDBCConnectionException: Unable to acquire JDBC Connection [itembank-pool - Connection is not available, request timed out after 3000ms (total=5, active=5, idle=0, waiting=5)] [n/a]
	at org.hibernate.exception.internal.SQLStateConversionDelegate.convert(SQLStateConversionDelegate.java:100)
	at org.hibernate.exception.internal.StandardSQLExceptionConverter.convert(StandardSQLExceptionConverter.java:58)
	at org.hibernate.engine.jdbc.spi.SqlExceptionHelper.convert(SqlExceptionHelper.java:108)
	at org.hibernate.resource.jdbc.internal.LogicalConnectionManagedImpl.acquireConnectionIfNeeded(LogicalConnectionManagedImpl.java:116)
	at org.hibernate.resource.jdbc.internal.LogicalConnectionManagedImpl.getPhysicalConnection(LogicalConnectionManagedImpl.java:143)
	at org.springframework.orm.jpa.vendor.HibernateJpaDialect.beginTransaction(HibernateJpaDialect.java:164)
	at org.springframework.orm.jpa.JpaTransactionManager.doBegin(JpaTransactionManager.java:420)
	... 58 common frames omitted
Caused by: java.sql.SQLTransientConnectionException: itembank-pool - Connection is not available, request timed out after 3000ms (total=5, active=5, idle=0, waiting=5)
	at com.zaxxer.hikari.pool.HikariPool.createTimeoutException(HikariPool.java:686)
	at com.zaxxer.hikari.pool.HikariPool.getConnection(HikariPool.java:179)
	at com.zaxxer.hikari.pool.HikariPool.getConnection(HikariPool.java:144)
	at com.zaxxer.hikari.HikariDataSource.getConnection(HikariDataSource.java:127)
	at org.hibernate.engine.jdbc.connections.internal.DatasourceConnectionProviderImpl.getConnection(DatasourceConnectionProviderImpl.java:122)
	at org.hibernate.internal.NonContextualJdbcConnectionAccess.obtainConnection(NonContextualJdbcConnectionAccess.java:46)
	at org.hibernate.resource.jdbc.internal.LogicalConnectionManagedImpl.acquireConnectionIfNeeded(LogicalConnectionManagedImpl.java:113)
	... 65 common frames omitted
2026-09-16T14:41:15.025+09:00  WARN 1 --- [item-bank-api] [ool housekeeper] com.zaxxer.hikari.pool.ProxyLeakTask     : Connection leak detection triggered for org.mariadb.jdbc.Connection@6e8f14d3 on thread http-nio-8080-exec-2, stack trace follows
java.lang.Exception: Apparent connection leak detected
	at com.zaxxer.hikari.HikariDataSource.getConnection(HikariDataSource.java:127)
	at org.hibernate.engine.jdbc.connections.internal.DatasourceConnectionProviderImpl.getConnection(DatasourceConnectionProviderImpl.java:122)
	at org.hibernate.internal.NonContextualJdbcConnectionAccess.obtainConnection(NonContextualJdbcConnectionAccess.java:46)
	at org.hibernate.resource.jdbc.internal.LogicalConnectionManagedImpl.acquireConnectionIfNeeded(LogicalConnectionManagedImpl.java:113)
	at org.springframework.orm.jpa.vendor.HibernateJpaDialect.beginTransaction(HibernateJpaDialect.java:164)
	at org.springframework.orm.jpa.JpaTransactionManager.doBegin(JpaTransactionManager.java:420)
	at org.springframework.transaction.interceptor.TransactionAspectSupport.invokeWithinTransaction(TransactionAspectSupport.java:386)
	at org.springframework.transaction.interceptor.TransactionInterceptor.invoke(TransactionInterceptor.java:119)
	at com.example.assignment.ReportService$$SpringCGLIB$$0.buildClassReport(<generated>)
	at com.example.assignment.ReportController.classReport(ReportController.java:22)
	at java.base/jdk.internal.reflect.DirectMethodHandleAccessor.invoke(DirectMethodHandleAccessor.java:103)
	at java.base/java.lang.reflect.Method.invoke(Method.java:580)
	at org.springframework.web.method.support.InvocableHandlerMethod.doInvoke(InvocableHandlerMethod.java:255)
2026-09-16T14:41:15.113+09:00  WARN 1 --- [item-bank-api] [io-8080-exec-10] o.h.engine.jdbc.spi.SqlExceptionHelper   : SQL Error: 0, SQLState: null
2026-09-16T14:41:15.113+09:00 ERROR 1 --- [item-bank-api] [io-8080-exec-10] o.h.engine.jdbc.spi.SqlExceptionHelper   : itembank-pool - Connection is not available, request timed out after 3000ms (total=5, active=5, idle=0, waiting=4)
2026-09-16T14:41:15.114+09:00 ERROR 1 --- [item-bank-api] [io-8080-exec-10] c.example.common.GlobalExceptionHandler  : unhandled exception on /api/distributions/1
org.springframework.transaction.CannotCreateTransactionException: Could not open JPA EntityManager for transaction
	at org.springframework.orm.jpa.JpaTransactionManager.doBegin(JpaTransactionManager.java:466)
	at org.springframework.transaction.support.AbstractPlatformTransactionManager.startTransaction(AbstractPlatformTransactionManager.java:531)
	at org.springframework.transaction.support.AbstractPlatformTransactionManager.getTransaction(AbstractPlatformTransactionManager.java:405)
	at org.springframework.transaction.interceptor.TransactionAspectSupport.createTransactionIfNecessary(TransactionAspectSupport.java:617)
	at org.springframework.transaction.interceptor.TransactionAspectSupport.invokeWithinTransaction(TransactionAspectSupport.java:386)
	at org.springframework.transaction.interceptor.TransactionInterceptor.invoke(TransactionInterceptor.java:119)
	at org.springframework.aop.framework.ReflectiveMethodInvocation.proceed(ReflectiveMethodInvocation.java:184)
	at org.springframework.aop.framework.CglibAopProxy$DynamicAdvisedInterceptor.intercept(CglibAopProxy.java:720)
	at com.example.assignment.DistributionService$$SpringCGLIB$$0.getDistribution(<generated>)
	at com.example.assignment.DistributionController.getDistribution(DistributionController.java:26)
	at java.base/jdk.internal.reflect.DirectMethodHandleAccessor.invoke(DirectMethodHandleAccessor.java:103)
	at java.base/java.lang.reflect.Method.invoke(Method.java:580)
	... 48 more
Caused by: org.hibernate.exception.JDBCConnectionException: Unable to acquire JDBC Connection [itembank-pool - Connection is not available, request timed out after 3000ms (total=5, active=5, idle=0, waiting=4)] [n/a]
	at org.hibernate.exception.internal.SQLStateConversionDelegate.convert(SQLStateConversionDelegate.java:100)
	at org.hibernate.exception.internal.StandardSQLExceptionConverter.convert(StandardSQLExceptionConverter.java:58)
	at org.hibernate.engine.jdbc.spi.SqlExceptionHelper.convert(SqlExceptionHelper.java:108)
	at org.hibernate.resource.jdbc.internal.LogicalConnectionManagedImpl.acquireConnectionIfNeeded(LogicalConnectionManagedImpl.java:116)
	at org.hibernate.resource.jdbc.internal.LogicalConnectionManagedImpl.getPhysicalConnection(LogicalConnectionManagedImpl.java:143)
	at org.springframework.orm.jpa.vendor.HibernateJpaDialect.beginTransaction(HibernateJpaDialect.java:164)
	at org.springframework.orm.jpa.JpaTransactionManager.doBegin(JpaTransactionManager.java:420)
	... 58 common frames omitted
Caused by: java.sql.SQLTransientConnectionException: itembank-pool - Connection is not available, request timed out after 3000ms (total=5, active=5, idle=0, waiting=4)
	at com.zaxxer.hikari.pool.HikariPool.createTimeoutException(HikariPool.java:686)
	at com.zaxxer.hikari.pool.HikariPool.getConnection(HikariPool.java:179)
	at com.zaxxer.hikari.pool.HikariPool.getConnection(HikariPool.java:144)
	at com.zaxxer.hikari.HikariDataSource.getConnection(HikariDataSource.java:127)
	at org.hibernate.engine.jdbc.connections.internal.DatasourceConnectionProviderImpl.getConnection(DatasourceConnectionProviderImpl.java:122)
	at org.hibernate.internal.NonContextualJdbcConnectionAccess.obtainConnection(NonContextualJdbcConnectionAccess.java:46)
	at org.hibernate.resource.jdbc.internal.LogicalConnectionManagedImpl.acquireConnectionIfNeeded(LogicalConnectionManagedImpl.java:113)
	... 65 common frames omitted
2026-09-16T14:41:15.455+09:00  WARN 1 --- [item-bank-api] [nio-8080-exec-8] o.h.engine.jdbc.spi.SqlExceptionHelper   : SQL Error: 0, SQLState: null
2026-09-16T14:41:15.455+09:00 ERROR 1 --- [item-bank-api] [nio-8080-exec-8] o.h.engine.jdbc.spi.SqlExceptionHelper   : itembank-pool - Connection is not available, request timed out after 3000ms (total=5, active=5, idle=0, waiting=4)
2026-09-16T14:41:15.456+09:00 ERROR 1 --- [item-bank-api] [nio-8080-exec-8] c.example.common.GlobalExceptionHandler  : unhandled exception on /api/units/M5-3/items
org.springframework.transaction.CannotCreateTransactionException: Could not open JPA EntityManager for transaction
	at org.springframework.orm.jpa.JpaTransactionManager.doBegin(JpaTransactionManager.java:466)
	at org.springframework.transaction.support.AbstractPlatformTransactionManager.startTransaction(AbstractPlatformTransactionManager.java:531)
	at org.springframework.transaction.support.AbstractPlatformTransactionManager.getTransaction(AbstractPlatformTransactionManager.java:405)
	at org.springframework.transaction.interceptor.TransactionAspectSupport.createTransactionIfNecessary(TransactionAspectSupport.java:617)
	at org.springframework.transaction.interceptor.TransactionAspectSupport.invokeWithinTransaction(TransactionAspectSupport.java:386)
	at org.springframework.transaction.interceptor.TransactionInterceptor.invoke(TransactionInterceptor.java:119)
	at org.springframework.aop.framework.ReflectiveMethodInvocation.proceed(ReflectiveMethodInvocation.java:184)
	at org.springframework.aop.framework.CglibAopProxy$DynamicAdvisedInterceptor.intercept(CglibAopProxy.java:720)
	at com.example.item.ItemService$$SpringCGLIB$$0.listActiveItemsByUnit(<generated>)
	at com.example.item.ItemController.listItemsByUnit(ItemController.java:31)
	at java.base/jdk.internal.reflect.DirectMethodHandleAccessor.invoke(DirectMethodHandleAccessor.java:103)
	at java.base/java.lang.reflect.Method.invoke(Method.java:580)
	... 48 more
Caused by: org.hibernate.exception.JDBCConnectionException: Unable to acquire JDBC Connection [itembank-pool - Connection is not available, request timed out after 3000ms (total=5, active=5, idle=0, waiting=4)] [n/a]
	at org.hibernate.exception.internal.SQLStateConversionDelegate.convert(SQLStateConversionDelegate.java:100)
	at org.hibernate.exception.internal.StandardSQLExceptionConverter.convert(StandardSQLExceptionConverter.java:58)
	at org.hibernate.engine.jdbc.spi.SqlExceptionHelper.convert(SqlExceptionHelper.java:108)
	at org.hibernate.resource.jdbc.internal.LogicalConnectionManagedImpl.acquireConnectionIfNeeded(LogicalConnectionManagedImpl.java:116)
	at org.hibernate.resource.jdbc.internal.LogicalConnectionManagedImpl.getPhysicalConnection(LogicalConnectionManagedImpl.java:143)
	at org.springframework.orm.jpa.vendor.HibernateJpaDialect.beginTransaction(HibernateJpaDialect.java:164)
	at org.springframework.orm.jpa.JpaTransactionManager.doBegin(JpaTransactionManager.java:420)
	... 58 common frames omitted
Caused by: java.sql.SQLTransientConnectionException: itembank-pool - Connection is not available, request timed out after 3000ms (total=5, active=5, idle=0, waiting=4)
	at com.zaxxer.hikari.pool.HikariPool.createTimeoutException(HikariPool.java:686)
	at com.zaxxer.hikari.pool.HikariPool.getConnection(HikariPool.java:179)
	at com.zaxxer.hikari.pool.HikariPool.getConnection(HikariPool.java:144)
	at com.zaxxer.hikari.HikariDataSource.getConnection(HikariDataSource.java:127)
	at org.hibernate.engine.jdbc.connections.internal.DatasourceConnectionProviderImpl.getConnection(DatasourceConnectionProviderImpl.java:122)
	at org.hibernate.internal.NonContextualJdbcConnectionAccess.obtainConnection(NonContextualJdbcConnectionAccess.java:46)
	at org.hibernate.resource.jdbc.internal.LogicalConnectionManagedImpl.acquireConnectionIfNeeded(LogicalConnectionManagedImpl.java:113)
	... 65 common frames omitted
2026-09-16T14:41:15.977+09:00  WARN 1 --- [item-bank-api] [io-8080-exec-11] o.h.engine.jdbc.spi.SqlExceptionHelper   : SQL Error: 0, SQLState: null
2026-09-16T14:41:15.977+09:00 ERROR 1 --- [item-bank-api] [io-8080-exec-11] o.h.engine.jdbc.spi.SqlExceptionHelper   : itembank-pool - Connection is not available, request timed out after 3000ms (total=5, active=5, idle=0, waiting=4)
2026-09-16T14:41:15.978+09:00 ERROR 1 --- [item-bank-api] [io-8080-exec-11] c.example.common.GlobalExceptionHandler  : unhandled exception on /api/items/30
org.springframework.transaction.CannotCreateTransactionException: Could not open JPA EntityManager for transaction
	at org.springframework.orm.jpa.JpaTransactionManager.doBegin(JpaTransactionManager.java:466)
	at org.springframework.transaction.support.AbstractPlatformTransactionManager.startTransaction(AbstractPlatformTransactionManager.java:531)
	at org.springframework.transaction.support.AbstractPlatformTransactionManager.getTransaction(AbstractPlatformTransactionManager.java:405)
	at org.springframework.transaction.interceptor.TransactionAspectSupport.createTransactionIfNecessary(TransactionAspectSupport.java:617)
	at org.springframework.transaction.interceptor.TransactionAspectSupport.invokeWithinTransaction(TransactionAspectSupport.java:386)
	at org.springframework.transaction.interceptor.TransactionInterceptor.invoke(TransactionInterceptor.java:119)
	at org.springframework.aop.framework.ReflectiveMethodInvocation.proceed(ReflectiveMethodInvocation.java:184)
	at org.springframework.aop.framework.CglibAopProxy$DynamicAdvisedInterceptor.intercept(CglibAopProxy.java:720)
	at com.example.item.ItemService$$SpringCGLIB$$0.getItem(<generated>)
	at com.example.item.ItemController.getItem(ItemController.java:25)
	at java.base/jdk.internal.reflect.DirectMethodHandleAccessor.invoke(DirectMethodHandleAccessor.java:103)
	at java.base/java.lang.reflect.Method.invoke(Method.java:580)
	... 48 more
Caused by: org.hibernate.exception.JDBCConnectionException: Unable to acquire JDBC Connection [itembank-pool - Connection is not available, request timed out after 3000ms (total=5, active=5, idle=0, waiting=4)] [n/a]
	at org.hibernate.exception.internal.SQLStateConversionDelegate.convert(SQLStateConversionDelegate.java:100)
	at org.hibernate.exception.internal.StandardSQLExceptionConverter.convert(StandardSQLExceptionConverter.java:58)
	at org.hibernate.engine.jdbc.spi.SqlExceptionHelper.convert(SqlExceptionHelper.java:108)
	at org.hibernate.resource.jdbc.internal.LogicalConnectionManagedImpl.acquireConnectionIfNeeded(LogicalConnectionManagedImpl.java:116)
	at org.hibernate.resource.jdbc.internal.LogicalConnectionManagedImpl.getPhysicalConnection(LogicalConnectionManagedImpl.java:143)
	at org.springframework.orm.jpa.vendor.HibernateJpaDialect.beginTransaction(HibernateJpaDialect.java:164)
	at org.springframework.orm.jpa.JpaTransactionManager.doBegin(JpaTransactionManager.java:420)
	... 58 common frames omitted
Caused by: java.sql.SQLTransientConnectionException: itembank-pool - Connection is not available, request timed out after 3000ms (total=5, active=5, idle=0, waiting=4)
	at com.zaxxer.hikari.pool.HikariPool.createTimeoutException(HikariPool.java:686)
	at com.zaxxer.hikari.pool.HikariPool.getConnection(HikariPool.java:179)
	at com.zaxxer.hikari.pool.HikariPool.getConnection(HikariPool.java:144)
	at com.zaxxer.hikari.HikariDataSource.getConnection(HikariDataSource.java:127)
	at org.hibernate.engine.jdbc.connections.internal.DatasourceConnectionProviderImpl.getConnection(DatasourceConnectionProviderImpl.java:122)
	at org.hibernate.internal.NonContextualJdbcConnectionAccess.obtainConnection(NonContextualJdbcConnectionAccess.java:46)
	at org.hibernate.resource.jdbc.internal.LogicalConnectionManagedImpl.acquireConnectionIfNeeded(LogicalConnectionManagedImpl.java:113)
	... 65 common frames omitted
2026-09-16T14:41:16.025+09:00  WARN 1 --- [item-bank-api] [ool housekeeper] com.zaxxer.hikari.pool.ProxyLeakTask     : Connection leak detection triggered for org.mariadb.jdbc.Connection@71d4b8e2 on thread http-nio-8080-exec-6, stack trace follows
java.lang.Exception: Apparent connection leak detected
	at com.zaxxer.hikari.HikariDataSource.getConnection(HikariDataSource.java:127)
	at org.hibernate.engine.jdbc.connections.internal.DatasourceConnectionProviderImpl.getConnection(DatasourceConnectionProviderImpl.java:122)
	at org.hibernate.internal.NonContextualJdbcConnectionAccess.obtainConnection(NonContextualJdbcConnectionAccess.java:46)
	at org.hibernate.resource.jdbc.internal.LogicalConnectionManagedImpl.acquireConnectionIfNeeded(LogicalConnectionManagedImpl.java:113)
	at org.springframework.orm.jpa.vendor.HibernateJpaDialect.beginTransaction(HibernateJpaDialect.java:164)
	at org.springframework.orm.jpa.JpaTransactionManager.doBegin(JpaTransactionManager.java:420)
	at org.springframework.transaction.interceptor.TransactionAspectSupport.invokeWithinTransaction(TransactionAspectSupport.java:386)
	at org.springframework.transaction.interceptor.TransactionInterceptor.invoke(TransactionInterceptor.java:119)
	at com.example.assignment.ReportService$$SpringCGLIB$$0.buildClassReport(<generated>)
	at com.example.assignment.ReportController.classReport(ReportController.java:22)
	at java.base/jdk.internal.reflect.DirectMethodHandleAccessor.invoke(DirectMethodHandleAccessor.java:103)
	at java.base/java.lang.reflect.Method.invoke(Method.java:580)
	at org.springframework.web.method.support.InvocableHandlerMethod.doInvoke(InvocableHandlerMethod.java:255)
2026-09-16T14:41:16.239+09:00  WARN 1 --- [item-bank-api] [io-8080-exec-13] o.h.engine.jdbc.spi.SqlExceptionHelper   : SQL Error: 0, SQLState: null
2026-09-16T14:41:16.239+09:00 ERROR 1 --- [item-bank-api] [io-8080-exec-13] o.h.engine.jdbc.spi.SqlExceptionHelper   : itembank-pool - Connection is not available, request timed out after 3000ms (total=5, active=5, idle=0, waiting=3)
2026-09-16T14:41:16.240+09:00 ERROR 1 --- [item-bank-api] [io-8080-exec-13] c.example.common.GlobalExceptionHandler  : unhandled exception on /api/items/10
org.springframework.transaction.CannotCreateTransactionException: Could not open JPA EntityManager for transaction
	at org.springframework.orm.jpa.JpaTransactionManager.doBegin(JpaTransactionManager.java:466)
	at org.springframework.transaction.support.AbstractPlatformTransactionManager.startTransaction(AbstractPlatformTransactionManager.java:531)
	at org.springframework.transaction.support.AbstractPlatformTransactionManager.getTransaction(AbstractPlatformTransactionManager.java:405)
	at org.springframework.transaction.interceptor.TransactionAspectSupport.createTransactionIfNecessary(TransactionAspectSupport.java:617)
	at org.springframework.transaction.interceptor.TransactionAspectSupport.invokeWithinTransaction(TransactionAspectSupport.java:386)
	at org.springframework.transaction.interceptor.TransactionInterceptor.invoke(TransactionInterceptor.java:119)
	at org.springframework.aop.framework.ReflectiveMethodInvocation.proceed(ReflectiveMethodInvocation.java:184)
	at org.springframework.aop.framework.CglibAopProxy$DynamicAdvisedInterceptor.intercept(CglibAopProxy.java:720)
	at com.example.item.ItemService$$SpringCGLIB$$0.getItem(<generated>)
	at com.example.item.ItemController.getItem(ItemController.java:25)
	at java.base/jdk.internal.reflect.DirectMethodHandleAccessor.invoke(DirectMethodHandleAccessor.java:103)
	at java.base/java.lang.reflect.Method.invoke(Method.java:580)
	... 48 more
Caused by: org.hibernate.exception.JDBCConnectionException: Unable to acquire JDBC Connection [itembank-pool - Connection is not available, request timed out after 3000ms (total=5, active=5, idle=0, waiting=3)] [n/a]
	at org.hibernate.exception.internal.SQLStateConversionDelegate.convert(SQLStateConversionDelegate.java:100)
	at org.hibernate.exception.internal.StandardSQLExceptionConverter.convert(StandardSQLExceptionConverter.java:58)
	at org.hibernate.engine.jdbc.spi.SqlExceptionHelper.convert(SqlExceptionHelper.java:108)
	at org.hibernate.resource.jdbc.internal.LogicalConnectionManagedImpl.acquireConnectionIfNeeded(LogicalConnectionManagedImpl.java:116)
	at org.hibernate.resource.jdbc.internal.LogicalConnectionManagedImpl.getPhysicalConnection(LogicalConnectionManagedImpl.java:143)
	at org.springframework.orm.jpa.vendor.HibernateJpaDialect.beginTransaction(HibernateJpaDialect.java:164)
	at org.springframework.orm.jpa.JpaTransactionManager.doBegin(JpaTransactionManager.java:420)
	... 58 common frames omitted
Caused by: java.sql.SQLTransientConnectionException: itembank-pool - Connection is not available, request timed out after 3000ms (total=5, active=5, idle=0, waiting=3)
	at com.zaxxer.hikari.pool.HikariPool.createTimeoutException(HikariPool.java:686)
	at com.zaxxer.hikari.pool.HikariPool.getConnection(HikariPool.java:179)
	at com.zaxxer.hikari.pool.HikariPool.getConnection(HikariPool.java:144)
	at com.zaxxer.hikari.HikariDataSource.getConnection(HikariDataSource.java:127)
	at org.hibernate.engine.jdbc.connections.internal.DatasourceConnectionProviderImpl.getConnection(DatasourceConnectionProviderImpl.java:122)
	at org.hibernate.internal.NonContextualJdbcConnectionAccess.obtainConnection(NonContextualJdbcConnectionAccess.java:46)
	at org.hibernate.resource.jdbc.internal.LogicalConnectionManagedImpl.acquireConnectionIfNeeded(LogicalConnectionManagedImpl.java:113)
	... 65 common frames omitted
2026-09-16T14:41:17.059+09:00  WARN 1 --- [item-bank-api] [ool housekeeper] com.zaxxer.hikari.pool.ProxyLeakTask     : Connection leak detection triggered for org.mariadb.jdbc.Connection@3f6c2a91 on thread http-nio-8080-exec-4, stack trace follows
java.lang.Exception: Apparent connection leak detected
	at com.zaxxer.hikari.HikariDataSource.getConnection(HikariDataSource.java:127)
	at org.hibernate.engine.jdbc.connections.internal.DatasourceConnectionProviderImpl.getConnection(DatasourceConnectionProviderImpl.java:122)
	at org.hibernate.internal.NonContextualJdbcConnectionAccess.obtainConnection(NonContextualJdbcConnectionAccess.java:46)
	at org.hibernate.resource.jdbc.internal.LogicalConnectionManagedImpl.acquireConnectionIfNeeded(LogicalConnectionManagedImpl.java:113)
	at org.springframework.orm.jpa.vendor.HibernateJpaDialect.beginTransaction(HibernateJpaDialect.java:164)
	at org.springframework.orm.jpa.JpaTransactionManager.doBegin(JpaTransactionManager.java:420)
	at org.springframework.transaction.interceptor.TransactionAspectSupport.invokeWithinTransaction(TransactionAspectSupport.java:386)
	at org.springframework.transaction.interceptor.TransactionInterceptor.invoke(TransactionInterceptor.java:119)
	at com.example.assignment.ReportService$$SpringCGLIB$$0.buildClassReport(<generated>)
	at com.example.assignment.ReportController.classReport(ReportController.java:22)
	at java.base/jdk.internal.reflect.DirectMethodHandleAccessor.invoke(DirectMethodHandleAccessor.java:103)
	at java.base/java.lang.reflect.Method.invoke(Method.java:580)
	at org.springframework.web.method.support.InvocableHandlerMethod.doInvoke(InvocableHandlerMethod.java:255)
2026-09-16T14:41:18.169+09:00  WARN 1 --- [item-bank-api] [nio-8080-exec-3] o.h.engine.jdbc.spi.SqlExceptionHelper   : SQL Error: 0, SQLState: null
2026-09-16T14:41:18.169+09:00 ERROR 1 --- [item-bank-api] [nio-8080-exec-3] o.h.engine.jdbc.spi.SqlExceptionHelper   : itembank-pool - Connection is not available, request timed out after 3000ms (total=5, active=5, idle=0, waiting=3)
2026-09-16T14:41:18.170+09:00 ERROR 1 --- [item-bank-api] [nio-8080-exec-3] c.example.common.GlobalExceptionHandler  : unhandled exception on /api/units
org.springframework.transaction.CannotCreateTransactionException: Could not open JPA EntityManager for transaction
	at org.springframework.orm.jpa.JpaTransactionManager.doBegin(JpaTransactionManager.java:466)
	at org.springframework.transaction.support.AbstractPlatformTransactionManager.startTransaction(AbstractPlatformTransactionManager.java:531)
	at org.springframework.transaction.support.AbstractPlatformTransactionManager.getTransaction(AbstractPlatformTransactionManager.java:405)
	at org.springframework.transaction.interceptor.TransactionAspectSupport.createTransactionIfNecessary(TransactionAspectSupport.java:617)
	at org.springframework.transaction.interceptor.TransactionAspectSupport.invokeWithinTransaction(TransactionAspectSupport.java:386)
	at org.springframework.transaction.interceptor.TransactionInterceptor.invoke(TransactionInterceptor.java:119)
	at org.springframework.aop.framework.ReflectiveMethodInvocation.proceed(ReflectiveMethodInvocation.java:184)
	at org.springframework.aop.framework.CglibAopProxy$DynamicAdvisedInterceptor.intercept(CglibAopProxy.java:720)
	at com.example.item.UnitService$$SpringCGLIB$$0.listUnits(<generated>)
	at com.example.item.UnitController.listUnits(UnitController.java:22)
	at java.base/jdk.internal.reflect.DirectMethodHandleAccessor.invoke(DirectMethodHandleAccessor.java:103)
	at java.base/java.lang.reflect.Method.invoke(Method.java:580)
	... 48 more
Caused by: org.hibernate.exception.JDBCConnectionException: Unable to acquire JDBC Connection [itembank-pool - Connection is not available, request timed out after 3000ms (total=5, active=5, idle=0, waiting=3)] [n/a]
	at org.hibernate.exception.internal.SQLStateConversionDelegate.convert(SQLStateConversionDelegate.java:100)
	at org.hibernate.exception.internal.StandardSQLExceptionConverter.convert(StandardSQLExceptionConverter.java:58)
	at org.hibernate.engine.jdbc.spi.SqlExceptionHelper.convert(SqlExceptionHelper.java:108)
	at org.hibernate.resource.jdbc.internal.LogicalConnectionManagedImpl.acquireConnectionIfNeeded(LogicalConnectionManagedImpl.java:116)
	at org.hibernate.resource.jdbc.internal.LogicalConnectionManagedImpl.getPhysicalConnection(LogicalConnectionManagedImpl.java:143)
	at org.springframework.orm.jpa.vendor.HibernateJpaDialect.beginTransaction(HibernateJpaDialect.java:164)
	at org.springframework.orm.jpa.JpaTransactionManager.doBegin(JpaTransactionManager.java:420)
	... 58 common frames omitted
Caused by: java.sql.SQLTransientConnectionException: itembank-pool - Connection is not available, request timed out after 3000ms (total=5, active=5, idle=0, waiting=3)
	at com.zaxxer.hikari.pool.HikariPool.createTimeoutException(HikariPool.java:686)
	at com.zaxxer.hikari.pool.HikariPool.getConnection(HikariPool.java:179)
	at com.zaxxer.hikari.pool.HikariPool.getConnection(HikariPool.java:144)
	at com.zaxxer.hikari.HikariDataSource.getConnection(HikariDataSource.java:127)
	at org.hibernate.engine.jdbc.connections.internal.DatasourceConnectionProviderImpl.getConnection(DatasourceConnectionProviderImpl.java:122)
	at org.hibernate.internal.NonContextualJdbcConnectionAccess.obtainConnection(NonContextualJdbcConnectionAccess.java:46)
	at org.hibernate.resource.jdbc.internal.LogicalConnectionManagedImpl.acquireConnectionIfNeeded(LogicalConnectionManagedImpl.java:113)
	... 65 common frames omitted
2026-09-16T14:41:18.560+09:00  WARN 1 --- [item-bank-api] [ool housekeeper] com.zaxxer.hikari.pool.ProxyLeakTask     : Connection leak detection triggered for org.mariadb.jdbc.Connection@5b0e9e0c on thread http-nio-8080-exec-7, stack trace follows
java.lang.Exception: Apparent connection leak detected
	at com.zaxxer.hikari.HikariDataSource.getConnection(HikariDataSource.java:127)
	at org.hibernate.engine.jdbc.connections.internal.DatasourceConnectionProviderImpl.getConnection(DatasourceConnectionProviderImpl.java:122)
	at org.hibernate.internal.NonContextualJdbcConnectionAccess.obtainConnection(NonContextualJdbcConnectionAccess.java:46)
	at org.hibernate.resource.jdbc.internal.LogicalConnectionManagedImpl.acquireConnectionIfNeeded(LogicalConnectionManagedImpl.java:113)
	at org.springframework.orm.jpa.vendor.HibernateJpaDialect.beginTransaction(HibernateJpaDialect.java:164)
	at org.springframework.orm.jpa.JpaTransactionManager.doBegin(JpaTransactionManager.java:420)
	at org.springframework.transaction.interceptor.TransactionAspectSupport.invokeWithinTransaction(TransactionAspectSupport.java:386)
	at org.springframework.transaction.interceptor.TransactionInterceptor.invoke(TransactionInterceptor.java:119)
	at com.example.assignment.ReportService$$SpringCGLIB$$0.buildClassReport(<generated>)
	at com.example.assignment.ReportController.classReport(ReportController.java:22)
	at java.base/jdk.internal.reflect.DirectMethodHandleAccessor.invoke(DirectMethodHandleAccessor.java:103)
	at java.base/java.lang.reflect.Method.invoke(Method.java:580)
	at org.springframework.web.method.support.InvocableHandlerMethod.doInvoke(InvocableHandlerMethod.java:255)
2026-09-16T14:41:18.790+09:00  WARN 1 --- [item-bank-api] [nio-8080-exec-1] o.h.engine.jdbc.spi.SqlExceptionHelper   : SQL Error: 0, SQLState: null
2026-09-16T14:41:18.790+09:00 ERROR 1 --- [item-bank-api] [nio-8080-exec-1] o.h.engine.jdbc.spi.SqlExceptionHelper   : itembank-pool - Connection is not available, request timed out after 3000ms (total=5, active=5, idle=0, waiting=2)
2026-09-16T14:41:18.791+09:00 ERROR 1 --- [item-bank-api] [nio-8080-exec-1] c.example.common.GlobalExceptionHandler  : unhandled exception on /api/units/M5-2/items
org.springframework.transaction.CannotCreateTransactionException: Could not open JPA EntityManager for transaction
	at org.springframework.orm.jpa.JpaTransactionManager.doBegin(JpaTransactionManager.java:466)
	at org.springframework.transaction.support.AbstractPlatformTransactionManager.startTransaction(AbstractPlatformTransactionManager.java:531)
	at org.springframework.transaction.support.AbstractPlatformTransactionManager.getTransaction(AbstractPlatformTransactionManager.java:405)
	at org.springframework.transaction.interceptor.TransactionAspectSupport.createTransactionIfNecessary(TransactionAspectSupport.java:617)
	at org.springframework.transaction.interceptor.TransactionAspectSupport.invokeWithinTransaction(TransactionAspectSupport.java:386)
	at org.springframework.transaction.interceptor.TransactionInterceptor.invoke(TransactionInterceptor.java:119)
	at org.springframework.aop.framework.ReflectiveMethodInvocation.proceed(ReflectiveMethodInvocation.java:184)
	at org.springframework.aop.framework.CglibAopProxy$DynamicAdvisedInterceptor.intercept(CglibAopProxy.java:720)
	at com.example.item.ItemService$$SpringCGLIB$$0.listActiveItemsByUnit(<generated>)
	at com.example.item.ItemController.listItemsByUnit(ItemController.java:31)
	at java.base/jdk.internal.reflect.DirectMethodHandleAccessor.invoke(DirectMethodHandleAccessor.java:103)
	at java.base/java.lang.reflect.Method.invoke(Method.java:580)
	... 48 more
Caused by: org.hibernate.exception.JDBCConnectionException: Unable to acquire JDBC Connection [itembank-pool - Connection is not available, request timed out after 3000ms (total=5, active=5, idle=0, waiting=2)] [n/a]
	at org.hibernate.exception.internal.SQLStateConversionDelegate.convert(SQLStateConversionDelegate.java:100)
	at org.hibernate.exception.internal.StandardSQLExceptionConverter.convert(StandardSQLExceptionConverter.java:58)
	at org.hibernate.engine.jdbc.spi.SqlExceptionHelper.convert(SqlExceptionHelper.java:108)
	at org.hibernate.resource.jdbc.internal.LogicalConnectionManagedImpl.acquireConnectionIfNeeded(LogicalConnectionManagedImpl.java:116)
	at org.hibernate.resource.jdbc.internal.LogicalConnectionManagedImpl.getPhysicalConnection(LogicalConnectionManagedImpl.java:143)
	at org.springframework.orm.jpa.vendor.HibernateJpaDialect.beginTransaction(HibernateJpaDialect.java:164)
	at org.springframework.orm.jpa.JpaTransactionManager.doBegin(JpaTransactionManager.java:420)
	... 58 common frames omitted
Caused by: java.sql.SQLTransientConnectionException: itembank-pool - Connection is not available, request timed out after 3000ms (total=5, active=5, idle=0, waiting=2)
	at com.zaxxer.hikari.pool.HikariPool.createTimeoutException(HikariPool.java:686)
	at com.zaxxer.hikari.pool.HikariPool.getConnection(HikariPool.java:179)
	at com.zaxxer.hikari.pool.HikariPool.getConnection(HikariPool.java:144)
	at com.zaxxer.hikari.HikariDataSource.getConnection(HikariDataSource.java:127)
	at org.hibernate.engine.jdbc.connections.internal.DatasourceConnectionProviderImpl.getConnection(DatasourceConnectionProviderImpl.java:122)
	at org.hibernate.internal.NonContextualJdbcConnectionAccess.obtainConnection(NonContextualJdbcConnectionAccess.java:46)
	at org.hibernate.resource.jdbc.internal.LogicalConnectionManagedImpl.acquireConnectionIfNeeded(LogicalConnectionManagedImpl.java:113)
	... 65 common frames omitted
2026-09-16T14:41:20.309+09:00  WARN 1 --- [item-bank-api] [nio-8080-exec-9] o.h.engine.jdbc.spi.SqlExceptionHelper   : SQL Error: 0, SQLState: null
2026-09-16T14:41:20.309+09:00 ERROR 1 --- [item-bank-api] [nio-8080-exec-9] o.h.engine.jdbc.spi.SqlExceptionHelper   : itembank-pool - Connection is not available, request timed out after 3000ms (total=5, active=5, idle=0, waiting=1)
2026-09-16T14:41:20.310+09:00 ERROR 1 --- [item-bank-api] [nio-8080-exec-9] c.example.common.GlobalExceptionHandler  : unhandled exception on /api/items/24
org.springframework.transaction.CannotCreateTransactionException: Could not open JPA EntityManager for transaction
	at org.springframework.orm.jpa.JpaTransactionManager.doBegin(JpaTransactionManager.java:466)
	at org.springframework.transaction.support.AbstractPlatformTransactionManager.startTransaction(AbstractPlatformTransactionManager.java:531)
	at org.springframework.transaction.support.AbstractPlatformTransactionManager.getTransaction(AbstractPlatformTransactionManager.java:405)
	at org.springframework.transaction.interceptor.TransactionAspectSupport.createTransactionIfNecessary(TransactionAspectSupport.java:617)
	at org.springframework.transaction.interceptor.TransactionAspectSupport.invokeWithinTransaction(TransactionAspectSupport.java:386)
	at org.springframework.transaction.interceptor.TransactionInterceptor.invoke(TransactionInterceptor.java:119)
	at org.springframework.aop.framework.ReflectiveMethodInvocation.proceed(ReflectiveMethodInvocation.java:184)
	at org.springframework.aop.framework.CglibAopProxy$DynamicAdvisedInterceptor.intercept(CglibAopProxy.java:720)
	at com.example.item.ItemService$$SpringCGLIB$$0.getItem(<generated>)
	at com.example.item.ItemController.getItem(ItemController.java:25)
	at java.base/jdk.internal.reflect.DirectMethodHandleAccessor.invoke(DirectMethodHandleAccessor.java:103)
	at java.base/java.lang.reflect.Method.invoke(Method.java:580)
	... 48 more
Caused by: org.hibernate.exception.JDBCConnectionException: Unable to acquire JDBC Connection [itembank-pool - Connection is not available, request timed out after 3000ms (total=5, active=5, idle=0, waiting=1)] [n/a]
	at org.hibernate.exception.internal.SQLStateConversionDelegate.convert(SQLStateConversionDelegate.java:100)
	at org.hibernate.exception.internal.StandardSQLExceptionConverter.convert(StandardSQLExceptionConverter.java:58)
	at org.hibernate.engine.jdbc.spi.SqlExceptionHelper.convert(SqlExceptionHelper.java:108)
	at org.hibernate.resource.jdbc.internal.LogicalConnectionManagedImpl.acquireConnectionIfNeeded(LogicalConnectionManagedImpl.java:116)
	at org.hibernate.resource.jdbc.internal.LogicalConnectionManagedImpl.getPhysicalConnection(LogicalConnectionManagedImpl.java:143)
	at org.springframework.orm.jpa.vendor.HibernateJpaDialect.beginTransaction(HibernateJpaDialect.java:164)
	at org.springframework.orm.jpa.JpaTransactionManager.doBegin(JpaTransactionManager.java:420)
	... 58 common frames omitted
Caused by: java.sql.SQLTransientConnectionException: itembank-pool - Connection is not available, request timed out after 3000ms (total=5, active=5, idle=0, waiting=1)
	at com.zaxxer.hikari.pool.HikariPool.createTimeoutException(HikariPool.java:686)
	at com.zaxxer.hikari.pool.HikariPool.getConnection(HikariPool.java:179)
	at com.zaxxer.hikari.pool.HikariPool.getConnection(HikariPool.java:144)
	at com.zaxxer.hikari.HikariDataSource.getConnection(HikariDataSource.java:127)
	at org.hibernate.engine.jdbc.connections.internal.DatasourceConnectionProviderImpl.getConnection(DatasourceConnectionProviderImpl.java:122)
	at org.hibernate.internal.NonContextualJdbcConnectionAccess.obtainConnection(NonContextualJdbcConnectionAccess.java:46)
	at org.hibernate.resource.jdbc.internal.LogicalConnectionManagedImpl.acquireConnectionIfNeeded(LogicalConnectionManagedImpl.java:113)
	... 65 common frames omitted
2026-09-16T14:41:21.635+09:00  WARN 1 --- [item-bank-api] [ool housekeeper] com.zaxxer.hikari.pool.ProxyLeakTask     : Connection leak detection triggered for org.mariadb.jdbc.Connection@2ac19f07 on thread http-nio-8080-exec-5, stack trace follows
java.lang.Exception: Apparent connection leak detected
	at com.zaxxer.hikari.HikariDataSource.getConnection(HikariDataSource.java:127)
	at org.hibernate.engine.jdbc.connections.internal.DatasourceConnectionProviderImpl.getConnection(DatasourceConnectionProviderImpl.java:122)
	at org.hibernate.internal.NonContextualJdbcConnectionAccess.obtainConnection(NonContextualJdbcConnectionAccess.java:46)
	at org.hibernate.resource.jdbc.internal.LogicalConnectionManagedImpl.acquireConnectionIfNeeded(LogicalConnectionManagedImpl.java:113)
	at org.springframework.orm.jpa.vendor.HibernateJpaDialect.beginTransaction(HibernateJpaDialect.java:164)
	at org.springframework.orm.jpa.JpaTransactionManager.doBegin(JpaTransactionManager.java:420)
	at org.springframework.transaction.interceptor.TransactionAspectSupport.invokeWithinTransaction(TransactionAspectSupport.java:386)
	at org.springframework.transaction.interceptor.TransactionInterceptor.invoke(TransactionInterceptor.java:119)
	at com.example.assignment.ReportService$$SpringCGLIB$$0.buildClassReport(<generated>)
	at com.example.assignment.ReportController.classReport(ReportController.java:22)
	at java.base/jdk.internal.reflect.DirectMethodHandleAccessor.invoke(DirectMethodHandleAccessor.java:103)
	at java.base/java.lang.reflect.Method.invoke(Method.java:580)
	at org.springframework.web.method.support.InvocableHandlerMethod.doInvoke(InvocableHandlerMethod.java:255)
2026-09-16T14:41:21.848+09:00  INFO 1 --- [item-bank-api] [nio-8080-exec-2] com.example.assignment.ReportService     : built class report for class 3: 3 distributions, 10 submissions
2026-09-16T14:41:21.850+09:00  INFO 1 --- [item-bank-api] [nio-8080-exec-2] com.zaxxer.hikari.pool.ProxyLeakTask     : Previously reported leaked connection org.mariadb.jdbc.Connection@6e8f14d3 on thread http-nio-8080-exec-2 was returned to the pool (unleaked)
2026-09-16T14:41:24.272+09:00  INFO 1 --- [item-bank-api] [nio-8080-exec-4] com.example.assignment.ReportService     : built class report for class 1: 3 distributions, 10 submissions
2026-09-16T14:41:24.274+09:00  INFO 1 --- [item-bank-api] [nio-8080-exec-4] com.zaxxer.hikari.pool.ProxyLeakTask     : Previously reported leaked connection org.mariadb.jdbc.Connection@3f6c2a91 on thread http-nio-8080-exec-4 was returned to the pool (unleaked)
2026-09-16T14:41:24.831+09:00  INFO 1 --- [item-bank-api] [nio-8080-exec-6] com.example.assignment.ReportService     : built class report for class 2: 3 distributions, 10 submissions
2026-09-16T14:41:24.833+09:00  INFO 1 --- [item-bank-api] [nio-8080-exec-6] com.zaxxer.hikari.pool.ProxyLeakTask     : Previously reported leaked connection org.mariadb.jdbc.Connection@71d4b8e2 on thread http-nio-8080-exec-6 was returned to the pool (unleaked)
2026-09-16T14:41:26.125+09:00  INFO 1 --- [item-bank-api] [nio-8080-exec-7] com.example.assignment.ReportService     : built class report for class 3: 3 distributions, 10 submissions
2026-09-16T14:41:26.127+09:00  INFO 1 --- [item-bank-api] [nio-8080-exec-7] com.zaxxer.hikari.pool.ProxyLeakTask     : Previously reported leaked connection org.mariadb.jdbc.Connection@5b0e9e0c on thread http-nio-8080-exec-7 was returned to the pool (unleaked)
2026-09-16T14:41:31.850+09:00  WARN 1 --- [item-bank-api] [ool housekeeper] com.zaxxer.hikari.pool.ProxyLeakTask     : Connection leak detection triggered for org.mariadb.jdbc.Connection@6e8f14d3 on thread http-nio-8080-exec-10, stack trace follows
java.lang.Exception: Apparent connection leak detected
	at com.zaxxer.hikari.HikariDataSource.getConnection(HikariDataSource.java:127)
	at org.hibernate.engine.jdbc.connections.internal.DatasourceConnectionProviderImpl.getConnection(DatasourceConnectionProviderImpl.java:122)
	at org.hibernate.internal.NonContextualJdbcConnectionAccess.obtainConnection(NonContextualJdbcConnectionAccess.java:46)
	at org.hibernate.resource.jdbc.internal.LogicalConnectionManagedImpl.acquireConnectionIfNeeded(LogicalConnectionManagedImpl.java:113)
	at org.springframework.orm.jpa.vendor.HibernateJpaDialect.beginTransaction(HibernateJpaDialect.java:164)
	at org.springframework.orm.jpa.JpaTransactionManager.doBegin(JpaTransactionManager.java:420)
	at org.springframework.transaction.interceptor.TransactionAspectSupport.invokeWithinTransaction(TransactionAspectSupport.java:386)
	at org.springframework.transaction.interceptor.TransactionInterceptor.invoke(TransactionInterceptor.java:119)
	at com.example.assignment.ReportService$$SpringCGLIB$$0.buildClassReport(<generated>)
	at com.example.assignment.ReportController.classReport(ReportController.java:22)
	at java.base/jdk.internal.reflect.DirectMethodHandleAccessor.invoke(DirectMethodHandleAccessor.java:103)
	at java.base/java.lang.reflect.Method.invoke(Method.java:580)
	at org.springframework.web.method.support.InvocableHandlerMethod.doInvoke(InvocableHandlerMethod.java:255)
2026-09-16T14:41:31.999+09:00  INFO 1 --- [item-bank-api] [nio-8080-exec-5] com.example.assignment.ReportService     : built class report for class 1: 3 distributions, 10 submissions
2026-09-16T14:41:32.001+09:00  INFO 1 --- [item-bank-api] [nio-8080-exec-5] com.zaxxer.hikari.pool.ProxyLeakTask     : Previously reported leaked connection org.mariadb.jdbc.Connection@2ac19f07 on thread http-nio-8080-exec-5 was returned to the pool (unleaked)
2026-09-16T14:41:34.279+09:00  WARN 1 --- [item-bank-api] [ool housekeeper] com.zaxxer.hikari.pool.ProxyLeakTask     : Connection leak detection triggered for org.mariadb.jdbc.Connection@3f6c2a91 on thread http-nio-8080-exec-1, stack trace follows
java.lang.Exception: Apparent connection leak detected
	at com.zaxxer.hikari.HikariDataSource.getConnection(HikariDataSource.java:127)
	at org.hibernate.engine.jdbc.connections.internal.DatasourceConnectionProviderImpl.getConnection(DatasourceConnectionProviderImpl.java:122)
	at org.hibernate.internal.NonContextualJdbcConnectionAccess.obtainConnection(NonContextualJdbcConnectionAccess.java:46)
	at org.hibernate.resource.jdbc.internal.LogicalConnectionManagedImpl.acquireConnectionIfNeeded(LogicalConnectionManagedImpl.java:113)
	at org.springframework.orm.jpa.vendor.HibernateJpaDialect.beginTransaction(HibernateJpaDialect.java:164)
	at org.springframework.orm.jpa.JpaTransactionManager.doBegin(JpaTransactionManager.java:420)
	at org.springframework.transaction.interceptor.TransactionAspectSupport.invokeWithinTransaction(TransactionAspectSupport.java:386)
	at org.springframework.transaction.interceptor.TransactionInterceptor.invoke(TransactionInterceptor.java:119)
	at com.example.assignment.ReportService$$SpringCGLIB$$0.buildClassReport(<generated>)
	at com.example.assignment.ReportController.classReport(ReportController.java:22)
	at java.base/jdk.internal.reflect.DirectMethodHandleAccessor.invoke(DirectMethodHandleAccessor.java:103)
	at java.base/java.lang.reflect.Method.invoke(Method.java:580)
	at org.springframework.web.method.support.InvocableHandlerMethod.doInvoke(InvocableHandlerMethod.java:255)
2026-09-16T14:41:37.323+09:00  WARN 1 --- [item-bank-api] [ool housekeeper] com.zaxxer.hikari.pool.ProxyLeakTask     : Connection leak detection triggered for org.mariadb.jdbc.Connection@71d4b8e2 on thread http-nio-8080-exec-3, stack trace follows
java.lang.Exception: Apparent connection leak detected
	at com.zaxxer.hikari.HikariDataSource.getConnection(HikariDataSource.java:127)
	at org.hibernate.engine.jdbc.connections.internal.DatasourceConnectionProviderImpl.getConnection(DatasourceConnectionProviderImpl.java:122)
	at org.hibernate.internal.NonContextualJdbcConnectionAccess.obtainConnection(NonContextualJdbcConnectionAccess.java:46)
	at org.hibernate.resource.jdbc.internal.LogicalConnectionManagedImpl.acquireConnectionIfNeeded(LogicalConnectionManagedImpl.java:113)
	at org.springframework.orm.jpa.vendor.HibernateJpaDialect.beginTransaction(HibernateJpaDialect.java:164)
	at org.springframework.orm.jpa.JpaTransactionManager.doBegin(JpaTransactionManager.java:420)
	at org.springframework.transaction.interceptor.TransactionAspectSupport.invokeWithinTransaction(TransactionAspectSupport.java:386)
	at org.springframework.transaction.interceptor.TransactionInterceptor.invoke(TransactionInterceptor.java:119)
	at com.example.assignment.ReportService$$SpringCGLIB$$0.buildClassReport(<generated>)
	at com.example.assignment.ReportController.classReport(ReportController.java:22)
	at java.base/jdk.internal.reflect.DirectMethodHandleAccessor.invoke(DirectMethodHandleAccessor.java:103)
	at java.base/java.lang.reflect.Method.invoke(Method.java:580)
	at org.springframework.web.method.support.InvocableHandlerMethod.doInvoke(InvocableHandlerMethod.java:255)
2026-09-16T14:41:39.901+09:00  INFO 1 --- [item-bank-api] [io-8080-exec-10] com.example.assignment.ReportService     : built class report for class 2: 3 distributions, 10 submissions
2026-09-16T14:41:39.903+09:00  INFO 1 --- [item-bank-api] [io-8080-exec-10] com.zaxxer.hikari.pool.ProxyLeakTask     : Previously reported leaked connection org.mariadb.jdbc.Connection@6e8f14d3 on thread http-nio-8080-exec-10 was returned to the pool (unleaked)
2026-09-16T14:41:40.824+09:00  WARN 1 --- [item-bank-api] [ool housekeeper] com.zaxxer.hikari.pool.ProxyLeakTask     : Connection leak detection triggered for org.mariadb.jdbc.Connection@5b0e9e0c on thread http-nio-8080-exec-2, stack trace follows
java.lang.Exception: Apparent connection leak detected
	at com.zaxxer.hikari.HikariDataSource.getConnection(HikariDataSource.java:127)
	at org.hibernate.engine.jdbc.connections.internal.DatasourceConnectionProviderImpl.getConnection(DatasourceConnectionProviderImpl.java:122)
	at org.hibernate.internal.NonContextualJdbcConnectionAccess.obtainConnection(NonContextualJdbcConnectionAccess.java:46)
	at org.hibernate.resource.jdbc.internal.LogicalConnectionManagedImpl.acquireConnectionIfNeeded(LogicalConnectionManagedImpl.java:113)
	at org.springframework.orm.jpa.vendor.HibernateJpaDialect.beginTransaction(HibernateJpaDialect.java:164)
	at org.springframework.orm.jpa.JpaTransactionManager.doBegin(JpaTransactionManager.java:420)
	at org.springframework.transaction.interceptor.TransactionAspectSupport.invokeWithinTransaction(TransactionAspectSupport.java:386)
	at org.springframework.transaction.interceptor.TransactionInterceptor.invoke(TransactionInterceptor.java:119)
	at com.example.assignment.ReportService$$SpringCGLIB$$0.buildClassReport(<generated>)
	at com.example.assignment.ReportController.classReport(ReportController.java:22)
	at java.base/jdk.internal.reflect.DirectMethodHandleAccessor.invoke(DirectMethodHandleAccessor.java:103)
	at java.base/java.lang.reflect.Method.invoke(Method.java:580)
	at org.springframework.web.method.support.InvocableHandlerMethod.doInvoke(InvocableHandlerMethod.java:255)
2026-09-16T14:41:41.205+09:00  WARN 1 --- [item-bank-api] [nio-8080-exec-6] o.h.engine.jdbc.spi.SqlExceptionHelper   : SQL Error: 0, SQLState: null
2026-09-16T14:41:41.205+09:00 ERROR 1 --- [item-bank-api] [nio-8080-exec-6] o.h.engine.jdbc.spi.SqlExceptionHelper   : itembank-pool - Connection is not available, request timed out after 3000ms (total=5, active=5, idle=0, waiting=2)
2026-09-16T14:41:41.206+09:00 ERROR 1 --- [item-bank-api] [nio-8080-exec-6] c.example.common.GlobalExceptionHandler  : unhandled exception on /api/units/M6-2/items
org.springframework.transaction.CannotCreateTransactionException: Could not open JPA EntityManager for transaction
	at org.springframework.orm.jpa.JpaTransactionManager.doBegin(JpaTransactionManager.java:466)
	at org.springframework.transaction.support.AbstractPlatformTransactionManager.startTransaction(AbstractPlatformTransactionManager.java:531)
	at org.springframework.transaction.support.AbstractPlatformTransactionManager.getTransaction(AbstractPlatformTransactionManager.java:405)
	at org.springframework.transaction.interceptor.TransactionAspectSupport.createTransactionIfNecessary(TransactionAspectSupport.java:617)
	at org.springframework.transaction.interceptor.TransactionAspectSupport.invokeWithinTransaction(TransactionAspectSupport.java:386)
	at org.springframework.transaction.interceptor.TransactionInterceptor.invoke(TransactionInterceptor.java:119)
	at org.springframework.aop.framework.ReflectiveMethodInvocation.proceed(ReflectiveMethodInvocation.java:184)
	at org.springframework.aop.framework.CglibAopProxy$DynamicAdvisedInterceptor.intercept(CglibAopProxy.java:720)
	at com.example.item.ItemService$$SpringCGLIB$$0.listActiveItemsByUnit(<generated>)
	at com.example.item.ItemController.listItemsByUnit(ItemController.java:31)
	at java.base/jdk.internal.reflect.DirectMethodHandleAccessor.invoke(DirectMethodHandleAccessor.java:103)
	at java.base/java.lang.reflect.Method.invoke(Method.java:580)
	... 48 more
Caused by: org.hibernate.exception.JDBCConnectionException: Unable to acquire JDBC Connection [itembank-pool - Connection is not available, request timed out after 3000ms (total=5, active=5, idle=0, waiting=2)] [n/a]
	at org.hibernate.exception.internal.SQLStateConversionDelegate.convert(SQLStateConversionDelegate.java:100)
	at org.hibernate.exception.internal.StandardSQLExceptionConverter.convert(StandardSQLExceptionConverter.java:58)
	at org.hibernate.engine.jdbc.spi.SqlExceptionHelper.convert(SqlExceptionHelper.java:108)
	at org.hibernate.resource.jdbc.internal.LogicalConnectionManagedImpl.acquireConnectionIfNeeded(LogicalConnectionManagedImpl.java:116)
	at org.hibernate.resource.jdbc.internal.LogicalConnectionManagedImpl.getPhysicalConnection(LogicalConnectionManagedImpl.java:143)
	at org.springframework.orm.jpa.vendor.HibernateJpaDialect.beginTransaction(HibernateJpaDialect.java:164)
	at org.springframework.orm.jpa.JpaTransactionManager.doBegin(JpaTransactionManager.java:420)
	... 58 common frames omitted
Caused by: java.sql.SQLTransientConnectionException: itembank-pool - Connection is not available, request timed out after 3000ms (total=5, active=5, idle=0, waiting=2)
	at com.zaxxer.hikari.pool.HikariPool.createTimeoutException(HikariPool.java:686)
	at com.zaxxer.hikari.pool.HikariPool.getConnection(HikariPool.java:179)
	at com.zaxxer.hikari.pool.HikariPool.getConnection(HikariPool.java:144)
	at com.zaxxer.hikari.HikariDataSource.getConnection(HikariDataSource.java:127)
	at org.hibernate.engine.jdbc.connections.internal.DatasourceConnectionProviderImpl.getConnection(DatasourceConnectionProviderImpl.java:122)
	at org.hibernate.internal.NonContextualJdbcConnectionAccess.obtainConnection(NonContextualJdbcConnectionAccess.java:46)
	at org.hibernate.resource.jdbc.internal.LogicalConnectionManagedImpl.acquireConnectionIfNeeded(LogicalConnectionManagedImpl.java:113)
	... 65 common frames omitted
2026-09-16T14:41:41.372+09:00  INFO 1 --- [item-bank-api] [nio-8080-exec-1] com.example.assignment.ReportService     : built class report for class 3: 3 distributions, 10 submissions
2026-09-16T14:41:41.374+09:00  INFO 1 --- [item-bank-api] [nio-8080-exec-1] com.zaxxer.hikari.pool.ProxyLeakTask     : Previously reported leaked connection org.mariadb.jdbc.Connection@3f6c2a91 on thread http-nio-8080-exec-1 was returned to the pool (unleaked)
2026-09-16T14:41:42.134+09:00  WARN 1 --- [item-bank-api] [ool housekeeper] com.zaxxer.hikari.pool.ProxyLeakTask     : Connection leak detection triggered for org.mariadb.jdbc.Connection@2ac19f07 on thread http-nio-8080-exec-7, stack trace follows
java.lang.Exception: Apparent connection leak detected
	at com.zaxxer.hikari.HikariDataSource.getConnection(HikariDataSource.java:127)
	at org.hibernate.engine.jdbc.connections.internal.DatasourceConnectionProviderImpl.getConnection(DatasourceConnectionProviderImpl.java:122)
	at org.hibernate.internal.NonContextualJdbcConnectionAccess.obtainConnection(NonContextualJdbcConnectionAccess.java:46)
	at org.hibernate.resource.jdbc.internal.LogicalConnectionManagedImpl.acquireConnectionIfNeeded(LogicalConnectionManagedImpl.java:113)
	at org.springframework.orm.jpa.vendor.HibernateJpaDialect.beginTransaction(HibernateJpaDialect.java:164)
	at org.springframework.orm.jpa.JpaTransactionManager.doBegin(JpaTransactionManager.java:420)
	at org.springframework.transaction.interceptor.TransactionAspectSupport.invokeWithinTransaction(TransactionAspectSupport.java:386)
	at org.springframework.transaction.interceptor.TransactionInterceptor.invoke(TransactionInterceptor.java:119)
	at com.example.assignment.ReportService$$SpringCGLIB$$0.buildClassReport(<generated>)
	at com.example.assignment.ReportController.classReport(ReportController.java:22)
	at java.base/jdk.internal.reflect.DirectMethodHandleAccessor.invoke(DirectMethodHandleAccessor.java:103)
	at java.base/java.lang.reflect.Method.invoke(Method.java:580)
	at org.springframework.web.method.support.InvocableHandlerMethod.doInvoke(InvocableHandlerMethod.java:255)
2026-09-16T14:41:46.474+09:00  WARN 1 --- [item-bank-api] [nio-8080-exec-8] o.h.engine.jdbc.spi.SqlExceptionHelper   : SQL Error: 0, SQLState: null
2026-09-16T14:41:46.474+09:00 ERROR 1 --- [item-bank-api] [nio-8080-exec-8] o.h.engine.jdbc.spi.SqlExceptionHelper   : itembank-pool - Connection is not available, request timed out after 3000ms (total=5, active=5, idle=0, waiting=1)
2026-09-16T14:41:46.475+09:00 ERROR 1 --- [item-bank-api] [nio-8080-exec-8] c.example.common.GlobalExceptionHandler  : unhandled exception on /api/classes/1/report
org.springframework.transaction.CannotCreateTransactionException: Could not open JPA EntityManager for transaction
	at org.springframework.orm.jpa.JpaTransactionManager.doBegin(JpaTransactionManager.java:466)
	at org.springframework.transaction.support.AbstractPlatformTransactionManager.startTransaction(AbstractPlatformTransactionManager.java:531)
	at org.springframework.transaction.support.AbstractPlatformTransactionManager.getTransaction(AbstractPlatformTransactionManager.java:405)
	at org.springframework.transaction.interceptor.TransactionAspectSupport.createTransactionIfNecessary(TransactionAspectSupport.java:617)
	at org.springframework.transaction.interceptor.TransactionAspectSupport.invokeWithinTransaction(TransactionAspectSupport.java:386)
	at org.springframework.transaction.interceptor.TransactionInterceptor.invoke(TransactionInterceptor.java:119)
	at org.springframework.aop.framework.ReflectiveMethodInvocation.proceed(ReflectiveMethodInvocation.java:184)
	at org.springframework.aop.framework.CglibAopProxy$DynamicAdvisedInterceptor.intercept(CglibAopProxy.java:720)
	at com.example.assignment.ReportService$$SpringCGLIB$$0.buildClassReport(<generated>)
	at com.example.assignment.ReportController.classReport(ReportController.java:22)
	at java.base/jdk.internal.reflect.DirectMethodHandleAccessor.invoke(DirectMethodHandleAccessor.java:103)
	at java.base/java.lang.reflect.Method.invoke(Method.java:580)
	... 48 more
Caused by: org.hibernate.exception.JDBCConnectionException: Unable to acquire JDBC Connection [itembank-pool - Connection is not available, request timed out after 3000ms (total=5, active=5, idle=0, waiting=1)] [n/a]
	at org.hibernate.exception.internal.SQLStateConversionDelegate.convert(SQLStateConversionDelegate.java:100)
	at org.hibernate.exception.internal.StandardSQLExceptionConverter.convert(StandardSQLExceptionConverter.java:58)
	at org.hibernate.engine.jdbc.spi.SqlExceptionHelper.convert(SqlExceptionHelper.java:108)
	at org.hibernate.resource.jdbc.internal.LogicalConnectionManagedImpl.acquireConnectionIfNeeded(LogicalConnectionManagedImpl.java:116)
	at org.hibernate.resource.jdbc.internal.LogicalConnectionManagedImpl.getPhysicalConnection(LogicalConnectionManagedImpl.java:143)
	at org.springframework.orm.jpa.vendor.HibernateJpaDialect.beginTransaction(HibernateJpaDialect.java:164)
	at org.springframework.orm.jpa.JpaTransactionManager.doBegin(JpaTransactionManager.java:420)
	... 58 common frames omitted
Caused by: java.sql.SQLTransientConnectionException: itembank-pool - Connection is not available, request timed out after 3000ms (total=5, active=5, idle=0, waiting=1)
	at com.zaxxer.hikari.pool.HikariPool.createTimeoutException(HikariPool.java:686)
	at com.zaxxer.hikari.pool.HikariPool.getConnection(HikariPool.java:179)
	at com.zaxxer.hikari.pool.HikariPool.getConnection(HikariPool.java:144)
	at com.zaxxer.hikari.HikariDataSource.getConnection(HikariDataSource.java:127)
	at org.hibernate.engine.jdbc.connections.internal.DatasourceConnectionProviderImpl.getConnection(DatasourceConnectionProviderImpl.java:122)
	at org.hibernate.internal.NonContextualJdbcConnectionAccess.obtainConnection(NonContextualJdbcConnectionAccess.java:46)
	at org.hibernate.resource.jdbc.internal.LogicalConnectionManagedImpl.acquireConnectionIfNeeded(LogicalConnectionManagedImpl.java:113)
	... 65 common frames omitted
2026-09-16T14:41:46.762+09:00  INFO 1 --- [item-bank-api] [nio-8080-exec-3] com.example.assignment.ReportService     : built class report for class 1: 3 distributions, 10 submissions
2026-09-16T14:41:46.764+09:00  INFO 1 --- [item-bank-api] [nio-8080-exec-3] com.zaxxer.hikari.pool.ProxyLeakTask     : Previously reported leaked connection org.mariadb.jdbc.Connection@71d4b8e2 on thread http-nio-8080-exec-3 was returned to the pool (unleaked)
2026-09-16T14:41:49.914+09:00  WARN 1 --- [item-bank-api] [ool housekeeper] com.zaxxer.hikari.pool.ProxyLeakTask     : Connection leak detection triggered for org.mariadb.jdbc.Connection@6e8f14d3 on thread http-nio-8080-exec-9, stack trace follows
java.lang.Exception: Apparent connection leak detected
	at com.zaxxer.hikari.HikariDataSource.getConnection(HikariDataSource.java:127)
	at org.hibernate.engine.jdbc.connections.internal.DatasourceConnectionProviderImpl.getConnection(DatasourceConnectionProviderImpl.java:122)
	at org.hibernate.internal.NonContextualJdbcConnectionAccess.obtainConnection(NonContextualJdbcConnectionAccess.java:46)
	at org.hibernate.resource.jdbc.internal.LogicalConnectionManagedImpl.acquireConnectionIfNeeded(LogicalConnectionManagedImpl.java:113)
	at org.springframework.orm.jpa.vendor.HibernateJpaDialect.beginTransaction(HibernateJpaDialect.java:164)
	at org.springframework.orm.jpa.JpaTransactionManager.doBegin(JpaTransactionManager.java:420)
	at org.springframework.transaction.interceptor.TransactionAspectSupport.invokeWithinTransaction(TransactionAspectSupport.java:386)
	at org.springframework.transaction.interceptor.TransactionInterceptor.invoke(TransactionInterceptor.java:119)
	at com.example.assignment.ReportService$$SpringCGLIB$$0.buildClassReport(<generated>)
	at com.example.assignment.ReportController.classReport(ReportController.java:22)
	at java.base/jdk.internal.reflect.DirectMethodHandleAccessor.invoke(DirectMethodHandleAccessor.java:103)
	at java.base/java.lang.reflect.Method.invoke(Method.java:580)
	at org.springframework.web.method.support.InvocableHandlerMethod.doInvoke(InvocableHandlerMethod.java:255)
2026-09-16T14:41:50.653+09:00  INFO 1 --- [item-bank-api] [nio-8080-exec-7] com.example.assignment.ReportService     : built class report for class 3: 3 distributions, 10 submissions
2026-09-16T14:41:50.655+09:00  INFO 1 --- [item-bank-api] [nio-8080-exec-7] com.zaxxer.hikari.pool.ProxyLeakTask     : Previously reported leaked connection org.mariadb.jdbc.Connection@2ac19f07 on thread http-nio-8080-exec-7 was returned to the pool (unleaked)
2026-09-16T14:41:51.378+09:00  WARN 1 --- [item-bank-api] [ool housekeeper] com.zaxxer.hikari.pool.ProxyLeakTask     : Connection leak detection triggered for org.mariadb.jdbc.Connection@3f6c2a91 on thread http-nio-8080-exec-5, stack trace follows
java.lang.Exception: Apparent connection leak detected
	at com.zaxxer.hikari.HikariDataSource.getConnection(HikariDataSource.java:127)
	at org.hibernate.engine.jdbc.connections.internal.DatasourceConnectionProviderImpl.getConnection(DatasourceConnectionProviderImpl.java:122)
	at org.hibernate.internal.NonContextualJdbcConnectionAccess.obtainConnection(NonContextualJdbcConnectionAccess.java:46)
	at org.hibernate.resource.jdbc.internal.LogicalConnectionManagedImpl.acquireConnectionIfNeeded(LogicalConnectionManagedImpl.java:113)
	at org.springframework.orm.jpa.vendor.HibernateJpaDialect.beginTransaction(HibernateJpaDialect.java:164)
	at org.springframework.orm.jpa.JpaTransactionManager.doBegin(JpaTransactionManager.java:420)
	at org.springframework.transaction.interceptor.TransactionAspectSupport.invokeWithinTransaction(TransactionAspectSupport.java:386)
	at org.springframework.transaction.interceptor.TransactionInterceptor.invoke(TransactionInterceptor.java:119)
	at com.example.assignment.ReportService$$SpringCGLIB$$0.buildClassReport(<generated>)
	at com.example.assignment.ReportController.classReport(ReportController.java:22)
	at java.base/jdk.internal.reflect.DirectMethodHandleAccessor.invoke(DirectMethodHandleAccessor.java:103)
	at java.base/java.lang.reflect.Method.invoke(Method.java:580)
	at org.springframework.web.method.support.InvocableHandlerMethod.doInvoke(InvocableHandlerMethod.java:255)
2026-09-16T14:41:51.400+09:00  INFO 1 --- [item-bank-api] [nio-8080-exec-2] com.example.assignment.ReportService     : built class report for class 1: 3 distributions, 10 submissions
2026-09-16T14:41:51.402+09:00  INFO 1 --- [item-bank-api] [nio-8080-exec-2] com.zaxxer.hikari.pool.ProxyLeakTask     : Previously reported leaked connection org.mariadb.jdbc.Connection@5b0e9e0c on thread http-nio-8080-exec-2 was returned to the pool (unleaked)
2026-09-16T14:41:57.232+09:00  INFO 1 --- [item-bank-api] [nio-8080-exec-1] c.example.common.GlobalExceptionHandler  : no handler for /favicon.ico
2026-09-16T14:41:59.425+09:00  INFO 1 --- [item-bank-api] [nio-8080-exec-9] com.example.assignment.ReportService     : built class report for class 3: 3 distributions, 10 submissions
2026-09-16T14:41:59.427+09:00  INFO 1 --- [item-bank-api] [nio-8080-exec-9] com.zaxxer.hikari.pool.ProxyLeakTask     : Previously reported leaked connection org.mariadb.jdbc.Connection@6e8f14d3 on thread http-nio-8080-exec-9 was returned to the pool (unleaked)
2026-09-16T14:41:59.934+09:00  INFO 1 --- [item-bank-api] [nio-8080-exec-5] com.example.assignment.ReportService     : built class report for class 2: 3 distributions, 10 submissions
2026-09-16T14:41:59.936+09:00  INFO 1 --- [item-bank-api] [nio-8080-exec-5] com.zaxxer.hikari.pool.ProxyLeakTask     : Previously reported leaked connection org.mariadb.jdbc.Connection@3f6c2a91 on thread http-nio-8080-exec-5 was returned to the pool (unleaked)
2026-09-16T14:42:00.588+09:00  WARN 1 --- [item-bank-api] [ool housekeeper] com.zaxxer.hikari.pool.ProxyLeakTask     : Connection leak detection triggered for org.mariadb.jdbc.Connection@71d4b8e2 on thread http-nio-8080-exec-3, stack trace follows
java.lang.Exception: Apparent connection leak detected
	at com.zaxxer.hikari.HikariDataSource.getConnection(HikariDataSource.java:127)
	at org.hibernate.engine.jdbc.connections.internal.DatasourceConnectionProviderImpl.getConnection(DatasourceConnectionProviderImpl.java:122)
	at org.hibernate.internal.NonContextualJdbcConnectionAccess.obtainConnection(NonContextualJdbcConnectionAccess.java:46)
	at org.hibernate.resource.jdbc.internal.LogicalConnectionManagedImpl.acquireConnectionIfNeeded(LogicalConnectionManagedImpl.java:113)
	at org.springframework.orm.jpa.vendor.HibernateJpaDialect.beginTransaction(HibernateJpaDialect.java:164)
	at org.springframework.orm.jpa.JpaTransactionManager.doBegin(JpaTransactionManager.java:420)
	at org.springframework.transaction.interceptor.TransactionAspectSupport.invokeWithinTransaction(TransactionAspectSupport.java:386)
	at org.springframework.transaction.interceptor.TransactionInterceptor.invoke(TransactionInterceptor.java:119)
	at com.example.assignment.ReportService$$SpringCGLIB$$0.buildClassReport(<generated>)
	at com.example.assignment.ReportController.classReport(ReportController.java:22)
	at java.base/jdk.internal.reflect.DirectMethodHandleAccessor.invoke(DirectMethodHandleAccessor.java:103)
	at java.base/java.lang.reflect.Method.invoke(Method.java:580)
	at org.springframework.web.method.support.InvocableHandlerMethod.doInvoke(InvocableHandlerMethod.java:255)
2026-09-16T14:42:03.827+09:00  WARN 1 --- [item-bank-api] [ool housekeeper] com.zaxxer.hikari.pool.ProxyLeakTask     : Connection leak detection triggered for org.mariadb.jdbc.Connection@5b0e9e0c on thread http-nio-8080-exec-4, stack trace follows
java.lang.Exception: Apparent connection leak detected
	at com.zaxxer.hikari.HikariDataSource.getConnection(HikariDataSource.java:127)
	at org.hibernate.engine.jdbc.connections.internal.DatasourceConnectionProviderImpl.getConnection(DatasourceConnectionProviderImpl.java:122)
	at org.hibernate.internal.NonContextualJdbcConnectionAccess.obtainConnection(NonContextualJdbcConnectionAccess.java:46)
	at org.hibernate.resource.jdbc.internal.LogicalConnectionManagedImpl.acquireConnectionIfNeeded(LogicalConnectionManagedImpl.java:113)
	at org.springframework.orm.jpa.vendor.HibernateJpaDialect.beginTransaction(HibernateJpaDialect.java:164)
	at org.springframework.orm.jpa.JpaTransactionManager.doBegin(JpaTransactionManager.java:420)
	at org.springframework.transaction.interceptor.TransactionAspectSupport.invokeWithinTransaction(TransactionAspectSupport.java:386)
	at org.springframework.transaction.interceptor.TransactionInterceptor.invoke(TransactionInterceptor.java:119)
	at com.example.assignment.ReportService$$SpringCGLIB$$0.buildClassReport(<generated>)
	at com.example.assignment.ReportController.classReport(ReportController.java:22)
	at java.base/jdk.internal.reflect.DirectMethodHandleAccessor.invoke(DirectMethodHandleAccessor.java:103)
	at java.base/java.lang.reflect.Method.invoke(Method.java:580)
	at org.springframework.web.method.support.InvocableHandlerMethod.doInvoke(InvocableHandlerMethod.java:255)
2026-09-16T14:42:07.729+09:00  WARN 1 --- [item-bank-api] [ool housekeeper] com.zaxxer.hikari.pool.ProxyLeakTask     : Connection leak detection triggered for org.mariadb.jdbc.Connection@2ac19f07 on thread http-nio-8080-exec-8, stack trace follows
java.lang.Exception: Apparent connection leak detected
	at com.zaxxer.hikari.HikariDataSource.getConnection(HikariDataSource.java:127)
	at org.hibernate.engine.jdbc.connections.internal.DatasourceConnectionProviderImpl.getConnection(DatasourceConnectionProviderImpl.java:122)
	at org.hibernate.internal.NonContextualJdbcConnectionAccess.obtainConnection(NonContextualJdbcConnectionAccess.java:46)
	at org.hibernate.resource.jdbc.internal.LogicalConnectionManagedImpl.acquireConnectionIfNeeded(LogicalConnectionManagedImpl.java:113)
	at org.springframework.orm.jpa.vendor.HibernateJpaDialect.beginTransaction(HibernateJpaDialect.java:164)
	at org.springframework.orm.jpa.JpaTransactionManager.doBegin(JpaTransactionManager.java:420)
	at org.springframework.transaction.interceptor.TransactionAspectSupport.invokeWithinTransaction(TransactionAspectSupport.java:386)
	at org.springframework.transaction.interceptor.TransactionInterceptor.invoke(TransactionInterceptor.java:119)
	at com.example.assignment.ReportService$$SpringCGLIB$$0.buildClassReport(<generated>)
	at com.example.assignment.ReportController.classReport(ReportController.java:22)
	at java.base/jdk.internal.reflect.DirectMethodHandleAccessor.invoke(DirectMethodHandleAccessor.java:103)
	at java.base/java.lang.reflect.Method.invoke(Method.java:580)
	at org.springframework.web.method.support.InvocableHandlerMethod.doInvoke(InvocableHandlerMethod.java:255)
2026-09-16T14:42:09.622+09:00  INFO 1 --- [item-bank-api] [nio-8080-exec-3] com.example.assignment.ReportService     : built class report for class 1: 3 distributions, 10 submissions
2026-09-16T14:42:09.624+09:00  INFO 1 --- [item-bank-api] [nio-8080-exec-3] com.zaxxer.hikari.pool.ProxyLeakTask     : Previously reported leaked connection org.mariadb.jdbc.Connection@71d4b8e2 on thread http-nio-8080-exec-3 was returned to the pool (unleaked)
2026-09-16T14:42:12.744+09:00  INFO 1 --- [item-bank-api] [nio-8080-exec-4] com.example.assignment.ReportService     : built class report for class 3: 3 distributions, 10 submissions
2026-09-16T14:42:12.746+09:00  INFO 1 --- [item-bank-api] [nio-8080-exec-4] com.zaxxer.hikari.pool.ProxyLeakTask     : Previously reported leaked connection org.mariadb.jdbc.Connection@5b0e9e0c on thread http-nio-8080-exec-4 was returned to the pool (unleaked)
2026-09-16T14:42:17.748+09:00  INFO 1 --- [item-bank-api] [nio-8080-exec-8] com.example.assignment.ReportService     : built class report for class 2: 3 distributions, 10 submissions
2026-09-16T14:42:17.750+09:00  INFO 1 --- [item-bank-api] [nio-8080-exec-8] com.zaxxer.hikari.pool.ProxyLeakTask     : Previously reported leaked connection org.mariadb.jdbc.Connection@2ac19f07 on thread http-nio-8080-exec-8 was returned to the pool (unleaked)
2026-09-16T14:42:20.841+09:00  WARN 1 --- [item-bank-api] [ool housekeeper] com.zaxxer.hikari.pool.ProxyLeakTask     : Connection leak detection triggered for org.mariadb.jdbc.Connection@6e8f14d3 on thread http-nio-8080-exec-1, stack trace follows
java.lang.Exception: Apparent connection leak detected
	at com.zaxxer.hikari.HikariDataSource.getConnection(HikariDataSource.java:127)
	at org.hibernate.engine.jdbc.connections.internal.DatasourceConnectionProviderImpl.getConnection(DatasourceConnectionProviderImpl.java:122)
	at org.hibernate.internal.NonContextualJdbcConnectionAccess.obtainConnection(NonContextualJdbcConnectionAccess.java:46)
	at org.hibernate.resource.jdbc.internal.LogicalConnectionManagedImpl.acquireConnectionIfNeeded(LogicalConnectionManagedImpl.java:113)
	at org.springframework.orm.jpa.vendor.HibernateJpaDialect.beginTransaction(HibernateJpaDialect.java:164)
	at org.springframework.orm.jpa.JpaTransactionManager.doBegin(JpaTransactionManager.java:420)
	at org.springframework.transaction.interceptor.TransactionAspectSupport.invokeWithinTransaction(TransactionAspectSupport.java:386)
	at org.springframework.transaction.interceptor.TransactionInterceptor.invoke(TransactionInterceptor.java:119)
	at com.example.assignment.ReportService$$SpringCGLIB$$0.buildClassReport(<generated>)
	at com.example.assignment.ReportController.classReport(ReportController.java:22)
	at java.base/jdk.internal.reflect.DirectMethodHandleAccessor.invoke(DirectMethodHandleAccessor.java:103)
	at java.base/java.lang.reflect.Method.invoke(Method.java:580)
	at org.springframework.web.method.support.InvocableHandlerMethod.doInvoke(InvocableHandlerMethod.java:255)
2026-09-16T14:42:23.108+09:00  WARN 1 --- [item-bank-api] [ool housekeeper] com.zaxxer.hikari.pool.ProxyLeakTask     : Connection leak detection triggered for org.mariadb.jdbc.Connection@71d4b8e2 on thread http-nio-8080-exec-5, stack trace follows
java.lang.Exception: Apparent connection leak detected
	at com.zaxxer.hikari.HikariDataSource.getConnection(HikariDataSource.java:127)
	at org.hibernate.engine.jdbc.connections.internal.DatasourceConnectionProviderImpl.getConnection(DatasourceConnectionProviderImpl.java:122)
	at org.hibernate.internal.NonContextualJdbcConnectionAccess.obtainConnection(NonContextualJdbcConnectionAccess.java:46)
	at org.hibernate.resource.jdbc.internal.LogicalConnectionManagedImpl.acquireConnectionIfNeeded(LogicalConnectionManagedImpl.java:113)
	at org.springframework.orm.jpa.vendor.HibernateJpaDialect.beginTransaction(HibernateJpaDialect.java:164)
	at org.springframework.orm.jpa.JpaTransactionManager.doBegin(JpaTransactionManager.java:420)
	at org.springframework.transaction.interceptor.TransactionAspectSupport.invokeWithinTransaction(TransactionAspectSupport.java:386)
	at org.springframework.transaction.interceptor.TransactionInterceptor.invoke(TransactionInterceptor.java:119)
	at com.example.assignment.ReportService$$SpringCGLIB$$0.buildClassReport(<generated>)
	at com.example.assignment.ReportController.classReport(ReportController.java:22)
	at java.base/jdk.internal.reflect.DirectMethodHandleAccessor.invoke(DirectMethodHandleAccessor.java:103)
	at java.base/java.lang.reflect.Method.invoke(Method.java:580)
	at org.springframework.web.method.support.InvocableHandlerMethod.doInvoke(InvocableHandlerMethod.java:255)
2026-09-16T14:42:23.697+09:00  WARN 1 --- [item-bank-api] [ool housekeeper] com.zaxxer.hikari.pool.ProxyLeakTask     : Connection leak detection triggered for org.mariadb.jdbc.Connection@3f6c2a91 on thread http-nio-8080-exec-7, stack trace follows
java.lang.Exception: Apparent connection leak detected
	at com.zaxxer.hikari.HikariDataSource.getConnection(HikariDataSource.java:127)
	at org.hibernate.engine.jdbc.connections.internal.DatasourceConnectionProviderImpl.getConnection(DatasourceConnectionProviderImpl.java:122)
	at org.hibernate.internal.NonContextualJdbcConnectionAccess.obtainConnection(NonContextualJdbcConnectionAccess.java:46)
	at org.hibernate.resource.jdbc.internal.LogicalConnectionManagedImpl.acquireConnectionIfNeeded(LogicalConnectionManagedImpl.java:113)
	at org.springframework.orm.jpa.vendor.HibernateJpaDialect.beginTransaction(HibernateJpaDialect.java:164)
	at org.springframework.orm.jpa.JpaTransactionManager.doBegin(JpaTransactionManager.java:420)
	at org.springframework.transaction.interceptor.TransactionAspectSupport.invokeWithinTransaction(TransactionAspectSupport.java:386)
	at org.springframework.transaction.interceptor.TransactionInterceptor.invoke(TransactionInterceptor.java:119)
	at com.example.assignment.ReportService$$SpringCGLIB$$0.buildClassReport(<generated>)
	at com.example.assignment.ReportController.classReport(ReportController.java:22)
	at java.base/jdk.internal.reflect.DirectMethodHandleAccessor.invoke(DirectMethodHandleAccessor.java:103)
	at java.base/java.lang.reflect.Method.invoke(Method.java:580)
	at org.springframework.web.method.support.InvocableHandlerMethod.doInvoke(InvocableHandlerMethod.java:255)
2026-09-16T14:42:26.459+09:00  WARN 1 --- [item-bank-api] [ool housekeeper] com.zaxxer.hikari.pool.ProxyLeakTask     : Connection leak detection triggered for org.mariadb.jdbc.Connection@5b0e9e0c on thread http-nio-8080-exec-6, stack trace follows
java.lang.Exception: Apparent connection leak detected
	at com.zaxxer.hikari.HikariDataSource.getConnection(HikariDataSource.java:127)
	at org.hibernate.engine.jdbc.connections.internal.DatasourceConnectionProviderImpl.getConnection(DatasourceConnectionProviderImpl.java:122)
	at org.hibernate.internal.NonContextualJdbcConnectionAccess.obtainConnection(NonContextualJdbcConnectionAccess.java:46)
	at org.hibernate.resource.jdbc.internal.LogicalConnectionManagedImpl.acquireConnectionIfNeeded(LogicalConnectionManagedImpl.java:113)
	at org.springframework.orm.jpa.vendor.HibernateJpaDialect.beginTransaction(HibernateJpaDialect.java:164)
	at org.springframework.orm.jpa.JpaTransactionManager.doBegin(JpaTransactionManager.java:420)
	at org.springframework.transaction.interceptor.TransactionAspectSupport.invokeWithinTransaction(TransactionAspectSupport.java:386)
	at org.springframework.transaction.interceptor.TransactionInterceptor.invoke(TransactionInterceptor.java:119)
	at com.example.assignment.ReportService$$SpringCGLIB$$0.buildClassReport(<generated>)
	at com.example.assignment.ReportController.classReport(ReportController.java:22)
	at java.base/jdk.internal.reflect.DirectMethodHandleAccessor.invoke(DirectMethodHandleAccessor.java:103)
	at java.base/java.lang.reflect.Method.invoke(Method.java:580)
	at org.springframework.web.method.support.InvocableHandlerMethod.doInvoke(InvocableHandlerMethod.java:255)
2026-09-16T14:42:29.215+09:00  WARN 1 --- [item-bank-api] [io-8080-exec-10] o.h.engine.jdbc.spi.SqlExceptionHelper   : SQL Error: 0, SQLState: null
2026-09-16T14:42:29.215+09:00 ERROR 1 --- [item-bank-api] [io-8080-exec-10] o.h.engine.jdbc.spi.SqlExceptionHelper   : itembank-pool - Connection is not available, request timed out after 3000ms (total=5, active=5, idle=0, waiting=3)
2026-09-16T14:42:29.216+09:00 ERROR 1 --- [item-bank-api] [io-8080-exec-10] c.example.common.GlobalExceptionHandler  : unhandled exception on /api/units/M6-2/items
org.springframework.transaction.CannotCreateTransactionException: Could not open JPA EntityManager for transaction
	at org.springframework.orm.jpa.JpaTransactionManager.doBegin(JpaTransactionManager.java:466)
	at org.springframework.transaction.support.AbstractPlatformTransactionManager.startTransaction(AbstractPlatformTransactionManager.java:531)
	at org.springframework.transaction.support.AbstractPlatformTransactionManager.getTransaction(AbstractPlatformTransactionManager.java:405)
	at org.springframework.transaction.interceptor.TransactionAspectSupport.createTransactionIfNecessary(TransactionAspectSupport.java:617)
	at org.springframework.transaction.interceptor.TransactionAspectSupport.invokeWithinTransaction(TransactionAspectSupport.java:386)
	at org.springframework.transaction.interceptor.TransactionInterceptor.invoke(TransactionInterceptor.java:119)
	at org.springframework.aop.framework.ReflectiveMethodInvocation.proceed(ReflectiveMethodInvocation.java:184)
	at org.springframework.aop.framework.CglibAopProxy$DynamicAdvisedInterceptor.intercept(CglibAopProxy.java:720)
	at com.example.item.ItemService$$SpringCGLIB$$0.listActiveItemsByUnit(<generated>)
	at com.example.item.ItemController.listItemsByUnit(ItemController.java:31)
	at java.base/jdk.internal.reflect.DirectMethodHandleAccessor.invoke(DirectMethodHandleAccessor.java:103)
	at java.base/java.lang.reflect.Method.invoke(Method.java:580)
	... 48 more
Caused by: org.hibernate.exception.JDBCConnectionException: Unable to acquire JDBC Connection [itembank-pool - Connection is not available, request timed out after 3000ms (total=5, active=5, idle=0, waiting=3)] [n/a]
	at org.hibernate.exception.internal.SQLStateConversionDelegate.convert(SQLStateConversionDelegate.java:100)
	at org.hibernate.exception.internal.StandardSQLExceptionConverter.convert(StandardSQLExceptionConverter.java:58)
	at org.hibernate.engine.jdbc.spi.SqlExceptionHelper.convert(SqlExceptionHelper.java:108)
	at org.hibernate.resource.jdbc.internal.LogicalConnectionManagedImpl.acquireConnectionIfNeeded(LogicalConnectionManagedImpl.java:116)
	at org.hibernate.resource.jdbc.internal.LogicalConnectionManagedImpl.getPhysicalConnection(LogicalConnectionManagedImpl.java:143)
	at org.springframework.orm.jpa.vendor.HibernateJpaDialect.beginTransaction(HibernateJpaDialect.java:164)
	at org.springframework.orm.jpa.JpaTransactionManager.doBegin(JpaTransactionManager.java:420)
	... 58 common frames omitted
Caused by: java.sql.SQLTransientConnectionException: itembank-pool - Connection is not available, request timed out after 3000ms (total=5, active=5, idle=0, waiting=3)
	at com.zaxxer.hikari.pool.HikariPool.createTimeoutException(HikariPool.java:686)
	at com.zaxxer.hikari.pool.HikariPool.getConnection(HikariPool.java:179)
	at com.zaxxer.hikari.pool.HikariPool.getConnection(HikariPool.java:144)
	at com.zaxxer.hikari.HikariDataSource.getConnection(HikariDataSource.java:127)
	at org.hibernate.engine.jdbc.connections.internal.DatasourceConnectionProviderImpl.getConnection(DatasourceConnectionProviderImpl.java:122)
	at org.hibernate.internal.NonContextualJdbcConnectionAccess.obtainConnection(NonContextualJdbcConnectionAccess.java:46)
	at org.hibernate.resource.jdbc.internal.LogicalConnectionManagedImpl.acquireConnectionIfNeeded(LogicalConnectionManagedImpl.java:113)
	... 65 common frames omitted
2026-09-16T14:42:30.096+09:00  WARN 1 --- [item-bank-api] [nio-8080-exec-8] o.h.engine.jdbc.spi.SqlExceptionHelper   : SQL Error: 0, SQLState: null
2026-09-16T14:42:30.096+09:00 ERROR 1 --- [item-bank-api] [nio-8080-exec-8] o.h.engine.jdbc.spi.SqlExceptionHelper   : itembank-pool - Connection is not available, request timed out after 3000ms (total=5, active=5, idle=0, waiting=3)
2026-09-16T14:42:30.097+09:00 ERROR 1 --- [item-bank-api] [nio-8080-exec-8] c.example.common.GlobalExceptionHandler  : unhandled exception on /api/items/27
org.springframework.transaction.CannotCreateTransactionException: Could not open JPA EntityManager for transaction
	at org.springframework.orm.jpa.JpaTransactionManager.doBegin(JpaTransactionManager.java:466)
	at org.springframework.transaction.support.AbstractPlatformTransactionManager.startTransaction(AbstractPlatformTransactionManager.java:531)
	at org.springframework.transaction.support.AbstractPlatformTransactionManager.getTransaction(AbstractPlatformTransactionManager.java:405)
	at org.springframework.transaction.interceptor.TransactionAspectSupport.createTransactionIfNecessary(TransactionAspectSupport.java:617)
	at org.springframework.transaction.interceptor.TransactionAspectSupport.invokeWithinTransaction(TransactionAspectSupport.java:386)
	at org.springframework.transaction.interceptor.TransactionInterceptor.invoke(TransactionInterceptor.java:119)
	at org.springframework.aop.framework.ReflectiveMethodInvocation.proceed(ReflectiveMethodInvocation.java:184)
	at org.springframework.aop.framework.CglibAopProxy$DynamicAdvisedInterceptor.intercept(CglibAopProxy.java:720)
	at com.example.item.ItemService$$SpringCGLIB$$0.getItem(<generated>)
	at com.example.item.ItemController.getItem(ItemController.java:25)
	at java.base/jdk.internal.reflect.DirectMethodHandleAccessor.invoke(DirectMethodHandleAccessor.java:103)
	at java.base/java.lang.reflect.Method.invoke(Method.java:580)
	... 48 more
Caused by: org.hibernate.exception.JDBCConnectionException: Unable to acquire JDBC Connection [itembank-pool - Connection is not available, request timed out after 3000ms (total=5, active=5, idle=0, waiting=3)] [n/a]
	at org.hibernate.exception.internal.SQLStateConversionDelegate.convert(SQLStateConversionDelegate.java:100)
	at org.hibernate.exception.internal.StandardSQLExceptionConverter.convert(StandardSQLExceptionConverter.java:58)
	at org.hibernate.engine.jdbc.spi.SqlExceptionHelper.convert(SqlExceptionHelper.java:108)
	at org.hibernate.resource.jdbc.internal.LogicalConnectionManagedImpl.acquireConnectionIfNeeded(LogicalConnectionManagedImpl.java:116)
	at org.hibernate.resource.jdbc.internal.LogicalConnectionManagedImpl.getPhysicalConnection(LogicalConnectionManagedImpl.java:143)
	at org.springframework.orm.jpa.vendor.HibernateJpaDialect.beginTransaction(HibernateJpaDialect.java:164)
	at org.springframework.orm.jpa.JpaTransactionManager.doBegin(JpaTransactionManager.java:420)
	... 58 common frames omitted
Caused by: java.sql.SQLTransientConnectionException: itembank-pool - Connection is not available, request timed out after 3000ms (total=5, active=5, idle=0, waiting=3)
	at com.zaxxer.hikari.pool.HikariPool.createTimeoutException(HikariPool.java:686)
	at com.zaxxer.hikari.pool.HikariPool.getConnection(HikariPool.java:179)
	at com.zaxxer.hikari.pool.HikariPool.getConnection(HikariPool.java:144)
	at com.zaxxer.hikari.HikariDataSource.getConnection(HikariDataSource.java:127)
	at org.hibernate.engine.jdbc.connections.internal.DatasourceConnectionProviderImpl.getConnection(DatasourceConnectionProviderImpl.java:122)
	at org.hibernate.internal.NonContextualJdbcConnectionAccess.obtainConnection(NonContextualJdbcConnectionAccess.java:46)
	at org.hibernate.resource.jdbc.internal.LogicalConnectionManagedImpl.acquireConnectionIfNeeded(LogicalConnectionManagedImpl.java:113)
	... 65 common frames omitted
2026-09-16T14:42:30.445+09:00  INFO 1 --- [item-bank-api] [nio-8080-exec-1] com.example.assignment.ReportService     : built class report for class 1: 3 distributions, 10 submissions
2026-09-16T14:42:30.447+09:00  INFO 1 --- [item-bank-api] [nio-8080-exec-1] com.zaxxer.hikari.pool.ProxyLeakTask     : Previously reported leaked connection org.mariadb.jdbc.Connection@6e8f14d3 on thread http-nio-8080-exec-1 was returned to the pool (unleaked)
2026-09-16T14:42:31.590+09:00  INFO 1 --- [item-bank-api] [nio-8080-exec-5] com.example.assignment.ReportService     : built class report for class 2: 3 distributions, 10 submissions
2026-09-16T14:42:31.592+09:00  INFO 1 --- [item-bank-api] [nio-8080-exec-5] com.zaxxer.hikari.pool.ProxyLeakTask     : Previously reported leaked connection org.mariadb.jdbc.Connection@71d4b8e2 on thread http-nio-8080-exec-5 was returned to the pool (unleaked)
2026-09-16T14:42:31.715+09:00  INFO 1 --- [item-bank-api] [nio-8080-exec-7] com.example.assignment.ReportService     : built class report for class 3: 3 distributions, 10 submissions
2026-09-16T14:42:31.717+09:00  INFO 1 --- [item-bank-api] [nio-8080-exec-7] com.zaxxer.hikari.pool.ProxyLeakTask     : Previously reported leaked connection org.mariadb.jdbc.Connection@3f6c2a91 on thread http-nio-8080-exec-7 was returned to the pool (unleaked)
2026-09-16T14:42:33.263+09:00  WARN 1 --- [item-bank-api] [ool housekeeper] com.zaxxer.hikari.pool.ProxyLeakTask     : Connection leak detection triggered for org.mariadb.jdbc.Connection@2ac19f07 on thread http-nio-8080-exec-4, stack trace follows
java.lang.Exception: Apparent connection leak detected
	at com.zaxxer.hikari.HikariDataSource.getConnection(HikariDataSource.java:127)
	at org.hibernate.engine.jdbc.connections.internal.DatasourceConnectionProviderImpl.getConnection(DatasourceConnectionProviderImpl.java:122)
	at org.hibernate.internal.NonContextualJdbcConnectionAccess.obtainConnection(NonContextualJdbcConnectionAccess.java:46)
	at org.hibernate.resource.jdbc.internal.LogicalConnectionManagedImpl.acquireConnectionIfNeeded(LogicalConnectionManagedImpl.java:113)
	at org.springframework.orm.jpa.vendor.HibernateJpaDialect.beginTransaction(HibernateJpaDialect.java:164)
	at org.springframework.orm.jpa.JpaTransactionManager.doBegin(JpaTransactionManager.java:420)
	at org.springframework.transaction.interceptor.TransactionAspectSupport.invokeWithinTransaction(TransactionAspectSupport.java:386)
	at org.springframework.transaction.interceptor.TransactionInterceptor.invoke(TransactionInterceptor.java:119)
	at com.example.assignment.ReportService$$SpringCGLIB$$0.buildClassReport(<generated>)
	at com.example.assignment.ReportController.classReport(ReportController.java:22)
	at java.base/jdk.internal.reflect.DirectMethodHandleAccessor.invoke(DirectMethodHandleAccessor.java:103)
	at java.base/java.lang.reflect.Method.invoke(Method.java:580)
	at org.springframework.web.method.support.InvocableHandlerMethod.doInvoke(InvocableHandlerMethod.java:255)
2026-09-16T14:42:37.628+09:00  INFO 1 --- [item-bank-api] [nio-8080-exec-6] com.example.assignment.ReportService     : built class report for class 3: 3 distributions, 10 submissions
2026-09-16T14:42:37.630+09:00  INFO 1 --- [item-bank-api] [nio-8080-exec-6] com.zaxxer.hikari.pool.ProxyLeakTask     : Previously reported leaked connection org.mariadb.jdbc.Connection@5b0e9e0c on thread http-nio-8080-exec-6 was returned to the pool (unleaked)
2026-09-16T14:42:38.865+09:00  WARN 1 --- [item-bank-api] [nio-8080-exec-9] o.h.engine.jdbc.spi.SqlExceptionHelper   : SQL Error: 0, SQLState: null
2026-09-16T14:42:38.865+09:00 ERROR 1 --- [item-bank-api] [nio-8080-exec-9] o.h.engine.jdbc.spi.SqlExceptionHelper   : itembank-pool - Connection is not available, request timed out after 3000ms (total=5, active=5, idle=0, waiting=1)
2026-09-16T14:42:38.866+09:00 ERROR 1 --- [item-bank-api] [nio-8080-exec-9] c.example.common.GlobalExceptionHandler  : unhandled exception on /api/units/M5-3/items
org.springframework.transaction.CannotCreateTransactionException: Could not open JPA EntityManager for transaction
	at org.springframework.orm.jpa.JpaTransactionManager.doBegin(JpaTransactionManager.java:466)
	at org.springframework.transaction.support.AbstractPlatformTransactionManager.startTransaction(AbstractPlatformTransactionManager.java:531)
	at org.springframework.transaction.support.AbstractPlatformTransactionManager.getTransaction(AbstractPlatformTransactionManager.java:405)
	at org.springframework.transaction.interceptor.TransactionAspectSupport.createTransactionIfNecessary(TransactionAspectSupport.java:617)
	at org.springframework.transaction.interceptor.TransactionAspectSupport.invokeWithinTransaction(TransactionAspectSupport.java:386)
	at org.springframework.transaction.interceptor.TransactionInterceptor.invoke(TransactionInterceptor.java:119)
	at org.springframework.aop.framework.ReflectiveMethodInvocation.proceed(ReflectiveMethodInvocation.java:184)
	at org.springframework.aop.framework.CglibAopProxy$DynamicAdvisedInterceptor.intercept(CglibAopProxy.java:720)
	at com.example.item.ItemService$$SpringCGLIB$$0.listActiveItemsByUnit(<generated>)
	at com.example.item.ItemController.listItemsByUnit(ItemController.java:31)
	at java.base/jdk.internal.reflect.DirectMethodHandleAccessor.invoke(DirectMethodHandleAccessor.java:103)
	at java.base/java.lang.reflect.Method.invoke(Method.java:580)
	... 48 more
Caused by: org.hibernate.exception.JDBCConnectionException: Unable to acquire JDBC Connection [itembank-pool - Connection is not available, request timed out after 3000ms (total=5, active=5, idle=0, waiting=1)] [n/a]
	at org.hibernate.exception.internal.SQLStateConversionDelegate.convert(SQLStateConversionDelegate.java:100)
	at org.hibernate.exception.internal.StandardSQLExceptionConverter.convert(StandardSQLExceptionConverter.java:58)
	at org.hibernate.engine.jdbc.spi.SqlExceptionHelper.convert(SqlExceptionHelper.java:108)
	at org.hibernate.resource.jdbc.internal.LogicalConnectionManagedImpl.acquireConnectionIfNeeded(LogicalConnectionManagedImpl.java:116)
	at org.hibernate.resource.jdbc.internal.LogicalConnectionManagedImpl.getPhysicalConnection(LogicalConnectionManagedImpl.java:143)
	at org.springframework.orm.jpa.vendor.HibernateJpaDialect.beginTransaction(HibernateJpaDialect.java:164)
	at org.springframework.orm.jpa.JpaTransactionManager.doBegin(JpaTransactionManager.java:420)
	... 58 common frames omitted
Caused by: java.sql.SQLTransientConnectionException: itembank-pool - Connection is not available, request timed out after 3000ms (total=5, active=5, idle=0, waiting=1)
	at com.zaxxer.hikari.pool.HikariPool.createTimeoutException(HikariPool.java:686)
	at com.zaxxer.hikari.pool.HikariPool.getConnection(HikariPool.java:179)
	at com.zaxxer.hikari.pool.HikariPool.getConnection(HikariPool.java:144)
	at com.zaxxer.hikari.HikariDataSource.getConnection(HikariDataSource.java:127)
	at org.hibernate.engine.jdbc.connections.internal.DatasourceConnectionProviderImpl.getConnection(DatasourceConnectionProviderImpl.java:122)
	at org.hibernate.internal.NonContextualJdbcConnectionAccess.obtainConnection(NonContextualJdbcConnectionAccess.java:46)
	at org.hibernate.resource.jdbc.internal.LogicalConnectionManagedImpl.acquireConnectionIfNeeded(LogicalConnectionManagedImpl.java:113)
	... 65 common frames omitted
2026-09-16T14:42:40.951+09:00  INFO 1 --- [item-bank-api] [nio-8080-exec-4] com.example.assignment.ReportService     : built class report for class 1: 3 distributions, 10 submissions
2026-09-16T14:42:40.953+09:00  INFO 1 --- [item-bank-api] [nio-8080-exec-4] com.zaxxer.hikari.pool.ProxyLeakTask     : Previously reported leaked connection org.mariadb.jdbc.Connection@2ac19f07 on thread http-nio-8080-exec-4 was returned to the pool (unleaked)
2026-09-16T14:42:41.380+09:00  WARN 1 --- [item-bank-api] [ool housekeeper] com.zaxxer.hikari.pool.ProxyLeakTask     : Connection leak detection triggered for org.mariadb.jdbc.Connection@6e8f14d3 on thread http-nio-8080-exec-2, stack trace follows
java.lang.Exception: Apparent connection leak detected
	at com.zaxxer.hikari.HikariDataSource.getConnection(HikariDataSource.java:127)
	at org.hibernate.engine.jdbc.connections.internal.DatasourceConnectionProviderImpl.getConnection(DatasourceConnectionProviderImpl.java:122)
	at org.hibernate.internal.NonContextualJdbcConnectionAccess.obtainConnection(NonContextualJdbcConnectionAccess.java:46)
	at org.hibernate.resource.jdbc.internal.LogicalConnectionManagedImpl.acquireConnectionIfNeeded(LogicalConnectionManagedImpl.java:113)
	at org.springframework.orm.jpa.vendor.HibernateJpaDialect.beginTransaction(HibernateJpaDialect.java:164)
	at org.springframework.orm.jpa.JpaTransactionManager.doBegin(JpaTransactionManager.java:420)
	at org.springframework.transaction.interceptor.TransactionAspectSupport.invokeWithinTransaction(TransactionAspectSupport.java:386)
	at org.springframework.transaction.interceptor.TransactionInterceptor.invoke(TransactionInterceptor.java:119)
	at com.example.assignment.ReportService$$SpringCGLIB$$0.buildClassReport(<generated>)
	at com.example.assignment.ReportController.classReport(ReportController.java:22)
	at java.base/jdk.internal.reflect.DirectMethodHandleAccessor.invoke(DirectMethodHandleAccessor.java:103)
	at java.base/java.lang.reflect.Method.invoke(Method.java:580)
	at org.springframework.web.method.support.InvocableHandlerMethod.doInvoke(InvocableHandlerMethod.java:255)
2026-09-16T14:42:42.316+09:00  WARN 1 --- [item-bank-api] [ool housekeeper] com.zaxxer.hikari.pool.ProxyLeakTask     : Connection leak detection triggered for org.mariadb.jdbc.Connection@71d4b8e2 on thread http-nio-8080-exec-10, stack trace follows
java.lang.Exception: Apparent connection leak detected
	at com.zaxxer.hikari.HikariDataSource.getConnection(HikariDataSource.java:127)
	at org.hibernate.engine.jdbc.connections.internal.DatasourceConnectionProviderImpl.getConnection(DatasourceConnectionProviderImpl.java:122)
	at org.hibernate.internal.NonContextualJdbcConnectionAccess.obtainConnection(NonContextualJdbcConnectionAccess.java:46)
	at org.hibernate.resource.jdbc.internal.LogicalConnectionManagedImpl.acquireConnectionIfNeeded(LogicalConnectionManagedImpl.java:113)
	at org.springframework.orm.jpa.vendor.HibernateJpaDialect.beginTransaction(HibernateJpaDialect.java:164)
	at org.springframework.orm.jpa.JpaTransactionManager.doBegin(JpaTransactionManager.java:420)
	at org.springframework.transaction.interceptor.TransactionAspectSupport.invokeWithinTransaction(TransactionAspectSupport.java:386)
	at org.springframework.transaction.interceptor.TransactionInterceptor.invoke(TransactionInterceptor.java:119)
	at com.example.assignment.ReportService$$SpringCGLIB$$0.buildClassReport(<generated>)
	at com.example.assignment.ReportController.classReport(ReportController.java:22)
	at java.base/jdk.internal.reflect.DirectMethodHandleAccessor.invoke(DirectMethodHandleAccessor.java:103)
	at java.base/java.lang.reflect.Method.invoke(Method.java:580)
	at org.springframework.web.method.support.InvocableHandlerMethod.doInvoke(InvocableHandlerMethod.java:255)
2026-09-16T14:42:43.649+09:00  WARN 1 --- [item-bank-api] [ool housekeeper] com.zaxxer.hikari.pool.ProxyLeakTask     : Connection leak detection triggered for org.mariadb.jdbc.Connection@3f6c2a91 on thread http-nio-8080-exec-7, stack trace follows
java.lang.Exception: Apparent connection leak detected
	at com.zaxxer.hikari.HikariDataSource.getConnection(HikariDataSource.java:127)
	at org.hibernate.engine.jdbc.connections.internal.DatasourceConnectionProviderImpl.getConnection(DatasourceConnectionProviderImpl.java:122)
	at org.hibernate.internal.NonContextualJdbcConnectionAccess.obtainConnection(NonContextualJdbcConnectionAccess.java:46)
	at org.hibernate.resource.jdbc.internal.LogicalConnectionManagedImpl.acquireConnectionIfNeeded(LogicalConnectionManagedImpl.java:113)
	at org.springframework.orm.jpa.vendor.HibernateJpaDialect.beginTransaction(HibernateJpaDialect.java:164)
	at org.springframework.orm.jpa.JpaTransactionManager.doBegin(JpaTransactionManager.java:420)
	at org.springframework.transaction.interceptor.TransactionAspectSupport.invokeWithinTransaction(TransactionAspectSupport.java:386)
	at org.springframework.transaction.interceptor.TransactionInterceptor.invoke(TransactionInterceptor.java:119)
	at com.example.assignment.ReportService$$SpringCGLIB$$0.buildClassReport(<generated>)
	at com.example.assignment.ReportController.classReport(ReportController.java:22)
	at java.base/jdk.internal.reflect.DirectMethodHandleAccessor.invoke(DirectMethodHandleAccessor.java:103)
	at java.base/java.lang.reflect.Method.invoke(Method.java:580)
	at org.springframework.web.method.support.InvocableHandlerMethod.doInvoke(InvocableHandlerMethod.java:255)
2026-09-16T14:42:43.857+09:00  INFO 1 --- [item-bank-api] [nio-8080-exec-3] c.example.common.GlobalExceptionHandler  : no handler for /favicon.ico
2026-09-16T14:42:47.633+09:00  WARN 1 --- [item-bank-api] [ool housekeeper] com.zaxxer.hikari.pool.ProxyLeakTask     : Connection leak detection triggered for org.mariadb.jdbc.Connection@5b0e9e0c on thread http-nio-8080-exec-1, stack trace follows
java.lang.Exception: Apparent connection leak detected
	at com.zaxxer.hikari.HikariDataSource.getConnection(HikariDataSource.java:127)
	at org.hibernate.engine.jdbc.connections.internal.DatasourceConnectionProviderImpl.getConnection(DatasourceConnectionProviderImpl.java:122)
	at org.hibernate.internal.NonContextualJdbcConnectionAccess.obtainConnection(NonContextualJdbcConnectionAccess.java:46)
	at org.hibernate.resource.jdbc.internal.LogicalConnectionManagedImpl.acquireConnectionIfNeeded(LogicalConnectionManagedImpl.java:113)
	at org.springframework.orm.jpa.vendor.HibernateJpaDialect.beginTransaction(HibernateJpaDialect.java:164)
	at org.springframework.orm.jpa.JpaTransactionManager.doBegin(JpaTransactionManager.java:420)
	at org.springframework.transaction.interceptor.TransactionAspectSupport.invokeWithinTransaction(TransactionAspectSupport.java:386)
	at org.springframework.transaction.interceptor.TransactionInterceptor.invoke(TransactionInterceptor.java:119)
	at com.example.assignment.ReportService$$SpringCGLIB$$0.buildClassReport(<generated>)
	at com.example.assignment.ReportController.classReport(ReportController.java:22)
	at java.base/jdk.internal.reflect.DirectMethodHandleAccessor.invoke(DirectMethodHandleAccessor.java:103)
	at java.base/java.lang.reflect.Method.invoke(Method.java:580)
	at org.springframework.web.method.support.InvocableHandlerMethod.doInvoke(InvocableHandlerMethod.java:255)
2026-09-16T14:42:49.861+09:00  WARN 1 --- [item-bank-api] [nio-8080-exec-8] o.h.engine.jdbc.spi.SqlExceptionHelper   : SQL Error: 0, SQLState: null
2026-09-16T14:42:49.861+09:00 ERROR 1 --- [item-bank-api] [nio-8080-exec-8] o.h.engine.jdbc.spi.SqlExceptionHelper   : itembank-pool - Connection is not available, request timed out after 3000ms (total=5, active=5, idle=0, waiting=5)
2026-09-16T14:42:49.862+09:00 ERROR 1 --- [item-bank-api] [nio-8080-exec-8] c.example.common.GlobalExceptionHandler  : unhandled exception on /api/units
org.springframework.transaction.CannotCreateTransactionException: Could not open JPA EntityManager for transaction
	at org.springframework.orm.jpa.JpaTransactionManager.doBegin(JpaTransactionManager.java:466)
	at org.springframework.transaction.support.AbstractPlatformTransactionManager.startTransaction(AbstractPlatformTransactionManager.java:531)
	at org.springframework.transaction.support.AbstractPlatformTransactionManager.getTransaction(AbstractPlatformTransactionManager.java:405)
	at org.springframework.transaction.interceptor.TransactionAspectSupport.createTransactionIfNecessary(TransactionAspectSupport.java:617)
	at org.springframework.transaction.interceptor.TransactionAspectSupport.invokeWithinTransaction(TransactionAspectSupport.java:386)
	at org.springframework.transaction.interceptor.TransactionInterceptor.invoke(TransactionInterceptor.java:119)
	at org.springframework.aop.framework.ReflectiveMethodInvocation.proceed(ReflectiveMethodInvocation.java:184)
	at org.springframework.aop.framework.CglibAopProxy$DynamicAdvisedInterceptor.intercept(CglibAopProxy.java:720)
	at com.example.item.UnitService$$SpringCGLIB$$0.listUnits(<generated>)
	at com.example.item.UnitController.listUnits(UnitController.java:22)
	at java.base/jdk.internal.reflect.DirectMethodHandleAccessor.invoke(DirectMethodHandleAccessor.java:103)
	at java.base/java.lang.reflect.Method.invoke(Method.java:580)
	... 48 more
Caused by: org.hibernate.exception.JDBCConnectionException: Unable to acquire JDBC Connection [itembank-pool - Connection is not available, request timed out after 3000ms (total=5, active=5, idle=0, waiting=5)] [n/a]
	at org.hibernate.exception.internal.SQLStateConversionDelegate.convert(SQLStateConversionDelegate.java:100)
	at org.hibernate.exception.internal.StandardSQLExceptionConverter.convert(StandardSQLExceptionConverter.java:58)
	at org.hibernate.engine.jdbc.spi.SqlExceptionHelper.convert(SqlExceptionHelper.java:108)
	at org.hibernate.resource.jdbc.internal.LogicalConnectionManagedImpl.acquireConnectionIfNeeded(LogicalConnectionManagedImpl.java:116)
	at org.hibernate.resource.jdbc.internal.LogicalConnectionManagedImpl.getPhysicalConnection(LogicalConnectionManagedImpl.java:143)
	at org.springframework.orm.jpa.vendor.HibernateJpaDialect.beginTransaction(HibernateJpaDialect.java:164)
	at org.springframework.orm.jpa.JpaTransactionManager.doBegin(JpaTransactionManager.java:420)
	... 58 common frames omitted
Caused by: java.sql.SQLTransientConnectionException: itembank-pool - Connection is not available, request timed out after 3000ms (total=5, active=5, idle=0, waiting=5)
	at com.zaxxer.hikari.pool.HikariPool.createTimeoutException(HikariPool.java:686)
	at com.zaxxer.hikari.pool.HikariPool.getConnection(HikariPool.java:179)
	at com.zaxxer.hikari.pool.HikariPool.getConnection(HikariPool.java:144)
	at com.zaxxer.hikari.HikariDataSource.getConnection(HikariDataSource.java:127)
	at org.hibernate.engine.jdbc.connections.internal.DatasourceConnectionProviderImpl.getConnection(DatasourceConnectionProviderImpl.java:122)
	at org.hibernate.internal.NonContextualJdbcConnectionAccess.obtainConnection(NonContextualJdbcConnectionAccess.java:46)
	at org.hibernate.resource.jdbc.internal.LogicalConnectionManagedImpl.acquireConnectionIfNeeded(LogicalConnectionManagedImpl.java:113)
	... 65 common frames omitted
2026-09-16T14:42:50.974+09:00  WARN 1 --- [item-bank-api] [ool housekeeper] com.zaxxer.hikari.pool.ProxyLeakTask     : Connection leak detection triggered for org.mariadb.jdbc.Connection@2ac19f07 on thread http-nio-8080-exec-9, stack trace follows
java.lang.Exception: Apparent connection leak detected
	at com.zaxxer.hikari.HikariDataSource.getConnection(HikariDataSource.java:127)
	at org.hibernate.engine.jdbc.connections.internal.DatasourceConnectionProviderImpl.getConnection(DatasourceConnectionProviderImpl.java:122)
	at org.hibernate.internal.NonContextualJdbcConnectionAccess.obtainConnection(NonContextualJdbcConnectionAccess.java:46)
	at org.hibernate.resource.jdbc.internal.LogicalConnectionManagedImpl.acquireConnectionIfNeeded(LogicalConnectionManagedImpl.java:113)
	at org.springframework.orm.jpa.vendor.HibernateJpaDialect.beginTransaction(HibernateJpaDialect.java:164)
	at org.springframework.orm.jpa.JpaTransactionManager.doBegin(JpaTransactionManager.java:420)
	at org.springframework.transaction.interceptor.TransactionAspectSupport.invokeWithinTransaction(TransactionAspectSupport.java:386)
	at org.springframework.transaction.interceptor.TransactionInterceptor.invoke(TransactionInterceptor.java:119)
	at com.example.assignment.ReportService$$SpringCGLIB$$0.buildClassReport(<generated>)
	at com.example.assignment.ReportController.classReport(ReportController.java:22)
	at java.base/jdk.internal.reflect.DirectMethodHandleAccessor.invoke(DirectMethodHandleAccessor.java:103)
	at java.base/java.lang.reflect.Method.invoke(Method.java:580)
	at org.springframework.web.method.support.InvocableHandlerMethod.doInvoke(InvocableHandlerMethod.java:255)
2026-09-16T14:42:51.775+09:00  INFO 1 --- [item-bank-api] [nio-8080-exec-2] com.example.assignment.ReportService     : built class report for class 2: 3 distributions, 10 submissions
2026-09-16T14:42:51.777+09:00  INFO 1 --- [item-bank-api] [nio-8080-exec-2] com.zaxxer.hikari.pool.ProxyLeakTask     : Previously reported leaked connection org.mariadb.jdbc.Connection@6e8f14d3 on thread http-nio-8080-exec-2 was returned to the pool (unleaked)
2026-09-16T14:42:52.810+09:00  WARN 1 --- [item-bank-api] [nio-8080-exec-5] o.h.engine.jdbc.spi.SqlExceptionHelper   : SQL Error: 0, SQLState: null
2026-09-16T14:42:52.810+09:00 ERROR 1 --- [item-bank-api] [nio-8080-exec-5] o.h.engine.jdbc.spi.SqlExceptionHelper   : itembank-pool - Connection is not available, request timed out after 3000ms (total=5, active=5, idle=0, waiting=4)
2026-09-16T14:42:52.811+09:00 ERROR 1 --- [item-bank-api] [nio-8080-exec-5] c.example.common.GlobalExceptionHandler  : unhandled exception on /api/distributions/6
org.springframework.transaction.CannotCreateTransactionException: Could not open JPA EntityManager for transaction
	at org.springframework.orm.jpa.JpaTransactionManager.doBegin(JpaTransactionManager.java:466)
	at org.springframework.transaction.support.AbstractPlatformTransactionManager.startTransaction(AbstractPlatformTransactionManager.java:531)
	at org.springframework.transaction.support.AbstractPlatformTransactionManager.getTransaction(AbstractPlatformTransactionManager.java:405)
	at org.springframework.transaction.interceptor.TransactionAspectSupport.createTransactionIfNecessary(TransactionAspectSupport.java:617)
	at org.springframework.transaction.interceptor.TransactionAspectSupport.invokeWithinTransaction(TransactionAspectSupport.java:386)
	at org.springframework.transaction.interceptor.TransactionInterceptor.invoke(TransactionInterceptor.java:119)
	at org.springframework.aop.framework.ReflectiveMethodInvocation.proceed(ReflectiveMethodInvocation.java:184)
	at org.springframework.aop.framework.CglibAopProxy$DynamicAdvisedInterceptor.intercept(CglibAopProxy.java:720)
	at com.example.assignment.DistributionService$$SpringCGLIB$$0.getDistribution(<generated>)
	at com.example.assignment.DistributionController.getDistribution(DistributionController.java:26)
	at java.base/jdk.internal.reflect.DirectMethodHandleAccessor.invoke(DirectMethodHandleAccessor.java:103)
	at java.base/java.lang.reflect.Method.invoke(Method.java:580)
	... 48 more
Caused by: org.hibernate.exception.JDBCConnectionException: Unable to acquire JDBC Connection [itembank-pool - Connection is not available, request timed out after 3000ms (total=5, active=5, idle=0, waiting=4)] [n/a]
	at org.hibernate.exception.internal.SQLStateConversionDelegate.convert(SQLStateConversionDelegate.java:100)
	at org.hibernate.exception.internal.StandardSQLExceptionConverter.convert(StandardSQLExceptionConverter.java:58)
	at org.hibernate.engine.jdbc.spi.SqlExceptionHelper.convert(SqlExceptionHelper.java:108)
	at org.hibernate.resource.jdbc.internal.LogicalConnectionManagedImpl.acquireConnectionIfNeeded(LogicalConnectionManagedImpl.java:116)
	at org.hibernate.resource.jdbc.internal.LogicalConnectionManagedImpl.getPhysicalConnection(LogicalConnectionManagedImpl.java:143)
	at org.springframework.orm.jpa.vendor.HibernateJpaDialect.beginTransaction(HibernateJpaDialect.java:164)
	at org.springframework.orm.jpa.JpaTransactionManager.doBegin(JpaTransactionManager.java:420)
	... 58 common frames omitted
Caused by: java.sql.SQLTransientConnectionException: itembank-pool - Connection is not available, request timed out after 3000ms (total=5, active=5, idle=0, waiting=4)
	at com.zaxxer.hikari.pool.HikariPool.createTimeoutException(HikariPool.java:686)
	at com.zaxxer.hikari.pool.HikariPool.getConnection(HikariPool.java:179)
	at com.zaxxer.hikari.pool.HikariPool.getConnection(HikariPool.java:144)
	at com.zaxxer.hikari.HikariDataSource.getConnection(HikariDataSource.java:127)
	at org.hibernate.engine.jdbc.connections.internal.DatasourceConnectionProviderImpl.getConnection(DatasourceConnectionProviderImpl.java:122)
	at org.hibernate.internal.NonContextualJdbcConnectionAccess.obtainConnection(NonContextualJdbcConnectionAccess.java:46)
	at org.hibernate.resource.jdbc.internal.LogicalConnectionManagedImpl.acquireConnectionIfNeeded(LogicalConnectionManagedImpl.java:113)
	... 65 common frames omitted
2026-09-16T14:42:52.826+09:00  WARN 1 --- [item-bank-api] [nio-8080-exec-6] o.h.engine.jdbc.spi.SqlExceptionHelper   : SQL Error: 0, SQLState: null
2026-09-16T14:42:52.826+09:00 ERROR 1 --- [item-bank-api] [nio-8080-exec-6] o.h.engine.jdbc.spi.SqlExceptionHelper   : itembank-pool - Connection is not available, request timed out after 3000ms (total=5, active=5, idle=0, waiting=3)
2026-09-16T14:42:52.827+09:00 ERROR 1 --- [item-bank-api] [nio-8080-exec-6] c.example.common.GlobalExceptionHandler  : unhandled exception on /api/units
org.springframework.transaction.CannotCreateTransactionException: Could not open JPA EntityManager for transaction
	at org.springframework.orm.jpa.JpaTransactionManager.doBegin(JpaTransactionManager.java:466)
	at org.springframework.transaction.support.AbstractPlatformTransactionManager.startTransaction(AbstractPlatformTransactionManager.java:531)
	at org.springframework.transaction.support.AbstractPlatformTransactionManager.getTransaction(AbstractPlatformTransactionManager.java:405)
	at org.springframework.transaction.interceptor.TransactionAspectSupport.createTransactionIfNecessary(TransactionAspectSupport.java:617)
	at org.springframework.transaction.interceptor.TransactionAspectSupport.invokeWithinTransaction(TransactionAspectSupport.java:386)
	at org.springframework.transaction.interceptor.TransactionInterceptor.invoke(TransactionInterceptor.java:119)
	at org.springframework.aop.framework.ReflectiveMethodInvocation.proceed(ReflectiveMethodInvocation.java:184)
	at org.springframework.aop.framework.CglibAopProxy$DynamicAdvisedInterceptor.intercept(CglibAopProxy.java:720)
	at com.example.item.UnitService$$SpringCGLIB$$0.listUnits(<generated>)
	at com.example.item.UnitController.listUnits(UnitController.java:22)
	at java.base/jdk.internal.reflect.DirectMethodHandleAccessor.invoke(DirectMethodHandleAccessor.java:103)
	at java.base/java.lang.reflect.Method.invoke(Method.java:580)
	... 48 more
Caused by: org.hibernate.exception.JDBCConnectionException: Unable to acquire JDBC Connection [itembank-pool - Connection is not available, request timed out after 3000ms (total=5, active=5, idle=0, waiting=3)] [n/a]
	at org.hibernate.exception.internal.SQLStateConversionDelegate.convert(SQLStateConversionDelegate.java:100)
	at org.hibernate.exception.internal.StandardSQLExceptionConverter.convert(StandardSQLExceptionConverter.java:58)
	at org.hibernate.engine.jdbc.spi.SqlExceptionHelper.convert(SqlExceptionHelper.java:108)
	at org.hibernate.resource.jdbc.internal.LogicalConnectionManagedImpl.acquireConnectionIfNeeded(LogicalConnectionManagedImpl.java:116)
	at org.hibernate.resource.jdbc.internal.LogicalConnectionManagedImpl.getPhysicalConnection(LogicalConnectionManagedImpl.java:143)
	at org.springframework.orm.jpa.vendor.HibernateJpaDialect.beginTransaction(HibernateJpaDialect.java:164)
	at org.springframework.orm.jpa.JpaTransactionManager.doBegin(JpaTransactionManager.java:420)
	... 58 common frames omitted
Caused by: java.sql.SQLTransientConnectionException: itembank-pool - Connection is not available, request timed out after 3000ms (total=5, active=5, idle=0, waiting=3)
	at com.zaxxer.hikari.pool.HikariPool.createTimeoutException(HikariPool.java:686)
	at com.zaxxer.hikari.pool.HikariPool.getConnection(HikariPool.java:179)
	at com.zaxxer.hikari.pool.HikariPool.getConnection(HikariPool.java:144)
	at com.zaxxer.hikari.HikariDataSource.getConnection(HikariDataSource.java:127)
	at org.hibernate.engine.jdbc.connections.internal.DatasourceConnectionProviderImpl.getConnection(DatasourceConnectionProviderImpl.java:122)
	at org.hibernate.internal.NonContextualJdbcConnectionAccess.obtainConnection(NonContextualJdbcConnectionAccess.java:46)
	at org.hibernate.resource.jdbc.internal.LogicalConnectionManagedImpl.acquireConnectionIfNeeded(LogicalConnectionManagedImpl.java:113)
	... 65 common frames omitted
2026-09-16T14:42:53.431+09:00  INFO 1 --- [item-bank-api] [io-8080-exec-10] com.example.assignment.ReportService     : built class report for class 3: 3 distributions, 10 submissions
2026-09-16T14:42:53.433+09:00  INFO 1 --- [item-bank-api] [io-8080-exec-10] com.zaxxer.hikari.pool.ProxyLeakTask     : Previously reported leaked connection org.mariadb.jdbc.Connection@71d4b8e2 on thread http-nio-8080-exec-10 was returned to the pool (unleaked)
2026-09-16T14:42:53.891+09:00  WARN 1 --- [item-bank-api] [io-8080-exec-12] o.h.engine.jdbc.spi.SqlExceptionHelper   : SQL Error: 0, SQLState: null
2026-09-16T14:42:53.891+09:00 ERROR 1 --- [item-bank-api] [io-8080-exec-12] o.h.engine.jdbc.spi.SqlExceptionHelper   : itembank-pool - Connection is not available, request timed out after 3000ms (total=5, active=5, idle=0, waiting=1)
2026-09-16T14:42:53.892+09:00 ERROR 1 --- [item-bank-api] [io-8080-exec-12] c.example.common.GlobalExceptionHandler  : unhandled exception on /api/classes/3/report
org.springframework.transaction.CannotCreateTransactionException: Could not open JPA EntityManager for transaction
	at org.springframework.orm.jpa.JpaTransactionManager.doBegin(JpaTransactionManager.java:466)
	at org.springframework.transaction.support.AbstractPlatformTransactionManager.startTransaction(AbstractPlatformTransactionManager.java:531)
	at org.springframework.transaction.support.AbstractPlatformTransactionManager.getTransaction(AbstractPlatformTransactionManager.java:405)
	at org.springframework.transaction.interceptor.TransactionAspectSupport.createTransactionIfNecessary(TransactionAspectSupport.java:617)
	at org.springframework.transaction.interceptor.TransactionAspectSupport.invokeWithinTransaction(TransactionAspectSupport.java:386)
	at org.springframework.transaction.interceptor.TransactionInterceptor.invoke(TransactionInterceptor.java:119)
	at org.springframework.aop.framework.ReflectiveMethodInvocation.proceed(ReflectiveMethodInvocation.java:184)
	at org.springframework.aop.framework.CglibAopProxy$DynamicAdvisedInterceptor.intercept(CglibAopProxy.java:720)
	at com.example.assignment.ReportService$$SpringCGLIB$$0.buildClassReport(<generated>)
	at com.example.assignment.ReportController.classReport(ReportController.java:22)
	at java.base/jdk.internal.reflect.DirectMethodHandleAccessor.invoke(DirectMethodHandleAccessor.java:103)
	at java.base/java.lang.reflect.Method.invoke(Method.java:580)
	... 48 more
Caused by: org.hibernate.exception.JDBCConnectionException: Unable to acquire JDBC Connection [itembank-pool - Connection is not available, request timed out after 3000ms (total=5, active=5, idle=0, waiting=1)] [n/a]
	at org.hibernate.exception.internal.SQLStateConversionDelegate.convert(SQLStateConversionDelegate.java:100)
	at org.hibernate.exception.internal.StandardSQLExceptionConverter.convert(StandardSQLExceptionConverter.java:58)
	at org.hibernate.engine.jdbc.spi.SqlExceptionHelper.convert(SqlExceptionHelper.java:108)
	at org.hibernate.resource.jdbc.internal.LogicalConnectionManagedImpl.acquireConnectionIfNeeded(LogicalConnectionManagedImpl.java:116)
	at org.hibernate.resource.jdbc.internal.LogicalConnectionManagedImpl.getPhysicalConnection(LogicalConnectionManagedImpl.java:143)
	at org.springframework.orm.jpa.vendor.HibernateJpaDialect.beginTransaction(HibernateJpaDialect.java:164)
	at org.springframework.orm.jpa.JpaTransactionManager.doBegin(JpaTransactionManager.java:420)
	... 58 common frames omitted
Caused by: java.sql.SQLTransientConnectionException: itembank-pool - Connection is not available, request timed out after 3000ms (total=5, active=5, idle=0, waiting=1)
	at com.zaxxer.hikari.pool.HikariPool.createTimeoutException(HikariPool.java:686)
	at com.zaxxer.hikari.pool.HikariPool.getConnection(HikariPool.java:179)
	at com.zaxxer.hikari.pool.HikariPool.getConnection(HikariPool.java:144)
	at com.zaxxer.hikari.HikariDataSource.getConnection(HikariDataSource.java:127)
	at org.hibernate.engine.jdbc.connections.internal.DatasourceConnectionProviderImpl.getConnection(DatasourceConnectionProviderImpl.java:122)
	at org.hibernate.internal.NonContextualJdbcConnectionAccess.obtainConnection(NonContextualJdbcConnectionAccess.java:46)
	at org.hibernate.resource.jdbc.internal.LogicalConnectionManagedImpl.acquireConnectionIfNeeded(LogicalConnectionManagedImpl.java:113)
	... 65 common frames omitted
2026-09-16T14:42:54.594+09:00  INFO 1 --- [item-bank-api] [nio-8080-exec-7] com.example.assignment.ReportService     : built class report for class 1: 3 distributions, 10 submissions
2026-09-16T14:42:54.596+09:00  INFO 1 --- [item-bank-api] [nio-8080-exec-7] com.zaxxer.hikari.pool.ProxyLeakTask     : Previously reported leaked connection org.mariadb.jdbc.Connection@3f6c2a91 on thread http-nio-8080-exec-7 was returned to the pool (unleaked)
2026-09-16T14:42:58.353+09:00  INFO 1 --- [item-bank-api] [nio-8080-exec-1] com.example.assignment.ReportService     : built class report for class 3: 3 distributions, 10 submissions
2026-09-16T14:42:58.355+09:00  INFO 1 --- [item-bank-api] [nio-8080-exec-1] com.zaxxer.hikari.pool.ProxyLeakTask     : Previously reported leaked connection org.mariadb.jdbc.Connection@5b0e9e0c on thread http-nio-8080-exec-1 was returned to the pool (unleaked)
2026-09-16T14:43:01.500+09:00  INFO 1 --- [item-bank-api] [nio-8080-exec-9] com.example.assignment.ReportService     : built class report for class 1: 3 distributions, 10 submissions
2026-09-16T14:43:01.502+09:00  INFO 1 --- [item-bank-api] [nio-8080-exec-9] com.zaxxer.hikari.pool.ProxyLeakTask     : Previously reported leaked connection org.mariadb.jdbc.Connection@2ac19f07 on thread http-nio-8080-exec-9 was returned to the pool (unleaked)
2026-09-16T14:43:01.816+09:00  WARN 1 --- [item-bank-api] [ool housekeeper] com.zaxxer.hikari.pool.ProxyLeakTask     : Connection leak detection triggered for org.mariadb.jdbc.Connection@6e8f14d3 on thread http-nio-8080-exec-3, stack trace follows
java.lang.Exception: Apparent connection leak detected
	at com.zaxxer.hikari.HikariDataSource.getConnection(HikariDataSource.java:127)
	at org.hibernate.engine.jdbc.connections.internal.DatasourceConnectionProviderImpl.getConnection(DatasourceConnectionProviderImpl.java:122)
	at org.hibernate.internal.NonContextualJdbcConnectionAccess.obtainConnection(NonContextualJdbcConnectionAccess.java:46)
	at org.hibernate.resource.jdbc.internal.LogicalConnectionManagedImpl.acquireConnectionIfNeeded(LogicalConnectionManagedImpl.java:113)
	at org.springframework.orm.jpa.vendor.HibernateJpaDialect.beginTransaction(HibernateJpaDialect.java:164)
	at org.springframework.orm.jpa.JpaTransactionManager.doBegin(JpaTransactionManager.java:420)
	at org.springframework.transaction.interceptor.TransactionAspectSupport.invokeWithinTransaction(TransactionAspectSupport.java:386)
	at org.springframework.transaction.interceptor.TransactionInterceptor.invoke(TransactionInterceptor.java:119)
	at com.example.assignment.ReportService$$SpringCGLIB$$0.buildClassReport(<generated>)
	at com.example.assignment.ReportController.classReport(ReportController.java:22)
	at java.base/jdk.internal.reflect.DirectMethodHandleAccessor.invoke(DirectMethodHandleAccessor.java:103)
	at java.base/java.lang.reflect.Method.invoke(Method.java:580)
	at org.springframework.web.method.support.InvocableHandlerMethod.doInvoke(InvocableHandlerMethod.java:255)
2026-09-16T14:43:03.451+09:00  WARN 1 --- [item-bank-api] [ool housekeeper] com.zaxxer.hikari.pool.ProxyLeakTask     : Connection leak detection triggered for org.mariadb.jdbc.Connection@71d4b8e2 on thread http-nio-8080-exec-11, stack trace follows
java.lang.Exception: Apparent connection leak detected
	at com.zaxxer.hikari.HikariDataSource.getConnection(HikariDataSource.java:127)
	at org.hibernate.engine.jdbc.connections.internal.DatasourceConnectionProviderImpl.getConnection(DatasourceConnectionProviderImpl.java:122)
	at org.hibernate.internal.NonContextualJdbcConnectionAccess.obtainConnection(NonContextualJdbcConnectionAccess.java:46)
	at org.hibernate.resource.jdbc.internal.LogicalConnectionManagedImpl.acquireConnectionIfNeeded(LogicalConnectionManagedImpl.java:113)
	at org.springframework.orm.jpa.vendor.HibernateJpaDialect.beginTransaction(HibernateJpaDialect.java:164)
	at org.springframework.orm.jpa.JpaTransactionManager.doBegin(JpaTransactionManager.java:420)
	at org.springframework.transaction.interceptor.TransactionAspectSupport.invokeWithinTransaction(TransactionAspectSupport.java:386)
	at org.springframework.transaction.interceptor.TransactionInterceptor.invoke(TransactionInterceptor.java:119)
	at com.example.assignment.ReportService$$SpringCGLIB$$0.buildClassReport(<generated>)
	at com.example.assignment.ReportController.classReport(ReportController.java:22)
	at java.base/jdk.internal.reflect.DirectMethodHandleAccessor.invoke(DirectMethodHandleAccessor.java:103)
	at java.base/java.lang.reflect.Method.invoke(Method.java:580)
	at org.springframework.web.method.support.InvocableHandlerMethod.doInvoke(InvocableHandlerMethod.java:255)
2026-09-16T14:43:09.720+09:00  INFO 1 --- [item-bank-api] [nio-8080-exec-3] com.example.assignment.ReportService     : built class report for class 1: 3 distributions, 10 submissions
2026-09-16T14:43:09.722+09:00  INFO 1 --- [item-bank-api] [nio-8080-exec-3] com.zaxxer.hikari.pool.ProxyLeakTask     : Previously reported leaked connection org.mariadb.jdbc.Connection@6e8f14d3 on thread http-nio-8080-exec-3 was returned to the pool (unleaked)
2026-09-16T14:43:13.934+09:00  INFO 1 --- [item-bank-api] [io-8080-exec-11] com.example.assignment.ReportService     : built class report for class 3: 3 distributions, 10 submissions
2026-09-16T14:43:13.936+09:00  INFO 1 --- [item-bank-api] [io-8080-exec-11] com.zaxxer.hikari.pool.ProxyLeakTask     : Previously reported leaked connection org.mariadb.jdbc.Connection@71d4b8e2 on thread http-nio-8080-exec-11 was returned to the pool (unleaked)
2026-09-16T14:43:16.943+09:00  WARN 1 --- [item-bank-api] [ool housekeeper] com.zaxxer.hikari.pool.ProxyLeakTask     : Connection leak detection triggered for org.mariadb.jdbc.Connection@3f6c2a91 on thread http-nio-8080-exec-10, stack trace follows
java.lang.Exception: Apparent connection leak detected
	at com.zaxxer.hikari.HikariDataSource.getConnection(HikariDataSource.java:127)
	at org.hibernate.engine.jdbc.connections.internal.DatasourceConnectionProviderImpl.getConnection(DatasourceConnectionProviderImpl.java:122)
	at org.hibernate.internal.NonContextualJdbcConnectionAccess.obtainConnection(NonContextualJdbcConnectionAccess.java:46)
	at org.hibernate.resource.jdbc.internal.LogicalConnectionManagedImpl.acquireConnectionIfNeeded(LogicalConnectionManagedImpl.java:113)
	at org.springframework.orm.jpa.vendor.HibernateJpaDialect.beginTransaction(HibernateJpaDialect.java:164)
	at org.springframework.orm.jpa.JpaTransactionManager.doBegin(JpaTransactionManager.java:420)
	at org.springframework.transaction.interceptor.TransactionAspectSupport.invokeWithinTransaction(TransactionAspectSupport.java:386)
	at org.springframework.transaction.interceptor.TransactionInterceptor.invoke(TransactionInterceptor.java:119)
	at com.example.assignment.ReportService$$SpringCGLIB$$0.buildClassReport(<generated>)
	at com.example.assignment.ReportController.classReport(ReportController.java:22)
	at java.base/jdk.internal.reflect.DirectMethodHandleAccessor.invoke(DirectMethodHandleAccessor.java:103)
	at java.base/java.lang.reflect.Method.invoke(Method.java:580)
	at org.springframework.web.method.support.InvocableHandlerMethod.doInvoke(InvocableHandlerMethod.java:255)
2026-09-16T14:43:19.822+09:00  WARN 1 --- [item-bank-api] [ool housekeeper] com.zaxxer.hikari.pool.ProxyLeakTask     : Connection leak detection triggered for org.mariadb.jdbc.Connection@5b0e9e0c on thread http-nio-8080-exec-8, stack trace follows
java.lang.Exception: Apparent connection leak detected
	at com.zaxxer.hikari.HikariDataSource.getConnection(HikariDataSource.java:127)
	at org.hibernate.engine.jdbc.connections.internal.DatasourceConnectionProviderImpl.getConnection(DatasourceConnectionProviderImpl.java:122)
	at org.hibernate.internal.NonContextualJdbcConnectionAccess.obtainConnection(NonContextualJdbcConnectionAccess.java:46)
	at org.hibernate.resource.jdbc.internal.LogicalConnectionManagedImpl.acquireConnectionIfNeeded(LogicalConnectionManagedImpl.java:113)
	at org.springframework.orm.jpa.vendor.HibernateJpaDialect.beginTransaction(HibernateJpaDialect.java:164)
	at org.springframework.orm.jpa.JpaTransactionManager.doBegin(JpaTransactionManager.java:420)
	at org.springframework.transaction.interceptor.TransactionAspectSupport.invokeWithinTransaction(TransactionAspectSupport.java:386)
	at org.springframework.transaction.interceptor.TransactionInterceptor.invoke(TransactionInterceptor.java:119)
	at com.example.assignment.ReportService$$SpringCGLIB$$0.buildClassReport(<generated>)
	at com.example.assignment.ReportController.classReport(ReportController.java:22)
	at java.base/jdk.internal.reflect.DirectMethodHandleAccessor.invoke(DirectMethodHandleAccessor.java:103)
	at java.base/java.lang.reflect.Method.invoke(Method.java:580)
	at org.springframework.web.method.support.InvocableHandlerMethod.doInvoke(InvocableHandlerMethod.java:255)
2026-09-16T14:43:27.638+09:00  INFO 1 --- [item-bank-api] [io-8080-exec-10] com.example.assignment.ReportService     : built class report for class 1: 3 distributions, 10 submissions
2026-09-16T14:43:27.640+09:00  INFO 1 --- [item-bank-api] [io-8080-exec-10] com.zaxxer.hikari.pool.ProxyLeakTask     : Previously reported leaked connection org.mariadb.jdbc.Connection@3f6c2a91 on thread http-nio-8080-exec-10 was returned to the pool (unleaked)
2026-09-16T14:43:29.893+09:00  INFO 1 --- [item-bank-api] [nio-8080-exec-8] com.example.assignment.ReportService     : built class report for class 3: 3 distributions, 10 submissions
2026-09-16T14:43:29.895+09:00  INFO 1 --- [item-bank-api] [nio-8080-exec-8] com.zaxxer.hikari.pool.ProxyLeakTask     : Previously reported leaked connection org.mariadb.jdbc.Connection@5b0e9e0c on thread http-nio-8080-exec-8 was returned to the pool (unleaked)
2026-09-16T14:43:35.910+09:00  WARN 1 --- [item-bank-api] [ool housekeeper] com.zaxxer.hikari.pool.ProxyLeakTask     : Connection leak detection triggered for org.mariadb.jdbc.Connection@2ac19f07 on thread http-nio-8080-exec-2, stack trace follows
java.lang.Exception: Apparent connection leak detected
	at com.zaxxer.hikari.HikariDataSource.getConnection(HikariDataSource.java:127)
	at org.hibernate.engine.jdbc.connections.internal.DatasourceConnectionProviderImpl.getConnection(DatasourceConnectionProviderImpl.java:122)
	at org.hibernate.internal.NonContextualJdbcConnectionAccess.obtainConnection(NonContextualJdbcConnectionAccess.java:46)
	at org.hibernate.resource.jdbc.internal.LogicalConnectionManagedImpl.acquireConnectionIfNeeded(LogicalConnectionManagedImpl.java:113)
	at org.springframework.orm.jpa.vendor.HibernateJpaDialect.beginTransaction(HibernateJpaDialect.java:164)
	at org.springframework.orm.jpa.JpaTransactionManager.doBegin(JpaTransactionManager.java:420)
	at org.springframework.transaction.interceptor.TransactionAspectSupport.invokeWithinTransaction(TransactionAspectSupport.java:386)
	at org.springframework.transaction.interceptor.TransactionInterceptor.invoke(TransactionInterceptor.java:119)
	at com.example.assignment.ReportService$$SpringCGLIB$$0.buildClassReport(<generated>)
	at com.example.assignment.ReportController.classReport(ReportController.java:22)
	at java.base/jdk.internal.reflect.DirectMethodHandleAccessor.invoke(DirectMethodHandleAccessor.java:103)
	at java.base/java.lang.reflect.Method.invoke(Method.java:580)
	at org.springframework.web.method.support.InvocableHandlerMethod.doInvoke(InvocableHandlerMethod.java:255)
2026-09-16T14:43:45.034+09:00  INFO 1 --- [item-bank-api] [nio-8080-exec-6] c.example.common.GlobalExceptionHandler  : no handler for /api/item/12
2026-09-16T14:43:46.079+09:00  INFO 1 --- [item-bank-api] [nio-8080-exec-2] com.example.assignment.ReportService     : built class report for class 1: 3 distributions, 10 submissions
2026-09-16T14:43:46.081+09:00  INFO 1 --- [item-bank-api] [nio-8080-exec-2] com.zaxxer.hikari.pool.ProxyLeakTask     : Previously reported leaked connection org.mariadb.jdbc.Connection@2ac19f07 on thread http-nio-8080-exec-2 was returned to the pool (unleaked)
2026-09-16T14:43:46.379+09:00  INFO 1 --- [item-bank-api] [io-8080-exec-10] c.example.common.GlobalExceptionHandler  : no handler for /favicon.ico
2026-09-16T14:43:57.500+09:00  WARN 1 --- [item-bank-api] [ool housekeeper] com.zaxxer.hikari.pool.ProxyLeakTask     : Connection leak detection triggered for org.mariadb.jdbc.Connection@6e8f14d3 on thread http-nio-8080-exec-3, stack trace follows
java.lang.Exception: Apparent connection leak detected
	at com.zaxxer.hikari.HikariDataSource.getConnection(HikariDataSource.java:127)
	at org.hibernate.engine.jdbc.connections.internal.DatasourceConnectionProviderImpl.getConnection(DatasourceConnectionProviderImpl.java:122)
	at org.hibernate.internal.NonContextualJdbcConnectionAccess.obtainConnection(NonContextualJdbcConnectionAccess.java:46)
	at org.hibernate.resource.jdbc.internal.LogicalConnectionManagedImpl.acquireConnectionIfNeeded(LogicalConnectionManagedImpl.java:113)
	at org.springframework.orm.jpa.vendor.HibernateJpaDialect.beginTransaction(HibernateJpaDialect.java:164)
	at org.springframework.orm.jpa.JpaTransactionManager.doBegin(JpaTransactionManager.java:420)
	at org.springframework.transaction.interceptor.TransactionAspectSupport.invokeWithinTransaction(TransactionAspectSupport.java:386)
	at org.springframework.transaction.interceptor.TransactionInterceptor.invoke(TransactionInterceptor.java:119)
	at com.example.assignment.ReportService$$SpringCGLIB$$0.buildClassReport(<generated>)
	at com.example.assignment.ReportController.classReport(ReportController.java:22)
	at java.base/jdk.internal.reflect.DirectMethodHandleAccessor.invoke(DirectMethodHandleAccessor.java:103)
	at java.base/java.lang.reflect.Method.invoke(Method.java:580)
	at org.springframework.web.method.support.InvocableHandlerMethod.doInvoke(InvocableHandlerMethod.java:255)
2026-09-16T14:43:58.722+09:00  WARN 1 --- [item-bank-api] [ool housekeeper] com.zaxxer.hikari.pool.ProxyLeakTask     : Connection leak detection triggered for org.mariadb.jdbc.Connection@2ac19f07 on thread http-nio-8080-exec-1, stack trace follows
java.lang.Exception: Apparent connection leak detected
	at com.zaxxer.hikari.HikariDataSource.getConnection(HikariDataSource.java:127)
	at org.hibernate.engine.jdbc.connections.internal.DatasourceConnectionProviderImpl.getConnection(DatasourceConnectionProviderImpl.java:122)
	at org.hibernate.internal.NonContextualJdbcConnectionAccess.obtainConnection(NonContextualJdbcConnectionAccess.java:46)
	at org.hibernate.resource.jdbc.internal.LogicalConnectionManagedImpl.acquireConnectionIfNeeded(LogicalConnectionManagedImpl.java:113)
	at org.springframework.orm.jpa.vendor.HibernateJpaDialect.beginTransaction(HibernateJpaDialect.java:164)
	at org.springframework.orm.jpa.JpaTransactionManager.doBegin(JpaTransactionManager.java:420)
	at org.springframework.transaction.interceptor.TransactionAspectSupport.invokeWithinTransaction(TransactionAspectSupport.java:386)
	at org.springframework.transaction.interceptor.TransactionInterceptor.invoke(TransactionInterceptor.java:119)
	at com.example.assignment.ReportService$$SpringCGLIB$$0.buildClassReport(<generated>)
	at com.example.assignment.ReportController.classReport(ReportController.java:22)
	at java.base/jdk.internal.reflect.DirectMethodHandleAccessor.invoke(DirectMethodHandleAccessor.java:103)
	at java.base/java.lang.reflect.Method.invoke(Method.java:580)
	at org.springframework.web.method.support.InvocableHandlerMethod.doInvoke(InvocableHandlerMethod.java:255)
2026-09-16T14:44:04.304+09:00  WARN 1 --- [item-bank-api] [nio-8080-exec-4] o.h.engine.jdbc.spi.SqlExceptionHelper   : SQL Error: 0, SQLState: null
2026-09-16T14:44:04.304+09:00 ERROR 1 --- [item-bank-api] [nio-8080-exec-4] o.h.engine.jdbc.spi.SqlExceptionHelper   : itembank-pool - Connection is not available, request timed out after 3000ms (total=5, active=5, idle=0, waiting=1)
2026-09-16T14:44:04.305+09:00 ERROR 1 --- [item-bank-api] [nio-8080-exec-4] c.example.common.GlobalExceptionHandler  : unhandled exception on /api/distributions/4
org.springframework.transaction.CannotCreateTransactionException: Could not open JPA EntityManager for transaction
	at org.springframework.orm.jpa.JpaTransactionManager.doBegin(JpaTransactionManager.java:466)
	at org.springframework.transaction.support.AbstractPlatformTransactionManager.startTransaction(AbstractPlatformTransactionManager.java:531)
	at org.springframework.transaction.support.AbstractPlatformTransactionManager.getTransaction(AbstractPlatformTransactionManager.java:405)
	at org.springframework.transaction.interceptor.TransactionAspectSupport.createTransactionIfNecessary(TransactionAspectSupport.java:617)
	at org.springframework.transaction.interceptor.TransactionAspectSupport.invokeWithinTransaction(TransactionAspectSupport.java:386)
	at org.springframework.transaction.interceptor.TransactionInterceptor.invoke(TransactionInterceptor.java:119)
	at org.springframework.aop.framework.ReflectiveMethodInvocation.proceed(ReflectiveMethodInvocation.java:184)
	at org.springframework.aop.framework.CglibAopProxy$DynamicAdvisedInterceptor.intercept(CglibAopProxy.java:720)
	at com.example.assignment.DistributionService$$SpringCGLIB$$0.getDistribution(<generated>)
	at com.example.assignment.DistributionController.getDistribution(DistributionController.java:26)
	at java.base/jdk.internal.reflect.DirectMethodHandleAccessor.invoke(DirectMethodHandleAccessor.java:103)
	at java.base/java.lang.reflect.Method.invoke(Method.java:580)
	... 48 more
Caused by: org.hibernate.exception.JDBCConnectionException: Unable to acquire JDBC Connection [itembank-pool - Connection is not available, request timed out after 3000ms (total=5, active=5, idle=0, waiting=1)] [n/a]
	at org.hibernate.exception.internal.SQLStateConversionDelegate.convert(SQLStateConversionDelegate.java:100)
	at org.hibernate.exception.internal.StandardSQLExceptionConverter.convert(StandardSQLExceptionConverter.java:58)
	at org.hibernate.engine.jdbc.spi.SqlExceptionHelper.convert(SqlExceptionHelper.java:108)
	at org.hibernate.resource.jdbc.internal.LogicalConnectionManagedImpl.acquireConnectionIfNeeded(LogicalConnectionManagedImpl.java:116)
	at org.hibernate.resource.jdbc.internal.LogicalConnectionManagedImpl.getPhysicalConnection(LogicalConnectionManagedImpl.java:143)
	at org.springframework.orm.jpa.vendor.HibernateJpaDialect.beginTransaction(HibernateJpaDialect.java:164)
	at org.springframework.orm.jpa.JpaTransactionManager.doBegin(JpaTransactionManager.java:420)
	... 58 common frames omitted
Caused by: java.sql.SQLTransientConnectionException: itembank-pool - Connection is not available, request timed out after 3000ms (total=5, active=5, idle=0, waiting=1)
	at com.zaxxer.hikari.pool.HikariPool.createTimeoutException(HikariPool.java:686)
	at com.zaxxer.hikari.pool.HikariPool.getConnection(HikariPool.java:179)
	at com.zaxxer.hikari.pool.HikariPool.getConnection(HikariPool.java:144)
	at com.zaxxer.hikari.HikariDataSource.getConnection(HikariDataSource.java:127)
	at org.hibernate.engine.jdbc.connections.internal.DatasourceConnectionProviderImpl.getConnection(DatasourceConnectionProviderImpl.java:122)
	at org.hibernate.internal.NonContextualJdbcConnectionAccess.obtainConnection(NonContextualJdbcConnectionAccess.java:46)
	at org.hibernate.resource.jdbc.internal.LogicalConnectionManagedImpl.acquireConnectionIfNeeded(LogicalConnectionManagedImpl.java:113)
	... 65 common frames omitted
2026-09-16T14:44:04.849+09:00  WARN 1 --- [item-bank-api] [ool housekeeper] com.zaxxer.hikari.pool.ProxyLeakTask     : Connection leak detection triggered for org.mariadb.jdbc.Connection@5b0e9e0c on thread http-nio-8080-exec-7, stack trace follows
java.lang.Exception: Apparent connection leak detected
	at com.zaxxer.hikari.HikariDataSource.getConnection(HikariDataSource.java:127)
	at org.hibernate.engine.jdbc.connections.internal.DatasourceConnectionProviderImpl.getConnection(DatasourceConnectionProviderImpl.java:122)
	at org.hibernate.internal.NonContextualJdbcConnectionAccess.obtainConnection(NonContextualJdbcConnectionAccess.java:46)
	at org.hibernate.resource.jdbc.internal.LogicalConnectionManagedImpl.acquireConnectionIfNeeded(LogicalConnectionManagedImpl.java:113)
	at org.springframework.orm.jpa.vendor.HibernateJpaDialect.beginTransaction(HibernateJpaDialect.java:164)
	at org.springframework.orm.jpa.JpaTransactionManager.doBegin(JpaTransactionManager.java:420)
	at org.springframework.transaction.interceptor.TransactionAspectSupport.invokeWithinTransaction(TransactionAspectSupport.java:386)
	at org.springframework.transaction.interceptor.TransactionInterceptor.invoke(TransactionInterceptor.java:119)
	at com.example.assignment.ReportService$$SpringCGLIB$$0.buildClassReport(<generated>)
	at com.example.assignment.ReportController.classReport(ReportController.java:22)
	at java.base/jdk.internal.reflect.DirectMethodHandleAccessor.invoke(DirectMethodHandleAccessor.java:103)
	at java.base/java.lang.reflect.Method.invoke(Method.java:580)
	at org.springframework.web.method.support.InvocableHandlerMethod.doInvoke(InvocableHandlerMethod.java:255)
2026-09-16T14:44:06.302+09:00  WARN 1 --- [item-bank-api] [ool housekeeper] com.zaxxer.hikari.pool.ProxyLeakTask     : Connection leak detection triggered for org.mariadb.jdbc.Connection@71d4b8e2 on thread http-nio-8080-exec-9, stack trace follows
java.lang.Exception: Apparent connection leak detected
	at com.zaxxer.hikari.HikariDataSource.getConnection(HikariDataSource.java:127)
	at org.hibernate.engine.jdbc.connections.internal.DatasourceConnectionProviderImpl.getConnection(DatasourceConnectionProviderImpl.java:122)
	at org.hibernate.internal.NonContextualJdbcConnectionAccess.obtainConnection(NonContextualJdbcConnectionAccess.java:46)
	at org.hibernate.resource.jdbc.internal.LogicalConnectionManagedImpl.acquireConnectionIfNeeded(LogicalConnectionManagedImpl.java:113)
	at org.springframework.orm.jpa.vendor.HibernateJpaDialect.beginTransaction(HibernateJpaDialect.java:164)
	at org.springframework.orm.jpa.JpaTransactionManager.doBegin(JpaTransactionManager.java:420)
	at org.springframework.transaction.interceptor.TransactionAspectSupport.invokeWithinTransaction(TransactionAspectSupport.java:386)
	at org.springframework.transaction.interceptor.TransactionInterceptor.invoke(TransactionInterceptor.java:119)
	at com.example.assignment.ReportService$$SpringCGLIB$$0.buildClassReport(<generated>)
	at com.example.assignment.ReportController.classReport(ReportController.java:22)
	at java.base/jdk.internal.reflect.DirectMethodHandleAccessor.invoke(DirectMethodHandleAccessor.java:103)
	at java.base/java.lang.reflect.Method.invoke(Method.java:580)
	at org.springframework.web.method.support.InvocableHandlerMethod.doInvoke(InvocableHandlerMethod.java:255)
2026-09-16T14:44:06.839+09:00  WARN 1 --- [item-bank-api] [ool housekeeper] com.zaxxer.hikari.pool.ProxyLeakTask     : Connection leak detection triggered for org.mariadb.jdbc.Connection@3f6c2a91 on thread http-nio-8080-exec-6, stack trace follows
java.lang.Exception: Apparent connection leak detected
	at com.zaxxer.hikari.HikariDataSource.getConnection(HikariDataSource.java:127)
	at org.hibernate.engine.jdbc.connections.internal.DatasourceConnectionProviderImpl.getConnection(DatasourceConnectionProviderImpl.java:122)
	at org.hibernate.internal.NonContextualJdbcConnectionAccess.obtainConnection(NonContextualJdbcConnectionAccess.java:46)
	at org.hibernate.resource.jdbc.internal.LogicalConnectionManagedImpl.acquireConnectionIfNeeded(LogicalConnectionManagedImpl.java:113)
	at org.springframework.orm.jpa.vendor.HibernateJpaDialect.beginTransaction(HibernateJpaDialect.java:164)
	at org.springframework.orm.jpa.JpaTransactionManager.doBegin(JpaTransactionManager.java:420)
	at org.springframework.transaction.interceptor.TransactionAspectSupport.invokeWithinTransaction(TransactionAspectSupport.java:386)
	at org.springframework.transaction.interceptor.TransactionInterceptor.invoke(TransactionInterceptor.java:119)
	at com.example.assignment.ReportService$$SpringCGLIB$$0.buildClassReport(<generated>)
	at com.example.assignment.ReportController.classReport(ReportController.java:22)
	at java.base/jdk.internal.reflect.DirectMethodHandleAccessor.invoke(DirectMethodHandleAccessor.java:103)
	at java.base/java.lang.reflect.Method.invoke(Method.java:580)
	at org.springframework.web.method.support.InvocableHandlerMethod.doInvoke(InvocableHandlerMethod.java:255)
2026-09-16T14:44:07.043+09:00  INFO 1 --- [item-bank-api] [nio-8080-exec-3] com.example.assignment.ReportService     : built class report for class 3: 3 distributions, 10 submissions
2026-09-16T14:44:07.045+09:00  INFO 1 --- [item-bank-api] [nio-8080-exec-3] com.zaxxer.hikari.pool.ProxyLeakTask     : Previously reported leaked connection org.mariadb.jdbc.Connection@6e8f14d3 on thread http-nio-8080-exec-3 was returned to the pool (unleaked)
2026-09-16T14:44:10.036+09:00  INFO 1 --- [item-bank-api] [nio-8080-exec-1] com.example.assignment.ReportService     : built class report for class 1: 3 distributions, 10 submissions
2026-09-16T14:44:10.038+09:00  INFO 1 --- [item-bank-api] [nio-8080-exec-1] com.zaxxer.hikari.pool.ProxyLeakTask     : Previously reported leaked connection org.mariadb.jdbc.Connection@2ac19f07 on thread http-nio-8080-exec-1 was returned to the pool (unleaked)
2026-09-16T14:44:13.113+09:00  INFO 1 --- [item-bank-api] [nio-8080-exec-7] com.example.assignment.ReportService     : built class report for class 2: 3 distributions, 10 submissions
2026-09-16T14:44:13.115+09:00  INFO 1 --- [item-bank-api] [nio-8080-exec-7] com.zaxxer.hikari.pool.ProxyLeakTask     : Previously reported leaked connection org.mariadb.jdbc.Connection@5b0e9e0c on thread http-nio-8080-exec-7 was returned to the pool (unleaked)
2026-09-16T14:44:15.287+09:00  WARN 1 --- [item-bank-api] [nio-8080-exec-1] o.h.engine.jdbc.spi.SqlExceptionHelper   : SQL Error: 0, SQLState: null
2026-09-16T14:44:15.287+09:00 ERROR 1 --- [item-bank-api] [nio-8080-exec-1] o.h.engine.jdbc.spi.SqlExceptionHelper   : itembank-pool - Connection is not available, request timed out after 3000ms (total=5, active=5, idle=0, waiting=2)
2026-09-16T14:44:15.288+09:00 ERROR 1 --- [item-bank-api] [nio-8080-exec-1] c.example.common.GlobalExceptionHandler  : unhandled exception on /api/classes/1/report
org.springframework.transaction.CannotCreateTransactionException: Could not open JPA EntityManager for transaction
	at org.springframework.orm.jpa.JpaTransactionManager.doBegin(JpaTransactionManager.java:466)
	at org.springframework.transaction.support.AbstractPlatformTransactionManager.startTransaction(AbstractPlatformTransactionManager.java:531)
	at org.springframework.transaction.support.AbstractPlatformTransactionManager.getTransaction(AbstractPlatformTransactionManager.java:405)
	at org.springframework.transaction.interceptor.TransactionAspectSupport.createTransactionIfNecessary(TransactionAspectSupport.java:617)
	at org.springframework.transaction.interceptor.TransactionAspectSupport.invokeWithinTransaction(TransactionAspectSupport.java:386)
	at org.springframework.transaction.interceptor.TransactionInterceptor.invoke(TransactionInterceptor.java:119)
	at org.springframework.aop.framework.ReflectiveMethodInvocation.proceed(ReflectiveMethodInvocation.java:184)
	at org.springframework.aop.framework.CglibAopProxy$DynamicAdvisedInterceptor.intercept(CglibAopProxy.java:720)
	at com.example.assignment.ReportService$$SpringCGLIB$$0.buildClassReport(<generated>)
	at com.example.assignment.ReportController.classReport(ReportController.java:22)
	at java.base/jdk.internal.reflect.DirectMethodHandleAccessor.invoke(DirectMethodHandleAccessor.java:103)
	at java.base/java.lang.reflect.Method.invoke(Method.java:580)
	... 48 more
Caused by: org.hibernate.exception.JDBCConnectionException: Unable to acquire JDBC Connection [itembank-pool - Connection is not available, request timed out after 3000ms (total=5, active=5, idle=0, waiting=2)] [n/a]
	at org.hibernate.exception.internal.SQLStateConversionDelegate.convert(SQLStateConversionDelegate.java:100)
	at org.hibernate.exception.internal.StandardSQLExceptionConverter.convert(StandardSQLExceptionConverter.java:58)
	at org.hibernate.engine.jdbc.spi.SqlExceptionHelper.convert(SqlExceptionHelper.java:108)
	at org.hibernate.resource.jdbc.internal.LogicalConnectionManagedImpl.acquireConnectionIfNeeded(LogicalConnectionManagedImpl.java:116)
	at org.hibernate.resource.jdbc.internal.LogicalConnectionManagedImpl.getPhysicalConnection(LogicalConnectionManagedImpl.java:143)
	at org.springframework.orm.jpa.vendor.HibernateJpaDialect.beginTransaction(HibernateJpaDialect.java:164)
	at org.springframework.orm.jpa.JpaTransactionManager.doBegin(JpaTransactionManager.java:420)
	... 58 common frames omitted
Caused by: java.sql.SQLTransientConnectionException: itembank-pool - Connection is not available, request timed out after 3000ms (total=5, active=5, idle=0, waiting=2)
	at com.zaxxer.hikari.pool.HikariPool.createTimeoutException(HikariPool.java:686)
	at com.zaxxer.hikari.pool.HikariPool.getConnection(HikariPool.java:179)
	at com.zaxxer.hikari.pool.HikariPool.getConnection(HikariPool.java:144)
	at com.zaxxer.hikari.HikariDataSource.getConnection(HikariDataSource.java:127)
	at org.hibernate.engine.jdbc.connections.internal.DatasourceConnectionProviderImpl.getConnection(DatasourceConnectionProviderImpl.java:122)
	at org.hibernate.internal.NonContextualJdbcConnectionAccess.obtainConnection(NonContextualJdbcConnectionAccess.java:46)
	at org.hibernate.resource.jdbc.internal.LogicalConnectionManagedImpl.acquireConnectionIfNeeded(LogicalConnectionManagedImpl.java:113)
	... 65 common frames omitted
2026-09-16T14:44:15.325+09:00  INFO 1 --- [item-bank-api] [nio-8080-exec-9] com.example.assignment.ReportService     : built class report for class 1: 3 distributions, 10 submissions
2026-09-16T14:44:15.327+09:00  INFO 1 --- [item-bank-api] [nio-8080-exec-9] com.zaxxer.hikari.pool.ProxyLeakTask     : Previously reported leaked connection org.mariadb.jdbc.Connection@71d4b8e2 on thread http-nio-8080-exec-9 was returned to the pool (unleaked)
2026-09-16T14:44:16.132+09:00  INFO 1 --- [item-bank-api] [nio-8080-exec-6] com.example.assignment.ReportService     : built class report for class 3: 3 distributions, 10 submissions
2026-09-16T14:44:16.134+09:00  INFO 1 --- [item-bank-api] [nio-8080-exec-6] com.zaxxer.hikari.pool.ProxyLeakTask     : Previously reported leaked connection org.mariadb.jdbc.Connection@3f6c2a91 on thread http-nio-8080-exec-6 was returned to the pool (unleaked)
2026-09-16T14:44:17.625+09:00  INFO 1 --- [item-bank-api] [nio-8080-exec-9] c.example.common.GlobalExceptionHandler  : not found: 배포가 없습니다: id=13 (/api/distributions/13)
2026-09-16T14:44:19.909+09:00  WARN 1 --- [item-bank-api] [ool housekeeper] com.zaxxer.hikari.pool.ProxyLeakTask     : Connection leak detection triggered for org.mariadb.jdbc.Connection@6e8f14d3 on thread http-nio-8080-exec-5, stack trace follows
java.lang.Exception: Apparent connection leak detected
	at com.zaxxer.hikari.HikariDataSource.getConnection(HikariDataSource.java:127)
	at org.hibernate.engine.jdbc.connections.internal.DatasourceConnectionProviderImpl.getConnection(DatasourceConnectionProviderImpl.java:122)
	at org.hibernate.internal.NonContextualJdbcConnectionAccess.obtainConnection(NonContextualJdbcConnectionAccess.java:46)
	at org.hibernate.resource.jdbc.internal.LogicalConnectionManagedImpl.acquireConnectionIfNeeded(LogicalConnectionManagedImpl.java:113)
	at org.springframework.orm.jpa.vendor.HibernateJpaDialect.beginTransaction(HibernateJpaDialect.java:164)
	at org.springframework.orm.jpa.JpaTransactionManager.doBegin(JpaTransactionManager.java:420)
	at org.springframework.transaction.interceptor.TransactionAspectSupport.invokeWithinTransaction(TransactionAspectSupport.java:386)
	at org.springframework.transaction.interceptor.TransactionInterceptor.invoke(TransactionInterceptor.java:119)
	at com.example.assignment.ReportService$$SpringCGLIB$$0.buildClassReport(<generated>)
	at com.example.assignment.ReportController.classReport(ReportController.java:22)
	at java.base/jdk.internal.reflect.DirectMethodHandleAccessor.invoke(DirectMethodHandleAccessor.java:103)
	at java.base/java.lang.reflect.Method.invoke(Method.java:580)
	at org.springframework.web.method.support.InvocableHandlerMethod.doInvoke(InvocableHandlerMethod.java:255)
2026-09-16T14:44:20.161+09:00  WARN 1 --- [item-bank-api] [ool housekeeper] com.zaxxer.hikari.pool.ProxyLeakTask     : Connection leak detection triggered for org.mariadb.jdbc.Connection@2ac19f07 on thread http-nio-8080-exec-10, stack trace follows
java.lang.Exception: Apparent connection leak detected
	at com.zaxxer.hikari.HikariDataSource.getConnection(HikariDataSource.java:127)
	at org.hibernate.engine.jdbc.connections.internal.DatasourceConnectionProviderImpl.getConnection(DatasourceConnectionProviderImpl.java:122)
	at org.hibernate.internal.NonContextualJdbcConnectionAccess.obtainConnection(NonContextualJdbcConnectionAccess.java:46)
	at org.hibernate.resource.jdbc.internal.LogicalConnectionManagedImpl.acquireConnectionIfNeeded(LogicalConnectionManagedImpl.java:113)
	at org.springframework.orm.jpa.vendor.HibernateJpaDialect.beginTransaction(HibernateJpaDialect.java:164)
	at org.springframework.orm.jpa.JpaTransactionManager.doBegin(JpaTransactionManager.java:420)
	at org.springframework.transaction.interceptor.TransactionAspectSupport.invokeWithinTransaction(TransactionAspectSupport.java:386)
	at org.springframework.transaction.interceptor.TransactionInterceptor.invoke(TransactionInterceptor.java:119)
	at com.example.assignment.ReportService$$SpringCGLIB$$0.buildClassReport(<generated>)
	at com.example.assignment.ReportController.classReport(ReportController.java:22)
	at java.base/jdk.internal.reflect.DirectMethodHandleAccessor.invoke(DirectMethodHandleAccessor.java:103)
	at java.base/java.lang.reflect.Method.invoke(Method.java:580)
	at org.springframework.web.method.support.InvocableHandlerMethod.doInvoke(InvocableHandlerMethod.java:255)
2026-09-16T14:44:23.120+09:00  WARN 1 --- [item-bank-api] [ool housekeeper] com.zaxxer.hikari.pool.ProxyLeakTask     : Connection leak detection triggered for org.mariadb.jdbc.Connection@5b0e9e0c on thread http-nio-8080-exec-3, stack trace follows
java.lang.Exception: Apparent connection leak detected
	at com.zaxxer.hikari.HikariDataSource.getConnection(HikariDataSource.java:127)
	at org.hibernate.engine.jdbc.connections.internal.DatasourceConnectionProviderImpl.getConnection(DatasourceConnectionProviderImpl.java:122)
	at org.hibernate.internal.NonContextualJdbcConnectionAccess.obtainConnection(NonContextualJdbcConnectionAccess.java:46)
	at org.hibernate.resource.jdbc.internal.LogicalConnectionManagedImpl.acquireConnectionIfNeeded(LogicalConnectionManagedImpl.java:113)
	at org.springframework.orm.jpa.vendor.HibernateJpaDialect.beginTransaction(HibernateJpaDialect.java:164)
	at org.springframework.orm.jpa.JpaTransactionManager.doBegin(JpaTransactionManager.java:420)
	at org.springframework.transaction.interceptor.TransactionAspectSupport.invokeWithinTransaction(TransactionAspectSupport.java:386)
	at org.springframework.transaction.interceptor.TransactionInterceptor.invoke(TransactionInterceptor.java:119)
	at com.example.assignment.ReportService$$SpringCGLIB$$0.buildClassReport(<generated>)
	at com.example.assignment.ReportController.classReport(ReportController.java:22)
	at java.base/jdk.internal.reflect.DirectMethodHandleAccessor.invoke(DirectMethodHandleAccessor.java:103)
	at java.base/java.lang.reflect.Method.invoke(Method.java:580)
	at org.springframework.web.method.support.InvocableHandlerMethod.doInvoke(InvocableHandlerMethod.java:255)
2026-09-16T14:44:26.924+09:00  WARN 1 --- [item-bank-api] [ool housekeeper] com.zaxxer.hikari.pool.ProxyLeakTask     : Connection leak detection triggered for org.mariadb.jdbc.Connection@71d4b8e2 on thread http-nio-8080-exec-4, stack trace follows
java.lang.Exception: Apparent connection leak detected
	at com.zaxxer.hikari.HikariDataSource.getConnection(HikariDataSource.java:127)
	at org.hibernate.engine.jdbc.connections.internal.DatasourceConnectionProviderImpl.getConnection(DatasourceConnectionProviderImpl.java:122)
	at org.hibernate.internal.NonContextualJdbcConnectionAccess.obtainConnection(NonContextualJdbcConnectionAccess.java:46)
	at org.hibernate.resource.jdbc.internal.LogicalConnectionManagedImpl.acquireConnectionIfNeeded(LogicalConnectionManagedImpl.java:113)
	at org.springframework.orm.jpa.vendor.HibernateJpaDialect.beginTransaction(HibernateJpaDialect.java:164)
	at org.springframework.orm.jpa.JpaTransactionManager.doBegin(JpaTransactionManager.java:420)
	at org.springframework.transaction.interceptor.TransactionAspectSupport.invokeWithinTransaction(TransactionAspectSupport.java:386)
	at org.springframework.transaction.interceptor.TransactionInterceptor.invoke(TransactionInterceptor.java:119)
	at com.example.assignment.ReportService$$SpringCGLIB$$0.buildClassReport(<generated>)
	at com.example.assignment.ReportController.classReport(ReportController.java:22)
	at java.base/jdk.internal.reflect.DirectMethodHandleAccessor.invoke(DirectMethodHandleAccessor.java:103)
	at java.base/java.lang.reflect.Method.invoke(Method.java:580)
	at org.springframework.web.method.support.InvocableHandlerMethod.doInvoke(InvocableHandlerMethod.java:255)
2026-09-16T14:44:27.126+09:00  INFO 1 --- [item-bank-api] [nio-8080-exec-5] com.example.assignment.ReportService     : built class report for class 2: 3 distributions, 10 submissions
2026-09-16T14:44:27.128+09:00  INFO 1 --- [item-bank-api] [nio-8080-exec-5] com.zaxxer.hikari.pool.ProxyLeakTask     : Previously reported leaked connection org.mariadb.jdbc.Connection@6e8f14d3 on thread http-nio-8080-exec-5 was returned to the pool (unleaked)
2026-09-16T14:44:28.756+09:00  INFO 1 --- [item-bank-api] [io-8080-exec-10] com.example.assignment.ReportService     : built class report for class 3: 3 distributions, 10 submissions
2026-09-16T14:44:28.758+09:00  INFO 1 --- [item-bank-api] [io-8080-exec-10] com.zaxxer.hikari.pool.ProxyLeakTask     : Previously reported leaked connection org.mariadb.jdbc.Connection@2ac19f07 on thread http-nio-8080-exec-10 was returned to the pool (unleaked)
2026-09-16T14:44:33.703+09:00  INFO 1 --- [item-bank-api] [nio-8080-exec-3] com.example.assignment.ReportService     : built class report for class 1: 3 distributions, 10 submissions
2026-09-16T14:44:33.705+09:00  INFO 1 --- [item-bank-api] [nio-8080-exec-3] com.zaxxer.hikari.pool.ProxyLeakTask     : Previously reported leaked connection org.mariadb.jdbc.Connection@5b0e9e0c on thread http-nio-8080-exec-3 was returned to the pool (unleaked)
2026-09-16T14:44:36.150+09:00  INFO 1 --- [item-bank-api] [nio-8080-exec-4] com.example.assignment.ReportService     : built class report for class 3: 3 distributions, 10 submissions
2026-09-16T14:44:36.152+09:00  INFO 1 --- [item-bank-api] [nio-8080-exec-4] com.zaxxer.hikari.pool.ProxyLeakTask     : Previously reported leaked connection org.mariadb.jdbc.Connection@71d4b8e2 on thread http-nio-8080-exec-4 was returned to the pool (unleaked)
2026-09-16T14:44:38.157+09:00  WARN 1 --- [item-bank-api] [ool housekeeper] com.zaxxer.hikari.pool.ProxyLeakTask     : Connection leak detection triggered for org.mariadb.jdbc.Connection@3f6c2a91 on thread http-nio-8080-exec-2, stack trace follows
java.lang.Exception: Apparent connection leak detected
	at com.zaxxer.hikari.HikariDataSource.getConnection(HikariDataSource.java:127)
	at org.hibernate.engine.jdbc.connections.internal.DatasourceConnectionProviderImpl.getConnection(DatasourceConnectionProviderImpl.java:122)
	at org.hibernate.internal.NonContextualJdbcConnectionAccess.obtainConnection(NonContextualJdbcConnectionAccess.java:46)
	at org.hibernate.resource.jdbc.internal.LogicalConnectionManagedImpl.acquireConnectionIfNeeded(LogicalConnectionManagedImpl.java:113)
	at org.springframework.orm.jpa.vendor.HibernateJpaDialect.beginTransaction(HibernateJpaDialect.java:164)
	at org.springframework.orm.jpa.JpaTransactionManager.doBegin(JpaTransactionManager.java:420)
	at org.springframework.transaction.interceptor.TransactionAspectSupport.invokeWithinTransaction(TransactionAspectSupport.java:386)
	at org.springframework.transaction.interceptor.TransactionInterceptor.invoke(TransactionInterceptor.java:119)
	at com.example.assignment.ReportService$$SpringCGLIB$$0.buildClassReport(<generated>)
	at com.example.assignment.ReportController.classReport(ReportController.java:22)
	at java.base/jdk.internal.reflect.DirectMethodHandleAccessor.invoke(DirectMethodHandleAccessor.java:103)
	at java.base/java.lang.reflect.Method.invoke(Method.java:580)
	at org.springframework.web.method.support.InvocableHandlerMethod.doInvoke(InvocableHandlerMethod.java:255)
2026-09-16T14:44:39.455+09:00  WARN 1 --- [item-bank-api] [ool housekeeper] com.zaxxer.hikari.pool.ProxyLeakTask     : Connection leak detection triggered for org.mariadb.jdbc.Connection@6e8f14d3 on thread http-nio-8080-exec-8, stack trace follows
java.lang.Exception: Apparent connection leak detected
	at com.zaxxer.hikari.HikariDataSource.getConnection(HikariDataSource.java:127)
	at org.hibernate.engine.jdbc.connections.internal.DatasourceConnectionProviderImpl.getConnection(DatasourceConnectionProviderImpl.java:122)
	at org.hibernate.internal.NonContextualJdbcConnectionAccess.obtainConnection(NonContextualJdbcConnectionAccess.java:46)
	at org.hibernate.resource.jdbc.internal.LogicalConnectionManagedImpl.acquireConnectionIfNeeded(LogicalConnectionManagedImpl.java:113)
	at org.springframework.orm.jpa.vendor.HibernateJpaDialect.beginTransaction(HibernateJpaDialect.java:164)
	at org.springframework.orm.jpa.JpaTransactionManager.doBegin(JpaTransactionManager.java:420)
	at org.springframework.transaction.interceptor.TransactionAspectSupport.invokeWithinTransaction(TransactionAspectSupport.java:386)
	at org.springframework.transaction.interceptor.TransactionInterceptor.invoke(TransactionInterceptor.java:119)
	at com.example.assignment.ReportService$$SpringCGLIB$$0.buildClassReport(<generated>)
	at com.example.assignment.ReportController.classReport(ReportController.java:22)
	at java.base/jdk.internal.reflect.DirectMethodHandleAccessor.invoke(DirectMethodHandleAccessor.java:103)
	at java.base/java.lang.reflect.Method.invoke(Method.java:580)
	at org.springframework.web.method.support.InvocableHandlerMethod.doInvoke(InvocableHandlerMethod.java:255)
2026-09-16T14:44:41.867+09:00  WARN 1 --- [item-bank-api] [nio-8080-exec-3] o.h.engine.jdbc.spi.SqlExceptionHelper   : SQL Error: 0, SQLState: null
2026-09-16T14:44:41.867+09:00 ERROR 1 --- [item-bank-api] [nio-8080-exec-3] o.h.engine.jdbc.spi.SqlExceptionHelper   : itembank-pool - Connection is not available, request timed out after 3000ms (total=5, active=5, idle=0, waiting=1)
2026-09-16T14:44:41.868+09:00 ERROR 1 --- [item-bank-api] [nio-8080-exec-3] c.example.common.GlobalExceptionHandler  : unhandled exception on /api/units/M5-2/items
org.springframework.transaction.CannotCreateTransactionException: Could not open JPA EntityManager for transaction
	at org.springframework.orm.jpa.JpaTransactionManager.doBegin(JpaTransactionManager.java:466)
	at org.springframework.transaction.support.AbstractPlatformTransactionManager.startTransaction(AbstractPlatformTransactionManager.java:531)
	at org.springframework.transaction.support.AbstractPlatformTransactionManager.getTransaction(AbstractPlatformTransactionManager.java:405)
	at org.springframework.transaction.interceptor.TransactionAspectSupport.createTransactionIfNecessary(TransactionAspectSupport.java:617)
	at org.springframework.transaction.interceptor.TransactionAspectSupport.invokeWithinTransaction(TransactionAspectSupport.java:386)
	at org.springframework.transaction.interceptor.TransactionInterceptor.invoke(TransactionInterceptor.java:119)
	at org.springframework.aop.framework.ReflectiveMethodInvocation.proceed(ReflectiveMethodInvocation.java:184)
	at org.springframework.aop.framework.CglibAopProxy$DynamicAdvisedInterceptor.intercept(CglibAopProxy.java:720)
	at com.example.item.ItemService$$SpringCGLIB$$0.listActiveItemsByUnit(<generated>)
	at com.example.item.ItemController.listItemsByUnit(ItemController.java:31)
	at java.base/jdk.internal.reflect.DirectMethodHandleAccessor.invoke(DirectMethodHandleAccessor.java:103)
	at java.base/java.lang.reflect.Method.invoke(Method.java:580)
	... 48 more
Caused by: org.hibernate.exception.JDBCConnectionException: Unable to acquire JDBC Connection [itembank-pool - Connection is not available, request timed out after 3000ms (total=5, active=5, idle=0, waiting=1)] [n/a]
	at org.hibernate.exception.internal.SQLStateConversionDelegate.convert(SQLStateConversionDelegate.java:100)
	at org.hibernate.exception.internal.StandardSQLExceptionConverter.convert(StandardSQLExceptionConverter.java:58)
	at org.hibernate.engine.jdbc.spi.SqlExceptionHelper.convert(SqlExceptionHelper.java:108)
	at org.hibernate.resource.jdbc.internal.LogicalConnectionManagedImpl.acquireConnectionIfNeeded(LogicalConnectionManagedImpl.java:116)
	at org.hibernate.resource.jdbc.internal.LogicalConnectionManagedImpl.getPhysicalConnection(LogicalConnectionManagedImpl.java:143)
	at org.springframework.orm.jpa.vendor.HibernateJpaDialect.beginTransaction(HibernateJpaDialect.java:164)
	at org.springframework.orm.jpa.JpaTransactionManager.doBegin(JpaTransactionManager.java:420)
	... 58 common frames omitted
Caused by: java.sql.SQLTransientConnectionException: itembank-pool - Connection is not available, request timed out after 3000ms (total=5, active=5, idle=0, waiting=1)
	at com.zaxxer.hikari.pool.HikariPool.createTimeoutException(HikariPool.java:686)
	at com.zaxxer.hikari.pool.HikariPool.getConnection(HikariPool.java:179)
	at com.zaxxer.hikari.pool.HikariPool.getConnection(HikariPool.java:144)
	at com.zaxxer.hikari.HikariDataSource.getConnection(HikariDataSource.java:127)
	at org.hibernate.engine.jdbc.connections.internal.DatasourceConnectionProviderImpl.getConnection(DatasourceConnectionProviderImpl.java:122)
	at org.hibernate.internal.NonContextualJdbcConnectionAccess.obtainConnection(NonContextualJdbcConnectionAccess.java:46)
	at org.hibernate.resource.jdbc.internal.LogicalConnectionManagedImpl.acquireConnectionIfNeeded(LogicalConnectionManagedImpl.java:113)
	... 65 common frames omitted
2026-09-16T14:44:42.683+09:00  WARN 1 --- [item-bank-api] [ool housekeeper] com.zaxxer.hikari.pool.ProxyLeakTask     : Connection leak detection triggered for org.mariadb.jdbc.Connection@2ac19f07 on thread http-nio-8080-exec-5, stack trace follows
java.lang.Exception: Apparent connection leak detected
	at com.zaxxer.hikari.HikariDataSource.getConnection(HikariDataSource.java:127)
	at org.hibernate.engine.jdbc.connections.internal.DatasourceConnectionProviderImpl.getConnection(DatasourceConnectionProviderImpl.java:122)
	at org.hibernate.internal.NonContextualJdbcConnectionAccess.obtainConnection(NonContextualJdbcConnectionAccess.java:46)
	at org.hibernate.resource.jdbc.internal.LogicalConnectionManagedImpl.acquireConnectionIfNeeded(LogicalConnectionManagedImpl.java:113)
	at org.springframework.orm.jpa.vendor.HibernateJpaDialect.beginTransaction(HibernateJpaDialect.java:164)
	at org.springframework.orm.jpa.JpaTransactionManager.doBegin(JpaTransactionManager.java:420)
	at org.springframework.transaction.interceptor.TransactionAspectSupport.invokeWithinTransaction(TransactionAspectSupport.java:386)
	at org.springframework.transaction.interceptor.TransactionInterceptor.invoke(TransactionInterceptor.java:119)
	at com.example.assignment.ReportService$$SpringCGLIB$$0.buildClassReport(<generated>)
	at com.example.assignment.ReportController.classReport(ReportController.java:22)
	at java.base/jdk.internal.reflect.DirectMethodHandleAccessor.invoke(DirectMethodHandleAccessor.java:103)
	at java.base/java.lang.reflect.Method.invoke(Method.java:580)
	at org.springframework.web.method.support.InvocableHandlerMethod.doInvoke(InvocableHandlerMethod.java:255)
2026-09-16T14:44:43.715+09:00  WARN 1 --- [item-bank-api] [ool housekeeper] com.zaxxer.hikari.pool.ProxyLeakTask     : Connection leak detection triggered for org.mariadb.jdbc.Connection@5b0e9e0c on thread http-nio-8080-exec-10, stack trace follows
java.lang.Exception: Apparent connection leak detected
	at com.zaxxer.hikari.HikariDataSource.getConnection(HikariDataSource.java:127)
	at org.hibernate.engine.jdbc.connections.internal.DatasourceConnectionProviderImpl.getConnection(DatasourceConnectionProviderImpl.java:122)
	at org.hibernate.internal.NonContextualJdbcConnectionAccess.obtainConnection(NonContextualJdbcConnectionAccess.java:46)
	at org.hibernate.resource.jdbc.internal.LogicalConnectionManagedImpl.acquireConnectionIfNeeded(LogicalConnectionManagedImpl.java:113)
	at org.springframework.orm.jpa.vendor.HibernateJpaDialect.beginTransaction(HibernateJpaDialect.java:164)
	at org.springframework.orm.jpa.JpaTransactionManager.doBegin(JpaTransactionManager.java:420)
	at org.springframework.transaction.interceptor.TransactionAspectSupport.invokeWithinTransaction(TransactionAspectSupport.java:386)
	at org.springframework.transaction.interceptor.TransactionInterceptor.invoke(TransactionInterceptor.java:119)
	at com.example.assignment.ReportService$$SpringCGLIB$$0.buildClassReport(<generated>)
	at com.example.assignment.ReportController.classReport(ReportController.java:22)
	at java.base/jdk.internal.reflect.DirectMethodHandleAccessor.invoke(DirectMethodHandleAccessor.java:103)
	at java.base/java.lang.reflect.Method.invoke(Method.java:580)
	at org.springframework.web.method.support.InvocableHandlerMethod.doInvoke(InvocableHandlerMethod.java:255)
2026-09-16T14:44:45.827+09:00  WARN 1 --- [item-bank-api] [nio-8080-exec-1] o.h.engine.jdbc.spi.SqlExceptionHelper   : SQL Error: 0, SQLState: null
2026-09-16T14:44:45.827+09:00 ERROR 1 --- [item-bank-api] [nio-8080-exec-1] o.h.engine.jdbc.spi.SqlExceptionHelper   : itembank-pool - Connection is not available, request timed out after 3000ms (total=5, active=5, idle=0, waiting=3)
2026-09-16T14:44:45.828+09:00 ERROR 1 --- [item-bank-api] [nio-8080-exec-1] c.example.common.GlobalExceptionHandler  : unhandled exception on /api/units/M6-2/items
org.springframework.transaction.CannotCreateTransactionException: Could not open JPA EntityManager for transaction
	at org.springframework.orm.jpa.JpaTransactionManager.doBegin(JpaTransactionManager.java:466)
	at org.springframework.transaction.support.AbstractPlatformTransactionManager.startTransaction(AbstractPlatformTransactionManager.java:531)
	at org.springframework.transaction.support.AbstractPlatformTransactionManager.getTransaction(AbstractPlatformTransactionManager.java:405)
	at org.springframework.transaction.interceptor.TransactionAspectSupport.createTransactionIfNecessary(TransactionAspectSupport.java:617)
	at org.springframework.transaction.interceptor.TransactionAspectSupport.invokeWithinTransaction(TransactionAspectSupport.java:386)
	at org.springframework.transaction.interceptor.TransactionInterceptor.invoke(TransactionInterceptor.java:119)
	at org.springframework.aop.framework.ReflectiveMethodInvocation.proceed(ReflectiveMethodInvocation.java:184)
	at org.springframework.aop.framework.CglibAopProxy$DynamicAdvisedInterceptor.intercept(CglibAopProxy.java:720)
	at com.example.item.ItemService$$SpringCGLIB$$0.listActiveItemsByUnit(<generated>)
	at com.example.item.ItemController.listItemsByUnit(ItemController.java:31)
	at java.base/jdk.internal.reflect.DirectMethodHandleAccessor.invoke(DirectMethodHandleAccessor.java:103)
	at java.base/java.lang.reflect.Method.invoke(Method.java:580)
	... 48 more
Caused by: org.hibernate.exception.JDBCConnectionException: Unable to acquire JDBC Connection [itembank-pool - Connection is not available, request timed out after 3000ms (total=5, active=5, idle=0, waiting=3)] [n/a]
	at org.hibernate.exception.internal.SQLStateConversionDelegate.convert(SQLStateConversionDelegate.java:100)
	at org.hibernate.exception.internal.StandardSQLExceptionConverter.convert(StandardSQLExceptionConverter.java:58)
	at org.hibernate.engine.jdbc.spi.SqlExceptionHelper.convert(SqlExceptionHelper.java:108)
	at org.hibernate.resource.jdbc.internal.LogicalConnectionManagedImpl.acquireConnectionIfNeeded(LogicalConnectionManagedImpl.java:116)
	at org.hibernate.resource.jdbc.internal.LogicalConnectionManagedImpl.getPhysicalConnection(LogicalConnectionManagedImpl.java:143)
	at org.springframework.orm.jpa.vendor.HibernateJpaDialect.beginTransaction(HibernateJpaDialect.java:164)
	at org.springframework.orm.jpa.JpaTransactionManager.doBegin(JpaTransactionManager.java:420)
	... 58 common frames omitted
Caused by: java.sql.SQLTransientConnectionException: itembank-pool - Connection is not available, request timed out after 3000ms (total=5, active=5, idle=0, waiting=3)
	at com.zaxxer.hikari.pool.HikariPool.createTimeoutException(HikariPool.java:686)
	at com.zaxxer.hikari.pool.HikariPool.getConnection(HikariPool.java:179)
	at com.zaxxer.hikari.pool.HikariPool.getConnection(HikariPool.java:144)
	at com.zaxxer.hikari.HikariDataSource.getConnection(HikariDataSource.java:127)
	at org.hibernate.engine.jdbc.connections.internal.DatasourceConnectionProviderImpl.getConnection(DatasourceConnectionProviderImpl.java:122)
	at org.hibernate.internal.NonContextualJdbcConnectionAccess.obtainConnection(NonContextualJdbcConnectionAccess.java:46)
	at org.hibernate.resource.jdbc.internal.LogicalConnectionManagedImpl.acquireConnectionIfNeeded(LogicalConnectionManagedImpl.java:113)
	... 65 common frames omitted
2026-09-16T14:44:46.774+09:00  INFO 1 --- [item-bank-api] [nio-8080-exec-2] com.example.assignment.ReportService     : built class report for class 2: 3 distributions, 10 submissions
2026-09-16T14:44:46.776+09:00  INFO 1 --- [item-bank-api] [nio-8080-exec-2] com.zaxxer.hikari.pool.ProxyLeakTask     : Previously reported leaked connection org.mariadb.jdbc.Connection@3f6c2a91 on thread http-nio-8080-exec-2 was returned to the pool (unleaked)
2026-09-16T14:44:46.847+09:00  INFO 1 --- [item-bank-api] [nio-8080-exec-8] com.example.assignment.ReportService     : built class report for class 1: 3 distributions, 10 submissions
2026-09-16T14:44:46.849+09:00  INFO 1 --- [item-bank-api] [nio-8080-exec-8] com.zaxxer.hikari.pool.ProxyLeakTask     : Previously reported leaked connection org.mariadb.jdbc.Connection@6e8f14d3 on thread http-nio-8080-exec-8 was returned to the pool (unleaked)
2026-09-16T14:44:47.036+09:00  WARN 1 --- [item-bank-api] [ool housekeeper] com.zaxxer.hikari.pool.ProxyLeakTask     : Connection leak detection triggered for org.mariadb.jdbc.Connection@71d4b8e2 on thread http-nio-8080-exec-7, stack trace follows
java.lang.Exception: Apparent connection leak detected
	at com.zaxxer.hikari.HikariDataSource.getConnection(HikariDataSource.java:127)
	at org.hibernate.engine.jdbc.connections.internal.DatasourceConnectionProviderImpl.getConnection(DatasourceConnectionProviderImpl.java:122)
	at org.hibernate.internal.NonContextualJdbcConnectionAccess.obtainConnection(NonContextualJdbcConnectionAccess.java:46)
	at org.hibernate.resource.jdbc.internal.LogicalConnectionManagedImpl.acquireConnectionIfNeeded(LogicalConnectionManagedImpl.java:113)
	at org.springframework.orm.jpa.vendor.HibernateJpaDialect.beginTransaction(HibernateJpaDialect.java:164)
	at org.springframework.orm.jpa.JpaTransactionManager.doBegin(JpaTransactionManager.java:420)
	at org.springframework.transaction.interceptor.TransactionAspectSupport.invokeWithinTransaction(TransactionAspectSupport.java:386)
	at org.springframework.transaction.interceptor.TransactionInterceptor.invoke(TransactionInterceptor.java:119)
	at com.example.assignment.ReportService$$SpringCGLIB$$0.buildClassReport(<generated>)
	at com.example.assignment.ReportController.classReport(ReportController.java:22)
	at java.base/jdk.internal.reflect.DirectMethodHandleAccessor.invoke(DirectMethodHandleAccessor.java:103)
	at java.base/java.lang.reflect.Method.invoke(Method.java:580)
	at org.springframework.web.method.support.InvocableHandlerMethod.doInvoke(InvocableHandlerMethod.java:255)
2026-09-16T14:44:47.376+09:00  INFO 1 --- [item-bank-api] [nio-8080-exec-4] c.example.common.GlobalExceptionHandler  : no handler for /robots.txt
2026-09-16T14:44:52.301+09:00  INFO 1 --- [item-bank-api] [nio-8080-exec-5] com.example.assignment.ReportService     : built class report for class 3: 3 distributions, 10 submissions
2026-09-16T14:44:52.303+09:00  INFO 1 --- [item-bank-api] [nio-8080-exec-5] com.zaxxer.hikari.pool.ProxyLeakTask     : Previously reported leaked connection org.mariadb.jdbc.Connection@2ac19f07 on thread http-nio-8080-exec-5 was returned to the pool (unleaked)
2026-09-16T14:44:54.878+09:00  INFO 1 --- [item-bank-api] [io-8080-exec-10] com.example.assignment.ReportService     : built class report for class 1: 3 distributions, 10 submissions
2026-09-16T14:44:54.880+09:00  INFO 1 --- [item-bank-api] [io-8080-exec-10] com.zaxxer.hikari.pool.ProxyLeakTask     : Previously reported leaked connection org.mariadb.jdbc.Connection@5b0e9e0c on thread http-nio-8080-exec-10 was returned to the pool (unleaked)
2026-09-16T14:44:56.729+09:00  INFO 1 --- [item-bank-api] [nio-8080-exec-7] com.example.assignment.ReportService     : built class report for class 3: 3 distributions, 10 submissions
2026-09-16T14:44:56.731+09:00  INFO 1 --- [item-bank-api] [nio-8080-exec-7] com.zaxxer.hikari.pool.ProxyLeakTask     : Previously reported leaked connection org.mariadb.jdbc.Connection@71d4b8e2 on thread http-nio-8080-exec-7 was returned to the pool (unleaked)
2026-09-16T14:44:57.149+09:00  INFO 1 --- [item-bank-api] [nio-8080-exec-1] c.example.common.GlobalExceptionHandler  : bad request: Method parameter 'id': Failed to convert value of type 'java.lang.String' to required type 'java.lang.Integer'; For input string: "NaN" (/api/items/NaN)
2026-09-16T14:44:58.372+09:00  WARN 1 --- [item-bank-api] [ool housekeeper] com.zaxxer.hikari.pool.ProxyLeakTask     : Connection leak detection triggered for org.mariadb.jdbc.Connection@6e8f14d3 on thread http-nio-8080-exec-9, stack trace follows
java.lang.Exception: Apparent connection leak detected
	at com.zaxxer.hikari.HikariDataSource.getConnection(HikariDataSource.java:127)
	at org.hibernate.engine.jdbc.connections.internal.DatasourceConnectionProviderImpl.getConnection(DatasourceConnectionProviderImpl.java:122)
	at org.hibernate.internal.NonContextualJdbcConnectionAccess.obtainConnection(NonContextualJdbcConnectionAccess.java:46)
	at org.hibernate.resource.jdbc.internal.LogicalConnectionManagedImpl.acquireConnectionIfNeeded(LogicalConnectionManagedImpl.java:113)
	at org.springframework.orm.jpa.vendor.HibernateJpaDialect.beginTransaction(HibernateJpaDialect.java:164)
	at org.springframework.orm.jpa.JpaTransactionManager.doBegin(JpaTransactionManager.java:420)
	at org.springframework.transaction.interceptor.TransactionAspectSupport.invokeWithinTransaction(TransactionAspectSupport.java:386)
	at org.springframework.transaction.interceptor.TransactionInterceptor.invoke(TransactionInterceptor.java:119)
	at com.example.assignment.ReportService$$SpringCGLIB$$0.buildClassReport(<generated>)
	at com.example.assignment.ReportController.classReport(ReportController.java:22)
	at java.base/jdk.internal.reflect.DirectMethodHandleAccessor.invoke(DirectMethodHandleAccessor.java:103)
	at java.base/java.lang.reflect.Method.invoke(Method.java:580)
	at org.springframework.web.method.support.InvocableHandlerMethod.doInvoke(InvocableHandlerMethod.java:255)
2026-09-16T14:45:00.027+09:00  WARN 1 --- [item-bank-api] [ool housekeeper] com.zaxxer.hikari.pool.ProxyLeakTask     : Connection leak detection triggered for org.mariadb.jdbc.Connection@3f6c2a91 on thread http-nio-8080-exec-2, stack trace follows
java.lang.Exception: Apparent connection leak detected
	at com.zaxxer.hikari.HikariDataSource.getConnection(HikariDataSource.java:127)
	at org.hibernate.engine.jdbc.connections.internal.DatasourceConnectionProviderImpl.getConnection(DatasourceConnectionProviderImpl.java:122)
	at org.hibernate.internal.NonContextualJdbcConnectionAccess.obtainConnection(NonContextualJdbcConnectionAccess.java:46)
	at org.hibernate.resource.jdbc.internal.LogicalConnectionManagedImpl.acquireConnectionIfNeeded(LogicalConnectionManagedImpl.java:113)
	at org.springframework.orm.jpa.vendor.HibernateJpaDialect.beginTransaction(HibernateJpaDialect.java:164)
	at org.springframework.orm.jpa.JpaTransactionManager.doBegin(JpaTransactionManager.java:420)
	at org.springframework.transaction.interceptor.TransactionAspectSupport.invokeWithinTransaction(TransactionAspectSupport.java:386)
	at org.springframework.transaction.interceptor.TransactionInterceptor.invoke(TransactionInterceptor.java:119)
	at com.example.assignment.ReportService$$SpringCGLIB$$0.buildClassReport(<generated>)
	at com.example.assignment.ReportController.classReport(ReportController.java:22)
	at java.base/jdk.internal.reflect.DirectMethodHandleAccessor.invoke(DirectMethodHandleAccessor.java:103)
	at java.base/java.lang.reflect.Method.invoke(Method.java:580)
	at org.springframework.web.method.support.InvocableHandlerMethod.doInvoke(InvocableHandlerMethod.java:255)
2026-09-16T14:45:02.314+09:00  WARN 1 --- [item-bank-api] [ool housekeeper] com.zaxxer.hikari.pool.ProxyLeakTask     : Connection leak detection triggered for org.mariadb.jdbc.Connection@2ac19f07 on thread http-nio-8080-exec-6, stack trace follows
java.lang.Exception: Apparent connection leak detected
	at com.zaxxer.hikari.HikariDataSource.getConnection(HikariDataSource.java:127)
	at org.hibernate.engine.jdbc.connections.internal.DatasourceConnectionProviderImpl.getConnection(DatasourceConnectionProviderImpl.java:122)
	at org.hibernate.internal.NonContextualJdbcConnectionAccess.obtainConnection(NonContextualJdbcConnectionAccess.java:46)
	at org.hibernate.resource.jdbc.internal.LogicalConnectionManagedImpl.acquireConnectionIfNeeded(LogicalConnectionManagedImpl.java:113)
	at org.springframework.orm.jpa.vendor.HibernateJpaDialect.beginTransaction(HibernateJpaDialect.java:164)
	at org.springframework.orm.jpa.JpaTransactionManager.doBegin(JpaTransactionManager.java:420)
	at org.springframework.transaction.interceptor.TransactionAspectSupport.invokeWithinTransaction(TransactionAspectSupport.java:386)
	at org.springframework.transaction.interceptor.TransactionInterceptor.invoke(TransactionInterceptor.java:119)
	at com.example.assignment.ReportService$$SpringCGLIB$$0.buildClassReport(<generated>)
	at com.example.assignment.ReportController.classReport(ReportController.java:22)
	at java.base/jdk.internal.reflect.DirectMethodHandleAccessor.invoke(DirectMethodHandleAccessor.java:103)
	at java.base/java.lang.reflect.Method.invoke(Method.java:580)
	at org.springframework.web.method.support.InvocableHandlerMethod.doInvoke(InvocableHandlerMethod.java:255)
2026-09-16T14:45:04.992+09:00  WARN 1 --- [item-bank-api] [nio-8080-exec-7] o.h.engine.jdbc.spi.SqlExceptionHelper   : SQL Error: 0, SQLState: null
2026-09-16T14:45:04.992+09:00 ERROR 1 --- [item-bank-api] [nio-8080-exec-7] o.h.engine.jdbc.spi.SqlExceptionHelper   : itembank-pool - Connection is not available, request timed out after 3000ms (total=5, active=5, idle=0, waiting=7)
2026-09-16T14:45:04.993+09:00 ERROR 1 --- [item-bank-api] [nio-8080-exec-7] c.example.common.GlobalExceptionHandler  : unhandled exception on /api/units/M6-2/items
org.springframework.transaction.CannotCreateTransactionException: Could not open JPA EntityManager for transaction
	at org.springframework.orm.jpa.JpaTransactionManager.doBegin(JpaTransactionManager.java:466)
	at org.springframework.transaction.support.AbstractPlatformTransactionManager.startTransaction(AbstractPlatformTransactionManager.java:531)
	at org.springframework.transaction.support.AbstractPlatformTransactionManager.getTransaction(AbstractPlatformTransactionManager.java:405)
	at org.springframework.transaction.interceptor.TransactionAspectSupport.createTransactionIfNecessary(TransactionAspectSupport.java:617)
	at org.springframework.transaction.interceptor.TransactionAspectSupport.invokeWithinTransaction(TransactionAspectSupport.java:386)
	at org.springframework.transaction.interceptor.TransactionInterceptor.invoke(TransactionInterceptor.java:119)
	at org.springframework.aop.framework.ReflectiveMethodInvocation.proceed(ReflectiveMethodInvocation.java:184)
	at org.springframework.aop.framework.CglibAopProxy$DynamicAdvisedInterceptor.intercept(CglibAopProxy.java:720)
	at com.example.item.ItemService$$SpringCGLIB$$0.listActiveItemsByUnit(<generated>)
	at com.example.item.ItemController.listItemsByUnit(ItemController.java:31)
	at java.base/jdk.internal.reflect.DirectMethodHandleAccessor.invoke(DirectMethodHandleAccessor.java:103)
	at java.base/java.lang.reflect.Method.invoke(Method.java:580)
	... 48 more
Caused by: org.hibernate.exception.JDBCConnectionException: Unable to acquire JDBC Connection [itembank-pool - Connection is not available, request timed out after 3000ms (total=5, active=5, idle=0, waiting=7)] [n/a]
	at org.hibernate.exception.internal.SQLStateConversionDelegate.convert(SQLStateConversionDelegate.java:100)
	at org.hibernate.exception.internal.StandardSQLExceptionConverter.convert(StandardSQLExceptionConverter.java:58)
	at org.hibernate.engine.jdbc.spi.SqlExceptionHelper.convert(SqlExceptionHelper.java:108)
	at org.hibernate.resource.jdbc.internal.LogicalConnectionManagedImpl.acquireConnectionIfNeeded(LogicalConnectionManagedImpl.java:116)
	at org.hibernate.resource.jdbc.internal.LogicalConnectionManagedImpl.getPhysicalConnection(LogicalConnectionManagedImpl.java:143)
	at org.springframework.orm.jpa.vendor.HibernateJpaDialect.beginTransaction(HibernateJpaDialect.java:164)
	at org.springframework.orm.jpa.JpaTransactionManager.doBegin(JpaTransactionManager.java:420)
	... 58 common frames omitted
Caused by: java.sql.SQLTransientConnectionException: itembank-pool - Connection is not available, request timed out after 3000ms (total=5, active=5, idle=0, waiting=7)
	at com.zaxxer.hikari.pool.HikariPool.createTimeoutException(HikariPool.java:686)
	at com.zaxxer.hikari.pool.HikariPool.getConnection(HikariPool.java:179)
	at com.zaxxer.hikari.pool.HikariPool.getConnection(HikariPool.java:144)
	at com.zaxxer.hikari.HikariDataSource.getConnection(HikariDataSource.java:127)
	at org.hibernate.engine.jdbc.connections.internal.DatasourceConnectionProviderImpl.getConnection(DatasourceConnectionProviderImpl.java:122)
	at org.hibernate.internal.NonContextualJdbcConnectionAccess.obtainConnection(NonContextualJdbcConnectionAccess.java:46)
	at org.hibernate.resource.jdbc.internal.LogicalConnectionManagedImpl.acquireConnectionIfNeeded(LogicalConnectionManagedImpl.java:113)
	... 65 common frames omitted
2026-09-16T14:45:05.093+09:00  WARN 1 --- [item-bank-api] [nio-8080-exec-8] o.h.engine.jdbc.spi.SqlExceptionHelper   : SQL Error: 0, SQLState: null
2026-09-16T14:45:05.093+09:00 ERROR 1 --- [item-bank-api] [nio-8080-exec-8] o.h.engine.jdbc.spi.SqlExceptionHelper   : itembank-pool - Connection is not available, request timed out after 3000ms (total=5, active=5, idle=0, waiting=6)
2026-09-16T14:45:05.094+09:00 ERROR 1 --- [item-bank-api] [nio-8080-exec-8] c.example.common.GlobalExceptionHandler  : unhandled exception on /api/units/M6-1/items
org.springframework.transaction.CannotCreateTransactionException: Could not open JPA EntityManager for transaction
	at org.springframework.orm.jpa.JpaTransactionManager.doBegin(JpaTransactionManager.java:466)
	at org.springframework.transaction.support.AbstractPlatformTransactionManager.startTransaction(AbstractPlatformTransactionManager.java:531)
	at org.springframework.transaction.support.AbstractPlatformTransactionManager.getTransaction(AbstractPlatformTransactionManager.java:405)
	at org.springframework.transaction.interceptor.TransactionAspectSupport.createTransactionIfNecessary(TransactionAspectSupport.java:617)
	at org.springframework.transaction.interceptor.TransactionAspectSupport.invokeWithinTransaction(TransactionAspectSupport.java:386)
	at org.springframework.transaction.interceptor.TransactionInterceptor.invoke(TransactionInterceptor.java:119)
	at org.springframework.aop.framework.ReflectiveMethodInvocation.proceed(ReflectiveMethodInvocation.java:184)
	at org.springframework.aop.framework.CglibAopProxy$DynamicAdvisedInterceptor.intercept(CglibAopProxy.java:720)
	at com.example.item.ItemService$$SpringCGLIB$$0.listActiveItemsByUnit(<generated>)
	at com.example.item.ItemController.listItemsByUnit(ItemController.java:31)
	at java.base/jdk.internal.reflect.DirectMethodHandleAccessor.invoke(DirectMethodHandleAccessor.java:103)
	at java.base/java.lang.reflect.Method.invoke(Method.java:580)
	... 48 more
Caused by: org.hibernate.exception.JDBCConnectionException: Unable to acquire JDBC Connection [itembank-pool - Connection is not available, request timed out after 3000ms (total=5, active=5, idle=0, waiting=6)] [n/a]
	at org.hibernate.exception.internal.SQLStateConversionDelegate.convert(SQLStateConversionDelegate.java:100)
	at org.hibernate.exception.internal.StandardSQLExceptionConverter.convert(StandardSQLExceptionConverter.java:58)
	at org.hibernate.engine.jdbc.spi.SqlExceptionHelper.convert(SqlExceptionHelper.java:108)
	at org.hibernate.resource.jdbc.internal.LogicalConnectionManagedImpl.acquireConnectionIfNeeded(LogicalConnectionManagedImpl.java:116)
	at org.hibernate.resource.jdbc.internal.LogicalConnectionManagedImpl.getPhysicalConnection(LogicalConnectionManagedImpl.java:143)
	at org.springframework.orm.jpa.vendor.HibernateJpaDialect.beginTransaction(HibernateJpaDialect.java:164)
	at org.springframework.orm.jpa.JpaTransactionManager.doBegin(JpaTransactionManager.java:420)
	... 58 common frames omitted
Caused by: java.sql.SQLTransientConnectionException: itembank-pool - Connection is not available, request timed out after 3000ms (total=5, active=5, idle=0, waiting=6)
	at com.zaxxer.hikari.pool.HikariPool.createTimeoutException(HikariPool.java:686)
	at com.zaxxer.hikari.pool.HikariPool.getConnection(HikariPool.java:179)
	at com.zaxxer.hikari.pool.HikariPool.getConnection(HikariPool.java:144)
	at com.zaxxer.hikari.HikariDataSource.getConnection(HikariDataSource.java:127)
	at org.hibernate.engine.jdbc.connections.internal.DatasourceConnectionProviderImpl.getConnection(DatasourceConnectionProviderImpl.java:122)
	at org.hibernate.internal.NonContextualJdbcConnectionAccess.obtainConnection(NonContextualJdbcConnectionAccess.java:46)
	at org.hibernate.resource.jdbc.internal.LogicalConnectionManagedImpl.acquireConnectionIfNeeded(LogicalConnectionManagedImpl.java:113)
	... 65 common frames omitted
2026-09-16T14:45:05.569+09:00  WARN 1 --- [item-bank-api] [ool housekeeper] com.zaxxer.hikari.pool.ProxyLeakTask     : Connection leak detection triggered for org.mariadb.jdbc.Connection@5b0e9e0c on thread http-nio-8080-exec-10, stack trace follows
java.lang.Exception: Apparent connection leak detected
	at com.zaxxer.hikari.HikariDataSource.getConnection(HikariDataSource.java:127)
	at org.hibernate.engine.jdbc.connections.internal.DatasourceConnectionProviderImpl.getConnection(DatasourceConnectionProviderImpl.java:122)
	at org.hibernate.internal.NonContextualJdbcConnectionAccess.obtainConnection(NonContextualJdbcConnectionAccess.java:46)
	at org.hibernate.resource.jdbc.internal.LogicalConnectionManagedImpl.acquireConnectionIfNeeded(LogicalConnectionManagedImpl.java:113)
	at org.springframework.orm.jpa.vendor.HibernateJpaDialect.beginTransaction(HibernateJpaDialect.java:164)
	at org.springframework.orm.jpa.JpaTransactionManager.doBegin(JpaTransactionManager.java:420)
	at org.springframework.transaction.interceptor.TransactionAspectSupport.invokeWithinTransaction(TransactionAspectSupport.java:386)
	at org.springframework.transaction.interceptor.TransactionInterceptor.invoke(TransactionInterceptor.java:119)
	at com.example.assignment.ReportService$$SpringCGLIB$$0.buildClassReport(<generated>)
	at com.example.assignment.ReportController.classReport(ReportController.java:22)
	at java.base/jdk.internal.reflect.DirectMethodHandleAccessor.invoke(DirectMethodHandleAccessor.java:103)
	at java.base/java.lang.reflect.Method.invoke(Method.java:580)
	at org.springframework.web.method.support.InvocableHandlerMethod.doInvoke(InvocableHandlerMethod.java:255)
2026-09-16T14:45:05.630+09:00  WARN 1 --- [item-bank-api] [nio-8080-exec-4] o.h.engine.jdbc.spi.SqlExceptionHelper   : SQL Error: 0, SQLState: null
2026-09-16T14:45:05.630+09:00 ERROR 1 --- [item-bank-api] [nio-8080-exec-4] o.h.engine.jdbc.spi.SqlExceptionHelper   : itembank-pool - Connection is not available, request timed out after 3000ms (total=5, active=5, idle=0, waiting=5)
2026-09-16T14:45:05.631+09:00 ERROR 1 --- [item-bank-api] [nio-8080-exec-4] c.example.common.GlobalExceptionHandler  : unhandled exception on /api/items/15
org.springframework.transaction.CannotCreateTransactionException: Could not open JPA EntityManager for transaction
	at org.springframework.orm.jpa.JpaTransactionManager.doBegin(JpaTransactionManager.java:466)
	at org.springframework.transaction.support.AbstractPlatformTransactionManager.startTransaction(AbstractPlatformTransactionManager.java:531)
	at org.springframework.transaction.support.AbstractPlatformTransactionManager.getTransaction(AbstractPlatformTransactionManager.java:405)
	at org.springframework.transaction.interceptor.TransactionAspectSupport.createTransactionIfNecessary(TransactionAspectSupport.java:617)
	at org.springframework.transaction.interceptor.TransactionAspectSupport.invokeWithinTransaction(TransactionAspectSupport.java:386)
	at org.springframework.transaction.interceptor.TransactionInterceptor.invoke(TransactionInterceptor.java:119)
	at org.springframework.aop.framework.ReflectiveMethodInvocation.proceed(ReflectiveMethodInvocation.java:184)
	at org.springframework.aop.framework.CglibAopProxy$DynamicAdvisedInterceptor.intercept(CglibAopProxy.java:720)
	at com.example.item.ItemService$$SpringCGLIB$$0.getItem(<generated>)
	at com.example.item.ItemController.getItem(ItemController.java:25)
	at java.base/jdk.internal.reflect.DirectMethodHandleAccessor.invoke(DirectMethodHandleAccessor.java:103)
	at java.base/java.lang.reflect.Method.invoke(Method.java:580)
	... 48 more
Caused by: org.hibernate.exception.JDBCConnectionException: Unable to acquire JDBC Connection [itembank-pool - Connection is not available, request timed out after 3000ms (total=5, active=5, idle=0, waiting=5)] [n/a]
	at org.hibernate.exception.internal.SQLStateConversionDelegate.convert(SQLStateConversionDelegate.java:100)
	at org.hibernate.exception.internal.StandardSQLExceptionConverter.convert(StandardSQLExceptionConverter.java:58)
	at org.hibernate.engine.jdbc.spi.SqlExceptionHelper.convert(SqlExceptionHelper.java:108)
	at org.hibernate.resource.jdbc.internal.LogicalConnectionManagedImpl.acquireConnectionIfNeeded(LogicalConnectionManagedImpl.java:116)
	at org.hibernate.resource.jdbc.internal.LogicalConnectionManagedImpl.getPhysicalConnection(LogicalConnectionManagedImpl.java:143)
	at org.springframework.orm.jpa.vendor.HibernateJpaDialect.beginTransaction(HibernateJpaDialect.java:164)
	at org.springframework.orm.jpa.JpaTransactionManager.doBegin(JpaTransactionManager.java:420)
	... 58 common frames omitted
Caused by: java.sql.SQLTransientConnectionException: itembank-pool - Connection is not available, request timed out after 3000ms (total=5, active=5, idle=0, waiting=5)
	at com.zaxxer.hikari.pool.HikariPool.createTimeoutException(HikariPool.java:686)
	at com.zaxxer.hikari.pool.HikariPool.getConnection(HikariPool.java:179)
	at com.zaxxer.hikari.pool.HikariPool.getConnection(HikariPool.java:144)
	at com.zaxxer.hikari.HikariDataSource.getConnection(HikariDataSource.java:127)
	at org.hibernate.engine.jdbc.connections.internal.DatasourceConnectionProviderImpl.getConnection(DatasourceConnectionProviderImpl.java:122)
	at org.hibernate.internal.NonContextualJdbcConnectionAccess.obtainConnection(NonContextualJdbcConnectionAccess.java:46)
	at org.hibernate.resource.jdbc.internal.LogicalConnectionManagedImpl.acquireConnectionIfNeeded(LogicalConnectionManagedImpl.java:113)
	... 65 common frames omitted
2026-09-16T14:45:05.982+09:00  WARN 1 --- [item-bank-api] [nio-8080-exec-3] o.h.engine.jdbc.spi.SqlExceptionHelper   : SQL Error: 0, SQLState: null
2026-09-16T14:45:05.982+09:00 ERROR 1 --- [item-bank-api] [nio-8080-exec-3] o.h.engine.jdbc.spi.SqlExceptionHelper   : itembank-pool - Connection is not available, request timed out after 3000ms (total=5, active=5, idle=0, waiting=4)
2026-09-16T14:45:05.983+09:00 ERROR 1 --- [item-bank-api] [nio-8080-exec-3] c.example.common.GlobalExceptionHandler  : unhandled exception on /api/units
org.springframework.transaction.CannotCreateTransactionException: Could not open JPA EntityManager for transaction
	at org.springframework.orm.jpa.JpaTransactionManager.doBegin(JpaTransactionManager.java:466)
	at org.springframework.transaction.support.AbstractPlatformTransactionManager.startTransaction(AbstractPlatformTransactionManager.java:531)
	at org.springframework.transaction.support.AbstractPlatformTransactionManager.getTransaction(AbstractPlatformTransactionManager.java:405)
	at org.springframework.transaction.interceptor.TransactionAspectSupport.createTransactionIfNecessary(TransactionAspectSupport.java:617)
	at org.springframework.transaction.interceptor.TransactionAspectSupport.invokeWithinTransaction(TransactionAspectSupport.java:386)
	at org.springframework.transaction.interceptor.TransactionInterceptor.invoke(TransactionInterceptor.java:119)
	at org.springframework.aop.framework.ReflectiveMethodInvocation.proceed(ReflectiveMethodInvocation.java:184)
	at org.springframework.aop.framework.CglibAopProxy$DynamicAdvisedInterceptor.intercept(CglibAopProxy.java:720)
	at com.example.item.UnitService$$SpringCGLIB$$0.listUnits(<generated>)
	at com.example.item.UnitController.listUnits(UnitController.java:22)
	at java.base/jdk.internal.reflect.DirectMethodHandleAccessor.invoke(DirectMethodHandleAccessor.java:103)
	at java.base/java.lang.reflect.Method.invoke(Method.java:580)
	... 48 more
Caused by: org.hibernate.exception.JDBCConnectionException: Unable to acquire JDBC Connection [itembank-pool - Connection is not available, request timed out after 3000ms (total=5, active=5, idle=0, waiting=4)] [n/a]
	at org.hibernate.exception.internal.SQLStateConversionDelegate.convert(SQLStateConversionDelegate.java:100)
	at org.hibernate.exception.internal.StandardSQLExceptionConverter.convert(StandardSQLExceptionConverter.java:58)
	at org.hibernate.engine.jdbc.spi.SqlExceptionHelper.convert(SqlExceptionHelper.java:108)
	at org.hibernate.resource.jdbc.internal.LogicalConnectionManagedImpl.acquireConnectionIfNeeded(LogicalConnectionManagedImpl.java:116)
	at org.hibernate.resource.jdbc.internal.LogicalConnectionManagedImpl.getPhysicalConnection(LogicalConnectionManagedImpl.java:143)
	at org.springframework.orm.jpa.vendor.HibernateJpaDialect.beginTransaction(HibernateJpaDialect.java:164)
	at org.springframework.orm.jpa.JpaTransactionManager.doBegin(JpaTransactionManager.java:420)
	... 58 common frames omitted
Caused by: java.sql.SQLTransientConnectionException: itembank-pool - Connection is not available, request timed out after 3000ms (total=5, active=5, idle=0, waiting=4)
	at com.zaxxer.hikari.pool.HikariPool.createTimeoutException(HikariPool.java:686)
	at com.zaxxer.hikari.pool.HikariPool.getConnection(HikariPool.java:179)
	at com.zaxxer.hikari.pool.HikariPool.getConnection(HikariPool.java:144)
	at com.zaxxer.hikari.HikariDataSource.getConnection(HikariDataSource.java:127)
	at org.hibernate.engine.jdbc.connections.internal.DatasourceConnectionProviderImpl.getConnection(DatasourceConnectionProviderImpl.java:122)
	at org.hibernate.internal.NonContextualJdbcConnectionAccess.obtainConnection(NonContextualJdbcConnectionAccess.java:46)
	at org.hibernate.resource.jdbc.internal.LogicalConnectionManagedImpl.acquireConnectionIfNeeded(LogicalConnectionManagedImpl.java:113)
	... 65 common frames omitted
2026-09-16T14:45:06.031+09:00  WARN 1 --- [item-bank-api] [nio-8080-exec-1] o.h.engine.jdbc.spi.SqlExceptionHelper   : SQL Error: 0, SQLState: null
2026-09-16T14:45:06.031+09:00 ERROR 1 --- [item-bank-api] [nio-8080-exec-1] o.h.engine.jdbc.spi.SqlExceptionHelper   : itembank-pool - Connection is not available, request timed out after 3000ms (total=5, active=5, idle=0, waiting=3)
2026-09-16T14:45:06.032+09:00 ERROR 1 --- [item-bank-api] [nio-8080-exec-1] c.example.common.GlobalExceptionHandler  : unhandled exception on /api/units/M5-2/items
org.springframework.transaction.CannotCreateTransactionException: Could not open JPA EntityManager for transaction
	at org.springframework.orm.jpa.JpaTransactionManager.doBegin(JpaTransactionManager.java:466)
	at org.springframework.transaction.support.AbstractPlatformTransactionManager.startTransaction(AbstractPlatformTransactionManager.java:531)
	at org.springframework.transaction.support.AbstractPlatformTransactionManager.getTransaction(AbstractPlatformTransactionManager.java:405)
	at org.springframework.transaction.interceptor.TransactionAspectSupport.createTransactionIfNecessary(TransactionAspectSupport.java:617)
	at org.springframework.transaction.interceptor.TransactionAspectSupport.invokeWithinTransaction(TransactionAspectSupport.java:386)
	at org.springframework.transaction.interceptor.TransactionInterceptor.invoke(TransactionInterceptor.java:119)
	at org.springframework.aop.framework.ReflectiveMethodInvocation.proceed(ReflectiveMethodInvocation.java:184)
	at org.springframework.aop.framework.CglibAopProxy$DynamicAdvisedInterceptor.intercept(CglibAopProxy.java:720)
	at com.example.item.ItemService$$SpringCGLIB$$0.listActiveItemsByUnit(<generated>)
	at com.example.item.ItemController.listItemsByUnit(ItemController.java:31)
	at java.base/jdk.internal.reflect.DirectMethodHandleAccessor.invoke(DirectMethodHandleAccessor.java:103)
	at java.base/java.lang.reflect.Method.invoke(Method.java:580)
	... 48 more
Caused by: org.hibernate.exception.JDBCConnectionException: Unable to acquire JDBC Connection [itembank-pool - Connection is not available, request timed out after 3000ms (total=5, active=5, idle=0, waiting=3)] [n/a]
	at org.hibernate.exception.internal.SQLStateConversionDelegate.convert(SQLStateConversionDelegate.java:100)
	at org.hibernate.exception.internal.StandardSQLExceptionConverter.convert(StandardSQLExceptionConverter.java:58)
	at org.hibernate.engine.jdbc.spi.SqlExceptionHelper.convert(SqlExceptionHelper.java:108)
	at org.hibernate.resource.jdbc.internal.LogicalConnectionManagedImpl.acquireConnectionIfNeeded(LogicalConnectionManagedImpl.java:116)
	at org.hibernate.resource.jdbc.internal.LogicalConnectionManagedImpl.getPhysicalConnection(LogicalConnectionManagedImpl.java:143)
	at org.springframework.orm.jpa.vendor.HibernateJpaDialect.beginTransaction(HibernateJpaDialect.java:164)
	at org.springframework.orm.jpa.JpaTransactionManager.doBegin(JpaTransactionManager.java:420)
	... 58 common frames omitted
Caused by: java.sql.SQLTransientConnectionException: itembank-pool - Connection is not available, request timed out after 3000ms (total=5, active=5, idle=0, waiting=3)
	at com.zaxxer.hikari.pool.HikariPool.createTimeoutException(HikariPool.java:686)
	at com.zaxxer.hikari.pool.HikariPool.getConnection(HikariPool.java:179)
	at com.zaxxer.hikari.pool.HikariPool.getConnection(HikariPool.java:144)
	at com.zaxxer.hikari.HikariDataSource.getConnection(HikariDataSource.java:127)
	at org.hibernate.engine.jdbc.connections.internal.DatasourceConnectionProviderImpl.getConnection(DatasourceConnectionProviderImpl.java:122)
	at org.hibernate.internal.NonContextualJdbcConnectionAccess.obtainConnection(NonContextualJdbcConnectionAccess.java:46)
	at org.hibernate.resource.jdbc.internal.LogicalConnectionManagedImpl.acquireConnectionIfNeeded(LogicalConnectionManagedImpl.java:113)
	... 65 common frames omitted
2026-09-16T14:45:06.901+09:00  WARN 1 --- [item-bank-api] [io-8080-exec-13] o.h.engine.jdbc.spi.SqlExceptionHelper   : SQL Error: 0, SQLState: null
2026-09-16T14:45:06.901+09:00 ERROR 1 --- [item-bank-api] [io-8080-exec-13] o.h.engine.jdbc.spi.SqlExceptionHelper   : itembank-pool - Connection is not available, request timed out after 3000ms (total=5, active=5, idle=0, waiting=4)
2026-09-16T14:45:06.902+09:00 ERROR 1 --- [item-bank-api] [io-8080-exec-13] c.example.common.GlobalExceptionHandler  : unhandled exception on /api/distributions/1
org.springframework.transaction.CannotCreateTransactionException: Could not open JPA EntityManager for transaction
	at org.springframework.orm.jpa.JpaTransactionManager.doBegin(JpaTransactionManager.java:466)
	at org.springframework.transaction.support.AbstractPlatformTransactionManager.startTransaction(AbstractPlatformTransactionManager.java:531)
	at org.springframework.transaction.support.AbstractPlatformTransactionManager.getTransaction(AbstractPlatformTransactionManager.java:405)
	at org.springframework.transaction.interceptor.TransactionAspectSupport.createTransactionIfNecessary(TransactionAspectSupport.java:617)
	at org.springframework.transaction.interceptor.TransactionAspectSupport.invokeWithinTransaction(TransactionAspectSupport.java:386)
	at org.springframework.transaction.interceptor.TransactionInterceptor.invoke(TransactionInterceptor.java:119)
	at org.springframework.aop.framework.ReflectiveMethodInvocation.proceed(ReflectiveMethodInvocation.java:184)
	at org.springframework.aop.framework.CglibAopProxy$DynamicAdvisedInterceptor.intercept(CglibAopProxy.java:720)
	at com.example.assignment.DistributionService$$SpringCGLIB$$0.getDistribution(<generated>)
	at com.example.assignment.DistributionController.getDistribution(DistributionController.java:26)
	at java.base/jdk.internal.reflect.DirectMethodHandleAccessor.invoke(DirectMethodHandleAccessor.java:103)
	at java.base/java.lang.reflect.Method.invoke(Method.java:580)
	... 48 more
Caused by: org.hibernate.exception.JDBCConnectionException: Unable to acquire JDBC Connection [itembank-pool - Connection is not available, request timed out after 3000ms (total=5, active=5, idle=0, waiting=4)] [n/a]
	at org.hibernate.exception.internal.SQLStateConversionDelegate.convert(SQLStateConversionDelegate.java:100)
	at org.hibernate.exception.internal.StandardSQLExceptionConverter.convert(StandardSQLExceptionConverter.java:58)
	at org.hibernate.engine.jdbc.spi.SqlExceptionHelper.convert(SqlExceptionHelper.java:108)
	at org.hibernate.resource.jdbc.internal.LogicalConnectionManagedImpl.acquireConnectionIfNeeded(LogicalConnectionManagedImpl.java:116)
	at org.hibernate.resource.jdbc.internal.LogicalConnectionManagedImpl.getPhysicalConnection(LogicalConnectionManagedImpl.java:143)
	at org.springframework.orm.jpa.vendor.HibernateJpaDialect.beginTransaction(HibernateJpaDialect.java:164)
	at org.springframework.orm.jpa.JpaTransactionManager.doBegin(JpaTransactionManager.java:420)
	... 58 common frames omitted
Caused by: java.sql.SQLTransientConnectionException: itembank-pool - Connection is not available, request timed out after 3000ms (total=5, active=5, idle=0, waiting=4)
	at com.zaxxer.hikari.pool.HikariPool.createTimeoutException(HikariPool.java:686)
	at com.zaxxer.hikari.pool.HikariPool.getConnection(HikariPool.java:179)
	at com.zaxxer.hikari.pool.HikariPool.getConnection(HikariPool.java:144)
	at com.zaxxer.hikari.HikariDataSource.getConnection(HikariDataSource.java:127)
	at org.hibernate.engine.jdbc.connections.internal.DatasourceConnectionProviderImpl.getConnection(DatasourceConnectionProviderImpl.java:122)
	at org.hibernate.internal.NonContextualJdbcConnectionAccess.obtainConnection(NonContextualJdbcConnectionAccess.java:46)
	at org.hibernate.resource.jdbc.internal.LogicalConnectionManagedImpl.acquireConnectionIfNeeded(LogicalConnectionManagedImpl.java:113)
	... 65 common frames omitted
2026-09-16T14:45:07.686+09:00  WARN 1 --- [item-bank-api] [io-8080-exec-15] o.h.engine.jdbc.spi.SqlExceptionHelper   : SQL Error: 0, SQLState: null
2026-09-16T14:45:07.686+09:00 ERROR 1 --- [item-bank-api] [io-8080-exec-15] o.h.engine.jdbc.spi.SqlExceptionHelper   : itembank-pool - Connection is not available, request timed out after 3000ms (total=5, active=5, idle=0, waiting=3)
2026-09-16T14:45:07.687+09:00 ERROR 1 --- [item-bank-api] [io-8080-exec-15] c.example.common.GlobalExceptionHandler  : unhandled exception on /api/units
org.springframework.transaction.CannotCreateTransactionException: Could not open JPA EntityManager for transaction
	at org.springframework.orm.jpa.JpaTransactionManager.doBegin(JpaTransactionManager.java:466)
	at org.springframework.transaction.support.AbstractPlatformTransactionManager.startTransaction(AbstractPlatformTransactionManager.java:531)
	at org.springframework.transaction.support.AbstractPlatformTransactionManager.getTransaction(AbstractPlatformTransactionManager.java:405)
	at org.springframework.transaction.interceptor.TransactionAspectSupport.createTransactionIfNecessary(TransactionAspectSupport.java:617)
	at org.springframework.transaction.interceptor.TransactionAspectSupport.invokeWithinTransaction(TransactionAspectSupport.java:386)
	at org.springframework.transaction.interceptor.TransactionInterceptor.invoke(TransactionInterceptor.java:119)
	at org.springframework.aop.framework.ReflectiveMethodInvocation.proceed(ReflectiveMethodInvocation.java:184)
	at org.springframework.aop.framework.CglibAopProxy$DynamicAdvisedInterceptor.intercept(CglibAopProxy.java:720)
	at com.example.item.UnitService$$SpringCGLIB$$0.listUnits(<generated>)
	at com.example.item.UnitController.listUnits(UnitController.java:22)
	at java.base/jdk.internal.reflect.DirectMethodHandleAccessor.invoke(DirectMethodHandleAccessor.java:103)
	at java.base/java.lang.reflect.Method.invoke(Method.java:580)
	... 48 more
Caused by: org.hibernate.exception.JDBCConnectionException: Unable to acquire JDBC Connection [itembank-pool - Connection is not available, request timed out after 3000ms (total=5, active=5, idle=0, waiting=3)] [n/a]
	at org.hibernate.exception.internal.SQLStateConversionDelegate.convert(SQLStateConversionDelegate.java:100)
	at org.hibernate.exception.internal.StandardSQLExceptionConverter.convert(StandardSQLExceptionConverter.java:58)
	at org.hibernate.engine.jdbc.spi.SqlExceptionHelper.convert(SqlExceptionHelper.java:108)
	at org.hibernate.resource.jdbc.internal.LogicalConnectionManagedImpl.acquireConnectionIfNeeded(LogicalConnectionManagedImpl.java:116)
	at org.hibernate.resource.jdbc.internal.LogicalConnectionManagedImpl.getPhysicalConnection(LogicalConnectionManagedImpl.java:143)
	at org.springframework.orm.jpa.vendor.HibernateJpaDialect.beginTransaction(HibernateJpaDialect.java:164)
	at org.springframework.orm.jpa.JpaTransactionManager.doBegin(JpaTransactionManager.java:420)
	... 58 common frames omitted
Caused by: java.sql.SQLTransientConnectionException: itembank-pool - Connection is not available, request timed out after 3000ms (total=5, active=5, idle=0, waiting=3)
	at com.zaxxer.hikari.pool.HikariPool.createTimeoutException(HikariPool.java:686)
	at com.zaxxer.hikari.pool.HikariPool.getConnection(HikariPool.java:179)
	at com.zaxxer.hikari.pool.HikariPool.getConnection(HikariPool.java:144)
	at com.zaxxer.hikari.HikariDataSource.getConnection(HikariDataSource.java:127)
	at org.hibernate.engine.jdbc.connections.internal.DatasourceConnectionProviderImpl.getConnection(DatasourceConnectionProviderImpl.java:122)
	at org.hibernate.internal.NonContextualJdbcConnectionAccess.obtainConnection(NonContextualJdbcConnectionAccess.java:46)
	at org.hibernate.resource.jdbc.internal.LogicalConnectionManagedImpl.acquireConnectionIfNeeded(LogicalConnectionManagedImpl.java:113)
	... 65 common frames omitted
2026-09-16T14:45:08.532+09:00  INFO 1 --- [item-bank-api] [nio-8080-exec-9] com.example.assignment.ReportService     : built class report for class 2: 3 distributions, 10 submissions
2026-09-16T14:45:08.534+09:00  INFO 1 --- [item-bank-api] [nio-8080-exec-9] com.zaxxer.hikari.pool.ProxyLeakTask     : Previously reported leaked connection org.mariadb.jdbc.Connection@6e8f14d3 on thread http-nio-8080-exec-9 was returned to the pool (unleaked)
2026-09-16T14:45:08.782+09:00  WARN 1 --- [item-bank-api] [ool housekeeper] com.zaxxer.hikari.pool.ProxyLeakTask     : Connection leak detection triggered for org.mariadb.jdbc.Connection@71d4b8e2 on thread http-nio-8080-exec-5, stack trace follows
java.lang.Exception: Apparent connection leak detected
	at com.zaxxer.hikari.HikariDataSource.getConnection(HikariDataSource.java:127)
	at org.hibernate.engine.jdbc.connections.internal.DatasourceConnectionProviderImpl.getConnection(DatasourceConnectionProviderImpl.java:122)
	at org.hibernate.internal.NonContextualJdbcConnectionAccess.obtainConnection(NonContextualJdbcConnectionAccess.java:46)
	at org.hibernate.resource.jdbc.internal.LogicalConnectionManagedImpl.acquireConnectionIfNeeded(LogicalConnectionManagedImpl.java:113)
	at org.springframework.orm.jpa.vendor.HibernateJpaDialect.beginTransaction(HibernateJpaDialect.java:164)
	at org.springframework.orm.jpa.JpaTransactionManager.doBegin(JpaTransactionManager.java:420)
	at org.springframework.transaction.interceptor.TransactionAspectSupport.invokeWithinTransaction(TransactionAspectSupport.java:386)
	at org.springframework.transaction.interceptor.TransactionInterceptor.invoke(TransactionInterceptor.java:119)
	at com.example.assignment.ReportService$$SpringCGLIB$$0.buildClassReport(<generated>)
	at com.example.assignment.ReportController.classReport(ReportController.java:22)
	at java.base/jdk.internal.reflect.DirectMethodHandleAccessor.invoke(DirectMethodHandleAccessor.java:103)
	at java.base/java.lang.reflect.Method.invoke(Method.java:580)
	at org.springframework.web.method.support.InvocableHandlerMethod.doInvoke(InvocableHandlerMethod.java:255)
2026-09-16T14:45:09.879+09:00  INFO 1 --- [item-bank-api] [nio-8080-exec-2] com.example.assignment.ReportService     : built class report for class 3: 3 distributions, 10 submissions
2026-09-16T14:45:09.881+09:00  INFO 1 --- [item-bank-api] [nio-8080-exec-2] com.zaxxer.hikari.pool.ProxyLeakTask     : Previously reported leaked connection org.mariadb.jdbc.Connection@3f6c2a91 on thread http-nio-8080-exec-2 was returned to the pool (unleaked)
2026-09-16T14:45:13.361+09:00  INFO 1 --- [item-bank-api] [nio-8080-exec-6] com.example.assignment.ReportService     : built class report for class 1: 3 distributions, 10 submissions
2026-09-16T14:45:13.363+09:00  INFO 1 --- [item-bank-api] [nio-8080-exec-6] com.zaxxer.hikari.pool.ProxyLeakTask     : Previously reported leaked connection org.mariadb.jdbc.Connection@2ac19f07 on thread http-nio-8080-exec-6 was returned to the pool (unleaked)
2026-09-16T14:45:15.857+09:00  INFO 1 --- [item-bank-api] [nio-8080-exec-5] com.example.assignment.ReportService     : built class report for class 3: 3 distributions, 10 submissions
2026-09-16T14:45:15.859+09:00  INFO 1 --- [item-bank-api] [nio-8080-exec-5] com.zaxxer.hikari.pool.ProxyLeakTask     : Previously reported leaked connection org.mariadb.jdbc.Connection@71d4b8e2 on thread http-nio-8080-exec-5 was returned to the pool (unleaked)
2026-09-16T14:45:15.900+09:00  INFO 1 --- [item-bank-api] [io-8080-exec-10] com.example.assignment.ReportService     : built class report for class 1: 3 distributions, 10 submissions
2026-09-16T14:45:15.902+09:00  INFO 1 --- [item-bank-api] [io-8080-exec-10] com.zaxxer.hikari.pool.ProxyLeakTask     : Previously reported leaked connection org.mariadb.jdbc.Connection@5b0e9e0c on thread http-nio-8080-exec-10 was returned to the pool (unleaked)
2026-09-16T14:45:18.566+09:00  WARN 1 --- [item-bank-api] [ool housekeeper] com.zaxxer.hikari.pool.ProxyLeakTask     : Connection leak detection triggered for org.mariadb.jdbc.Connection@6e8f14d3 on thread http-nio-8080-exec-12, stack trace follows
java.lang.Exception: Apparent connection leak detected
	at com.zaxxer.hikari.HikariDataSource.getConnection(HikariDataSource.java:127)
	at org.hibernate.engine.jdbc.connections.internal.DatasourceConnectionProviderImpl.getConnection(DatasourceConnectionProviderImpl.java:122)
	at org.hibernate.internal.NonContextualJdbcConnectionAccess.obtainConnection(NonContextualJdbcConnectionAccess.java:46)
	at org.hibernate.resource.jdbc.internal.LogicalConnectionManagedImpl.acquireConnectionIfNeeded(LogicalConnectionManagedImpl.java:113)
	at org.springframework.orm.jpa.vendor.HibernateJpaDialect.beginTransaction(HibernateJpaDialect.java:164)
	at org.springframework.orm.jpa.JpaTransactionManager.doBegin(JpaTransactionManager.java:420)
	at org.springframework.transaction.interceptor.TransactionAspectSupport.invokeWithinTransaction(TransactionAspectSupport.java:386)
	at org.springframework.transaction.interceptor.TransactionInterceptor.invoke(TransactionInterceptor.java:119)
	at com.example.assignment.ReportService$$SpringCGLIB$$0.buildClassReport(<generated>)
	at com.example.assignment.ReportController.classReport(ReportController.java:22)
	at java.base/jdk.internal.reflect.DirectMethodHandleAccessor.invoke(DirectMethodHandleAccessor.java:103)
	at java.base/java.lang.reflect.Method.invoke(Method.java:580)
	at org.springframework.web.method.support.InvocableHandlerMethod.doInvoke(InvocableHandlerMethod.java:255)
2026-09-16T14:45:27.117+09:00  INFO 1 --- [item-bank-api] [io-8080-exec-12] com.example.assignment.ReportService     : built class report for class 3: 3 distributions, 10 submissions
2026-09-16T14:45:27.119+09:00  INFO 1 --- [item-bank-api] [io-8080-exec-12] com.zaxxer.hikari.pool.ProxyLeakTask     : Previously reported leaked connection org.mariadb.jdbc.Connection@6e8f14d3 on thread http-nio-8080-exec-12 was returned to the pool (unleaked)
2026-09-16T14:45:28.864+09:00  INFO 1 --- [item-bank-api] [nio-8080-exec-6] c.example.common.GlobalExceptionHandler  : not found: 문항이 없습니다: id=35 (/api/items/35)
2026-09-16T14:45:31.605+09:00  WARN 1 --- [item-bank-api] [ool housekeeper] com.zaxxer.hikari.pool.ProxyLeakTask     : Connection leak detection triggered for org.mariadb.jdbc.Connection@3f6c2a91 on thread http-nio-8080-exec-10, stack trace follows
java.lang.Exception: Apparent connection leak detected
	at com.zaxxer.hikari.HikariDataSource.getConnection(HikariDataSource.java:127)
	at org.hibernate.engine.jdbc.connections.internal.DatasourceConnectionProviderImpl.getConnection(DatasourceConnectionProviderImpl.java:122)
	at org.hibernate.internal.NonContextualJdbcConnectionAccess.obtainConnection(NonContextualJdbcConnectionAccess.java:46)
	at org.hibernate.resource.jdbc.internal.LogicalConnectionManagedImpl.acquireConnectionIfNeeded(LogicalConnectionManagedImpl.java:113)
	at org.springframework.orm.jpa.vendor.HibernateJpaDialect.beginTransaction(HibernateJpaDialect.java:164)
	at org.springframework.orm.jpa.JpaTransactionManager.doBegin(JpaTransactionManager.java:420)
	at org.springframework.transaction.interceptor.TransactionAspectSupport.invokeWithinTransaction(TransactionAspectSupport.java:386)
	at org.springframework.transaction.interceptor.TransactionInterceptor.invoke(TransactionInterceptor.java:119)
	at com.example.assignment.ReportService$$SpringCGLIB$$0.buildClassReport(<generated>)
	at com.example.assignment.ReportController.classReport(ReportController.java:22)
	at java.base/jdk.internal.reflect.DirectMethodHandleAccessor.invoke(DirectMethodHandleAccessor.java:103)
	at java.base/java.lang.reflect.Method.invoke(Method.java:580)
	at org.springframework.web.method.support.InvocableHandlerMethod.doInvoke(InvocableHandlerMethod.java:255)
2026-09-16T14:45:39.140+09:00  INFO 1 --- [item-bank-api] [io-8080-exec-10] com.example.assignment.ReportService     : built class report for class 3: 3 distributions, 10 submissions
2026-09-16T14:45:39.142+09:00  INFO 1 --- [item-bank-api] [io-8080-exec-10] com.zaxxer.hikari.pool.ProxyLeakTask     : Previously reported leaked connection org.mariadb.jdbc.Connection@3f6c2a91 on thread http-nio-8080-exec-10 was returned to the pool (unleaked)
2026-09-16T14:45:40.180+09:00  WARN 1 --- [item-bank-api] [ool housekeeper] com.zaxxer.hikari.pool.ProxyLeakTask     : Connection leak detection triggered for org.mariadb.jdbc.Connection@5b0e9e0c on thread http-nio-8080-exec-6, stack trace follows
java.lang.Exception: Apparent connection leak detected
	at com.zaxxer.hikari.HikariDataSource.getConnection(HikariDataSource.java:127)
	at org.hibernate.engine.jdbc.connections.internal.DatasourceConnectionProviderImpl.getConnection(DatasourceConnectionProviderImpl.java:122)
	at org.hibernate.internal.NonContextualJdbcConnectionAccess.obtainConnection(NonContextualJdbcConnectionAccess.java:46)
	at org.hibernate.resource.jdbc.internal.LogicalConnectionManagedImpl.acquireConnectionIfNeeded(LogicalConnectionManagedImpl.java:113)
	at org.springframework.orm.jpa.vendor.HibernateJpaDialect.beginTransaction(HibernateJpaDialect.java:164)
	at org.springframework.orm.jpa.JpaTransactionManager.doBegin(JpaTransactionManager.java:420)
	at org.springframework.transaction.interceptor.TransactionAspectSupport.invokeWithinTransaction(TransactionAspectSupport.java:386)
	at org.springframework.transaction.interceptor.TransactionInterceptor.invoke(TransactionInterceptor.java:119)
	at com.example.assignment.ReportService$$SpringCGLIB$$0.buildClassReport(<generated>)
	at com.example.assignment.ReportController.classReport(ReportController.java:22)
	at java.base/jdk.internal.reflect.DirectMethodHandleAccessor.invoke(DirectMethodHandleAccessor.java:103)
	at java.base/java.lang.reflect.Method.invoke(Method.java:580)
	at org.springframework.web.method.support.InvocableHandlerMethod.doInvoke(InvocableHandlerMethod.java:255)
2026-09-16T14:45:41.584+09:00  WARN 1 --- [item-bank-api] [ool housekeeper] com.zaxxer.hikari.pool.ProxyLeakTask     : Connection leak detection triggered for org.mariadb.jdbc.Connection@2ac19f07 on thread http-nio-8080-exec-4, stack trace follows
java.lang.Exception: Apparent connection leak detected
	at com.zaxxer.hikari.HikariDataSource.getConnection(HikariDataSource.java:127)
	at org.hibernate.engine.jdbc.connections.internal.DatasourceConnectionProviderImpl.getConnection(DatasourceConnectionProviderImpl.java:122)
	at org.hibernate.internal.NonContextualJdbcConnectionAccess.obtainConnection(NonContextualJdbcConnectionAccess.java:46)
	at org.hibernate.resource.jdbc.internal.LogicalConnectionManagedImpl.acquireConnectionIfNeeded(LogicalConnectionManagedImpl.java:113)
	at org.springframework.orm.jpa.vendor.HibernateJpaDialect.beginTransaction(HibernateJpaDialect.java:164)
	at org.springframework.orm.jpa.JpaTransactionManager.doBegin(JpaTransactionManager.java:420)
	at org.springframework.transaction.interceptor.TransactionAspectSupport.invokeWithinTransaction(TransactionAspectSupport.java:386)
	at org.springframework.transaction.interceptor.TransactionInterceptor.invoke(TransactionInterceptor.java:119)
	at com.example.assignment.ReportService$$SpringCGLIB$$0.buildClassReport(<generated>)
	at com.example.assignment.ReportController.classReport(ReportController.java:22)
	at java.base/jdk.internal.reflect.DirectMethodHandleAccessor.invoke(DirectMethodHandleAccessor.java:103)
	at java.base/java.lang.reflect.Method.invoke(Method.java:580)
	at org.springframework.web.method.support.InvocableHandlerMethod.doInvoke(InvocableHandlerMethod.java:255)
2026-09-16T14:45:43.342+09:00  WARN 1 --- [item-bank-api] [ool housekeeper] com.zaxxer.hikari.pool.ProxyLeakTask     : Connection leak detection triggered for org.mariadb.jdbc.Connection@71d4b8e2 on thread http-nio-8080-exec-1, stack trace follows
java.lang.Exception: Apparent connection leak detected
	at com.zaxxer.hikari.HikariDataSource.getConnection(HikariDataSource.java:127)
	at org.hibernate.engine.jdbc.connections.internal.DatasourceConnectionProviderImpl.getConnection(DatasourceConnectionProviderImpl.java:122)
	at org.hibernate.internal.NonContextualJdbcConnectionAccess.obtainConnection(NonContextualJdbcConnectionAccess.java:46)
	at org.hibernate.resource.jdbc.internal.LogicalConnectionManagedImpl.acquireConnectionIfNeeded(LogicalConnectionManagedImpl.java:113)
	at org.springframework.orm.jpa.vendor.HibernateJpaDialect.beginTransaction(HibernateJpaDialect.java:164)
	at org.springframework.orm.jpa.JpaTransactionManager.doBegin(JpaTransactionManager.java:420)
	at org.springframework.transaction.interceptor.TransactionAspectSupport.invokeWithinTransaction(TransactionAspectSupport.java:386)
	at org.springframework.transaction.interceptor.TransactionInterceptor.invoke(TransactionInterceptor.java:119)
	at com.example.assignment.ReportService$$SpringCGLIB$$0.buildClassReport(<generated>)
	at com.example.assignment.ReportController.classReport(ReportController.java:22)
	at java.base/jdk.internal.reflect.DirectMethodHandleAccessor.invoke(DirectMethodHandleAccessor.java:103)
	at java.base/java.lang.reflect.Method.invoke(Method.java:580)
	at org.springframework.web.method.support.InvocableHandlerMethod.doInvoke(InvocableHandlerMethod.java:255)
2026-09-16T14:45:45.434+09:00  WARN 1 --- [item-bank-api] [ool housekeeper] com.zaxxer.hikari.pool.ProxyLeakTask     : Connection leak detection triggered for org.mariadb.jdbc.Connection@6e8f14d3 on thread http-nio-8080-exec-7, stack trace follows
java.lang.Exception: Apparent connection leak detected
	at com.zaxxer.hikari.HikariDataSource.getConnection(HikariDataSource.java:127)
	at org.hibernate.engine.jdbc.connections.internal.DatasourceConnectionProviderImpl.getConnection(DatasourceConnectionProviderImpl.java:122)
	at org.hibernate.internal.NonContextualJdbcConnectionAccess.obtainConnection(NonContextualJdbcConnectionAccess.java:46)
	at org.hibernate.resource.jdbc.internal.LogicalConnectionManagedImpl.acquireConnectionIfNeeded(LogicalConnectionManagedImpl.java:113)
	at org.springframework.orm.jpa.vendor.HibernateJpaDialect.beginTransaction(HibernateJpaDialect.java:164)
	at org.springframework.orm.jpa.JpaTransactionManager.doBegin(JpaTransactionManager.java:420)
	at org.springframework.transaction.interceptor.TransactionAspectSupport.invokeWithinTransaction(TransactionAspectSupport.java:386)
	at org.springframework.transaction.interceptor.TransactionInterceptor.invoke(TransactionInterceptor.java:119)
	at com.example.assignment.ReportService$$SpringCGLIB$$0.buildClassReport(<generated>)
	at com.example.assignment.ReportController.classReport(ReportController.java:22)
	at java.base/jdk.internal.reflect.DirectMethodHandleAccessor.invoke(DirectMethodHandleAccessor.java:103)
	at java.base/java.lang.reflect.Method.invoke(Method.java:580)
	at org.springframework.web.method.support.InvocableHandlerMethod.doInvoke(InvocableHandlerMethod.java:255)
2026-09-16T14:45:50.894+09:00  INFO 1 --- [item-bank-api] [nio-8080-exec-6] com.example.assignment.ReportService     : built class report for class 1: 3 distributions, 10 submissions
2026-09-16T14:45:50.896+09:00  INFO 1 --- [item-bank-api] [nio-8080-exec-6] com.zaxxer.hikari.pool.ProxyLeakTask     : Previously reported leaked connection org.mariadb.jdbc.Connection@5b0e9e0c on thread http-nio-8080-exec-6 was returned to the pool (unleaked)
2026-09-16T14:45:52.562+09:00  INFO 1 --- [item-bank-api] [nio-8080-exec-7] com.example.assignment.ReportService     : built class report for class 2: 3 distributions, 10 submissions
2026-09-16T14:45:52.564+09:00  INFO 1 --- [item-bank-api] [nio-8080-exec-7] com.zaxxer.hikari.pool.ProxyLeakTask     : Previously reported leaked connection org.mariadb.jdbc.Connection@6e8f14d3 on thread http-nio-8080-exec-7 was returned to the pool (unleaked)
2026-09-16T14:45:52.967+09:00  INFO 1 --- [item-bank-api] [nio-8080-exec-4] com.example.assignment.ReportService     : built class report for class 1: 3 distributions, 10 submissions
2026-09-16T14:45:52.969+09:00  INFO 1 --- [item-bank-api] [nio-8080-exec-4] com.zaxxer.hikari.pool.ProxyLeakTask     : Previously reported leaked connection org.mariadb.jdbc.Connection@2ac19f07 on thread http-nio-8080-exec-4 was returned to the pool (unleaked)
2026-09-16T14:45:54.031+09:00  INFO 1 --- [item-bank-api] [nio-8080-exec-1] com.example.assignment.ReportService     : built class report for class 3: 3 distributions, 10 submissions
2026-09-16T14:45:54.033+09:00  INFO 1 --- [item-bank-api] [nio-8080-exec-1] com.zaxxer.hikari.pool.ProxyLeakTask     : Previously reported leaked connection org.mariadb.jdbc.Connection@71d4b8e2 on thread http-nio-8080-exec-1 was returned to the pool (unleaked)
2026-09-16T14:45:55.280+09:00  WARN 1 --- [item-bank-api] [ool housekeeper] com.zaxxer.hikari.pool.ProxyLeakTask     : Connection leak detection triggered for org.mariadb.jdbc.Connection@3f6c2a91 on thread http-nio-8080-exec-8, stack trace follows
java.lang.Exception: Apparent connection leak detected
	at com.zaxxer.hikari.HikariDataSource.getConnection(HikariDataSource.java:127)
	at org.hibernate.engine.jdbc.connections.internal.DatasourceConnectionProviderImpl.getConnection(DatasourceConnectionProviderImpl.java:122)
	at org.hibernate.internal.NonContextualJdbcConnectionAccess.obtainConnection(NonContextualJdbcConnectionAccess.java:46)
	at org.hibernate.resource.jdbc.internal.LogicalConnectionManagedImpl.acquireConnectionIfNeeded(LogicalConnectionManagedImpl.java:113)
	at org.springframework.orm.jpa.vendor.HibernateJpaDialect.beginTransaction(HibernateJpaDialect.java:164)
	at org.springframework.orm.jpa.JpaTransactionManager.doBegin(JpaTransactionManager.java:420)
	at org.springframework.transaction.interceptor.TransactionAspectSupport.invokeWithinTransaction(TransactionAspectSupport.java:386)
	at org.springframework.transaction.interceptor.TransactionInterceptor.invoke(TransactionInterceptor.java:119)
	at com.example.assignment.ReportService$$SpringCGLIB$$0.buildClassReport(<generated>)
	at com.example.assignment.ReportController.classReport(ReportController.java:22)
	at java.base/jdk.internal.reflect.DirectMethodHandleAccessor.invoke(DirectMethodHandleAccessor.java:103)
	at java.base/java.lang.reflect.Method.invoke(Method.java:580)
	at org.springframework.web.method.support.InvocableHandlerMethod.doInvoke(InvocableHandlerMethod.java:255)
2026-09-16T14:46:00.900+09:00  WARN 1 --- [item-bank-api] [ool housekeeper] com.zaxxer.hikari.pool.ProxyLeakTask     : Connection leak detection triggered for org.mariadb.jdbc.Connection@5b0e9e0c on thread http-nio-8080-exec-3, stack trace follows
java.lang.Exception: Apparent connection leak detected
	at com.zaxxer.hikari.HikariDataSource.getConnection(HikariDataSource.java:127)
	at org.hibernate.engine.jdbc.connections.internal.DatasourceConnectionProviderImpl.getConnection(DatasourceConnectionProviderImpl.java:122)
	at org.hibernate.internal.NonContextualJdbcConnectionAccess.obtainConnection(NonContextualJdbcConnectionAccess.java:46)
	at org.hibernate.resource.jdbc.internal.LogicalConnectionManagedImpl.acquireConnectionIfNeeded(LogicalConnectionManagedImpl.java:113)
	at org.springframework.orm.jpa.vendor.HibernateJpaDialect.beginTransaction(HibernateJpaDialect.java:164)
	at org.springframework.orm.jpa.JpaTransactionManager.doBegin(JpaTransactionManager.java:420)
	at org.springframework.transaction.interceptor.TransactionAspectSupport.invokeWithinTransaction(TransactionAspectSupport.java:386)
	at org.springframework.transaction.interceptor.TransactionInterceptor.invoke(TransactionInterceptor.java:119)
	at com.example.assignment.ReportService$$SpringCGLIB$$0.buildClassReport(<generated>)
	at com.example.assignment.ReportController.classReport(ReportController.java:22)
	at java.base/jdk.internal.reflect.DirectMethodHandleAccessor.invoke(DirectMethodHandleAccessor.java:103)
	at java.base/java.lang.reflect.Method.invoke(Method.java:580)
	at org.springframework.web.method.support.InvocableHandlerMethod.doInvoke(InvocableHandlerMethod.java:255)
2026-09-16T14:46:02.571+09:00  INFO 1 --- [item-bank-api] [nio-8080-exec-8] com.example.assignment.ReportService     : built class report for class 3: 3 distributions, 10 submissions
2026-09-16T14:46:02.573+09:00  INFO 1 --- [item-bank-api] [nio-8080-exec-8] com.zaxxer.hikari.pool.ProxyLeakTask     : Previously reported leaked connection org.mariadb.jdbc.Connection@3f6c2a91 on thread http-nio-8080-exec-8 was returned to the pool (unleaked)
2026-09-16T14:46:08.213+09:00  INFO 1 --- [item-bank-api] [nio-8080-exec-3] com.example.assignment.ReportService     : built class report for class 1: 3 distributions, 10 submissions
2026-09-16T14:46:08.215+09:00  INFO 1 --- [item-bank-api] [nio-8080-exec-3] com.zaxxer.hikari.pool.ProxyLeakTask     : Previously reported leaked connection org.mariadb.jdbc.Connection@5b0e9e0c on thread http-nio-8080-exec-3 was returned to the pool (unleaked)
2026-09-16T14:46:17.165+09:00  WARN 1 --- [item-bank-api] [ool housekeeper] com.zaxxer.hikari.pool.ProxyLeakTask     : Connection leak detection triggered for org.mariadb.jdbc.Connection@3f6c2a91 on thread http-nio-8080-exec-8, stack trace follows
java.lang.Exception: Apparent connection leak detected
	at com.zaxxer.hikari.HikariDataSource.getConnection(HikariDataSource.java:127)
	at org.hibernate.engine.jdbc.connections.internal.DatasourceConnectionProviderImpl.getConnection(DatasourceConnectionProviderImpl.java:122)
	at org.hibernate.internal.NonContextualJdbcConnectionAccess.obtainConnection(NonContextualJdbcConnectionAccess.java:46)
	at org.hibernate.resource.jdbc.internal.LogicalConnectionManagedImpl.acquireConnectionIfNeeded(LogicalConnectionManagedImpl.java:113)
	at org.springframework.orm.jpa.vendor.HibernateJpaDialect.beginTransaction(HibernateJpaDialect.java:164)
	at org.springframework.orm.jpa.JpaTransactionManager.doBegin(JpaTransactionManager.java:420)
	at org.springframework.transaction.interceptor.TransactionAspectSupport.invokeWithinTransaction(TransactionAspectSupport.java:386)
	at org.springframework.transaction.interceptor.TransactionInterceptor.invoke(TransactionInterceptor.java:119)
	at com.example.assignment.ReportService$$SpringCGLIB$$0.buildClassReport(<generated>)
	at com.example.assignment.ReportController.classReport(ReportController.java:22)
	at java.base/jdk.internal.reflect.DirectMethodHandleAccessor.invoke(DirectMethodHandleAccessor.java:103)
	at java.base/java.lang.reflect.Method.invoke(Method.java:580)
	at org.springframework.web.method.support.InvocableHandlerMethod.doInvoke(InvocableHandlerMethod.java:255)
2026-09-16T14:46:17.603+09:00  WARN 1 --- [item-bank-api] [ool housekeeper] com.zaxxer.hikari.pool.ProxyLeakTask     : Connection leak detection triggered for org.mariadb.jdbc.Connection@6e8f14d3 on thread http-nio-8080-exec-10, stack trace follows
java.lang.Exception: Apparent connection leak detected
	at com.zaxxer.hikari.HikariDataSource.getConnection(HikariDataSource.java:127)
	at org.hibernate.engine.jdbc.connections.internal.DatasourceConnectionProviderImpl.getConnection(DatasourceConnectionProviderImpl.java:122)
	at org.hibernate.internal.NonContextualJdbcConnectionAccess.obtainConnection(NonContextualJdbcConnectionAccess.java:46)
	at org.hibernate.resource.jdbc.internal.LogicalConnectionManagedImpl.acquireConnectionIfNeeded(LogicalConnectionManagedImpl.java:113)
	at org.springframework.orm.jpa.vendor.HibernateJpaDialect.beginTransaction(HibernateJpaDialect.java:164)
	at org.springframework.orm.jpa.JpaTransactionManager.doBegin(JpaTransactionManager.java:420)
	at org.springframework.transaction.interceptor.TransactionAspectSupport.invokeWithinTransaction(TransactionAspectSupport.java:386)
	at org.springframework.transaction.interceptor.TransactionInterceptor.invoke(TransactionInterceptor.java:119)
	at com.example.assignment.ReportService$$SpringCGLIB$$0.buildClassReport(<generated>)
	at com.example.assignment.ReportController.classReport(ReportController.java:22)
	at java.base/jdk.internal.reflect.DirectMethodHandleAccessor.invoke(DirectMethodHandleAccessor.java:103)
	at java.base/java.lang.reflect.Method.invoke(Method.java:580)
	at org.springframework.web.method.support.InvocableHandlerMethod.doInvoke(InvocableHandlerMethod.java:255)
2026-09-16T14:46:19.782+09:00  WARN 1 --- [item-bank-api] [nio-8080-exec-1] o.h.engine.jdbc.spi.SqlExceptionHelper   : SQL Error: 0, SQLState: null
2026-09-16T14:46:19.782+09:00 ERROR 1 --- [item-bank-api] [nio-8080-exec-1] o.h.engine.jdbc.spi.SqlExceptionHelper   : itembank-pool - Connection is not available, request timed out after 3000ms (total=5, active=5, idle=0, waiting=2)
2026-09-16T14:46:19.783+09:00 ERROR 1 --- [item-bank-api] [nio-8080-exec-1] c.example.common.GlobalExceptionHandler  : unhandled exception on /api/items/19
org.springframework.transaction.CannotCreateTransactionException: Could not open JPA EntityManager for transaction
	at org.springframework.orm.jpa.JpaTransactionManager.doBegin(JpaTransactionManager.java:466)
	at org.springframework.transaction.support.AbstractPlatformTransactionManager.startTransaction(AbstractPlatformTransactionManager.java:531)
	at org.springframework.transaction.support.AbstractPlatformTransactionManager.getTransaction(AbstractPlatformTransactionManager.java:405)
	at org.springframework.transaction.interceptor.TransactionAspectSupport.createTransactionIfNecessary(TransactionAspectSupport.java:617)
	at org.springframework.transaction.interceptor.TransactionAspectSupport.invokeWithinTransaction(TransactionAspectSupport.java:386)
	at org.springframework.transaction.interceptor.TransactionInterceptor.invoke(TransactionInterceptor.java:119)
	at org.springframework.aop.framework.ReflectiveMethodInvocation.proceed(ReflectiveMethodInvocation.java:184)
	at org.springframework.aop.framework.CglibAopProxy$DynamicAdvisedInterceptor.intercept(CglibAopProxy.java:720)
	at com.example.item.ItemService$$SpringCGLIB$$0.getItem(<generated>)
	at com.example.item.ItemController.getItem(ItemController.java:25)
	at java.base/jdk.internal.reflect.DirectMethodHandleAccessor.invoke(DirectMethodHandleAccessor.java:103)
	at java.base/java.lang.reflect.Method.invoke(Method.java:580)
	... 48 more
Caused by: org.hibernate.exception.JDBCConnectionException: Unable to acquire JDBC Connection [itembank-pool - Connection is not available, request timed out after 3000ms (total=5, active=5, idle=0, waiting=2)] [n/a]
	at org.hibernate.exception.internal.SQLStateConversionDelegate.convert(SQLStateConversionDelegate.java:100)
	at org.hibernate.exception.internal.StandardSQLExceptionConverter.convert(StandardSQLExceptionConverter.java:58)
	at org.hibernate.engine.jdbc.spi.SqlExceptionHelper.convert(SqlExceptionHelper.java:108)
	at org.hibernate.resource.jdbc.internal.LogicalConnectionManagedImpl.acquireConnectionIfNeeded(LogicalConnectionManagedImpl.java:116)
	at org.hibernate.resource.jdbc.internal.LogicalConnectionManagedImpl.getPhysicalConnection(LogicalConnectionManagedImpl.java:143)
	at org.springframework.orm.jpa.vendor.HibernateJpaDialect.beginTransaction(HibernateJpaDialect.java:164)
	at org.springframework.orm.jpa.JpaTransactionManager.doBegin(JpaTransactionManager.java:420)
	... 58 common frames omitted
Caused by: java.sql.SQLTransientConnectionException: itembank-pool - Connection is not available, request timed out after 3000ms (total=5, active=5, idle=0, waiting=2)
	at com.zaxxer.hikari.pool.HikariPool.createTimeoutException(HikariPool.java:686)
	at com.zaxxer.hikari.pool.HikariPool.getConnection(HikariPool.java:179)
	at com.zaxxer.hikari.pool.HikariPool.getConnection(HikariPool.java:144)
	at com.zaxxer.hikari.HikariDataSource.getConnection(HikariDataSource.java:127)
	at org.hibernate.engine.jdbc.connections.internal.DatasourceConnectionProviderImpl.getConnection(DatasourceConnectionProviderImpl.java:122)
	at org.hibernate.internal.NonContextualJdbcConnectionAccess.obtainConnection(NonContextualJdbcConnectionAccess.java:46)
	at org.hibernate.resource.jdbc.internal.LogicalConnectionManagedImpl.acquireConnectionIfNeeded(LogicalConnectionManagedImpl.java:113)
	... 65 common frames omitted
2026-09-16T14:46:21.901+09:00  WARN 1 --- [item-bank-api] [nio-8080-exec-2] o.h.engine.jdbc.spi.SqlExceptionHelper   : SQL Error: 0, SQLState: null
2026-09-16T14:46:21.901+09:00 ERROR 1 --- [item-bank-api] [nio-8080-exec-2] o.h.engine.jdbc.spi.SqlExceptionHelper   : itembank-pool - Connection is not available, request timed out after 3000ms (total=5, active=5, idle=0, waiting=4)
2026-09-16T14:46:21.902+09:00 ERROR 1 --- [item-bank-api] [nio-8080-exec-2] c.example.common.GlobalExceptionHandler  : unhandled exception on /api/items/23
org.springframework.transaction.CannotCreateTransactionException: Could not open JPA EntityManager for transaction
	at org.springframework.orm.jpa.JpaTransactionManager.doBegin(JpaTransactionManager.java:466)
	at org.springframework.transaction.support.AbstractPlatformTransactionManager.startTransaction(AbstractPlatformTransactionManager.java:531)
	at org.springframework.transaction.support.AbstractPlatformTransactionManager.getTransaction(AbstractPlatformTransactionManager.java:405)
	at org.springframework.transaction.interceptor.TransactionAspectSupport.createTransactionIfNecessary(TransactionAspectSupport.java:617)
	at org.springframework.transaction.interceptor.TransactionAspectSupport.invokeWithinTransaction(TransactionAspectSupport.java:386)
	at org.springframework.transaction.interceptor.TransactionInterceptor.invoke(TransactionInterceptor.java:119)
	at org.springframework.aop.framework.ReflectiveMethodInvocation.proceed(ReflectiveMethodInvocation.java:184)
	at org.springframework.aop.framework.CglibAopProxy$DynamicAdvisedInterceptor.intercept(CglibAopProxy.java:720)
	at com.example.item.ItemService$$SpringCGLIB$$0.getItem(<generated>)
	at com.example.item.ItemController.getItem(ItemController.java:25)
	at java.base/jdk.internal.reflect.DirectMethodHandleAccessor.invoke(DirectMethodHandleAccessor.java:103)
	at java.base/java.lang.reflect.Method.invoke(Method.java:580)
	... 48 more
Caused by: org.hibernate.exception.JDBCConnectionException: Unable to acquire JDBC Connection [itembank-pool - Connection is not available, request timed out after 3000ms (total=5, active=5, idle=0, waiting=4)] [n/a]
	at org.hibernate.exception.internal.SQLStateConversionDelegate.convert(SQLStateConversionDelegate.java:100)
	at org.hibernate.exception.internal.StandardSQLExceptionConverter.convert(StandardSQLExceptionConverter.java:58)
	at org.hibernate.engine.jdbc.spi.SqlExceptionHelper.convert(SqlExceptionHelper.java:108)
	at org.hibernate.resource.jdbc.internal.LogicalConnectionManagedImpl.acquireConnectionIfNeeded(LogicalConnectionManagedImpl.java:116)
	at org.hibernate.resource.jdbc.internal.LogicalConnectionManagedImpl.getPhysicalConnection(LogicalConnectionManagedImpl.java:143)
	at org.springframework.orm.jpa.vendor.HibernateJpaDialect.beginTransaction(HibernateJpaDialect.java:164)
	at org.springframework.orm.jpa.JpaTransactionManager.doBegin(JpaTransactionManager.java:420)
	... 58 common frames omitted
Caused by: java.sql.SQLTransientConnectionException: itembank-pool - Connection is not available, request timed out after 3000ms (total=5, active=5, idle=0, waiting=4)
	at com.zaxxer.hikari.pool.HikariPool.createTimeoutException(HikariPool.java:686)
	at com.zaxxer.hikari.pool.HikariPool.getConnection(HikariPool.java:179)
	at com.zaxxer.hikari.pool.HikariPool.getConnection(HikariPool.java:144)
	at com.zaxxer.hikari.HikariDataSource.getConnection(HikariDataSource.java:127)
	at org.hibernate.engine.jdbc.connections.internal.DatasourceConnectionProviderImpl.getConnection(DatasourceConnectionProviderImpl.java:122)
	at org.hibernate.internal.NonContextualJdbcConnectionAccess.obtainConnection(NonContextualJdbcConnectionAccess.java:46)
	at org.hibernate.resource.jdbc.internal.LogicalConnectionManagedImpl.acquireConnectionIfNeeded(LogicalConnectionManagedImpl.java:113)
	... 65 common frames omitted
2026-09-16T14:46:23.041+09:00  WARN 1 --- [item-bank-api] [ool housekeeper] com.zaxxer.hikari.pool.ProxyLeakTask     : Connection leak detection triggered for org.mariadb.jdbc.Connection@5b0e9e0c on thread http-nio-8080-exec-7, stack trace follows
java.lang.Exception: Apparent connection leak detected
	at com.zaxxer.hikari.HikariDataSource.getConnection(HikariDataSource.java:127)
	at org.hibernate.engine.jdbc.connections.internal.DatasourceConnectionProviderImpl.getConnection(DatasourceConnectionProviderImpl.java:122)
	at org.hibernate.internal.NonContextualJdbcConnectionAccess.obtainConnection(NonContextualJdbcConnectionAccess.java:46)
	at org.hibernate.resource.jdbc.internal.LogicalConnectionManagedImpl.acquireConnectionIfNeeded(LogicalConnectionManagedImpl.java:113)
	at org.springframework.orm.jpa.vendor.HibernateJpaDialect.beginTransaction(HibernateJpaDialect.java:164)
	at org.springframework.orm.jpa.JpaTransactionManager.doBegin(JpaTransactionManager.java:420)
	at org.springframework.transaction.interceptor.TransactionAspectSupport.invokeWithinTransaction(TransactionAspectSupport.java:386)
	at org.springframework.transaction.interceptor.TransactionInterceptor.invoke(TransactionInterceptor.java:119)
	at com.example.assignment.ReportService$$SpringCGLIB$$0.buildClassReport(<generated>)
	at com.example.assignment.ReportController.classReport(ReportController.java:22)
	at java.base/jdk.internal.reflect.DirectMethodHandleAccessor.invoke(DirectMethodHandleAccessor.java:103)
	at java.base/java.lang.reflect.Method.invoke(Method.java:580)
	at org.springframework.web.method.support.InvocableHandlerMethod.doInvoke(InvocableHandlerMethod.java:255)
2026-09-16T14:46:23.212+09:00  WARN 1 --- [item-bank-api] [nio-8080-exec-1] o.h.engine.jdbc.spi.SqlExceptionHelper   : SQL Error: 0, SQLState: null
2026-09-16T14:46:23.212+09:00 ERROR 1 --- [item-bank-api] [nio-8080-exec-1] o.h.engine.jdbc.spi.SqlExceptionHelper   : itembank-pool - Connection is not available, request timed out after 3000ms (total=5, active=5, idle=0, waiting=4)
2026-09-16T14:46:23.213+09:00 ERROR 1 --- [item-bank-api] [nio-8080-exec-1] c.example.common.GlobalExceptionHandler  : unhandled exception on /api/distributions/5
org.springframework.transaction.CannotCreateTransactionException: Could not open JPA EntityManager for transaction
	at org.springframework.orm.jpa.JpaTransactionManager.doBegin(JpaTransactionManager.java:466)
	at org.springframework.transaction.support.AbstractPlatformTransactionManager.startTransaction(AbstractPlatformTransactionManager.java:531)
	at org.springframework.transaction.support.AbstractPlatformTransactionManager.getTransaction(AbstractPlatformTransactionManager.java:405)
	at org.springframework.transaction.interceptor.TransactionAspectSupport.createTransactionIfNecessary(TransactionAspectSupport.java:617)
	at org.springframework.transaction.interceptor.TransactionAspectSupport.invokeWithinTransaction(TransactionAspectSupport.java:386)
	at org.springframework.transaction.interceptor.TransactionInterceptor.invoke(TransactionInterceptor.java:119)
	at org.springframework.aop.framework.ReflectiveMethodInvocation.proceed(ReflectiveMethodInvocation.java:184)
	at org.springframework.aop.framework.CglibAopProxy$DynamicAdvisedInterceptor.intercept(CglibAopProxy.java:720)
	at com.example.assignment.DistributionService$$SpringCGLIB$$0.getDistribution(<generated>)
	at com.example.assignment.DistributionController.getDistribution(DistributionController.java:26)
	at java.base/jdk.internal.reflect.DirectMethodHandleAccessor.invoke(DirectMethodHandleAccessor.java:103)
	at java.base/java.lang.reflect.Method.invoke(Method.java:580)
	... 48 more
Caused by: org.hibernate.exception.JDBCConnectionException: Unable to acquire JDBC Connection [itembank-pool - Connection is not available, request timed out after 3000ms (total=5, active=5, idle=0, waiting=4)] [n/a]
	at org.hibernate.exception.internal.SQLStateConversionDelegate.convert(SQLStateConversionDelegate.java:100)
	at org.hibernate.exception.internal.StandardSQLExceptionConverter.convert(StandardSQLExceptionConverter.java:58)
	at org.hibernate.engine.jdbc.spi.SqlExceptionHelper.convert(SqlExceptionHelper.java:108)
	at org.hibernate.resource.jdbc.internal.LogicalConnectionManagedImpl.acquireConnectionIfNeeded(LogicalConnectionManagedImpl.java:116)
	at org.hibernate.resource.jdbc.internal.LogicalConnectionManagedImpl.getPhysicalConnection(LogicalConnectionManagedImpl.java:143)
	at org.springframework.orm.jpa.vendor.HibernateJpaDialect.beginTransaction(HibernateJpaDialect.java:164)
	at org.springframework.orm.jpa.JpaTransactionManager.doBegin(JpaTransactionManager.java:420)
	... 58 common frames omitted
Caused by: java.sql.SQLTransientConnectionException: itembank-pool - Connection is not available, request timed out after 3000ms (total=5, active=5, idle=0, waiting=4)
	at com.zaxxer.hikari.pool.HikariPool.createTimeoutException(HikariPool.java:686)
	at com.zaxxer.hikari.pool.HikariPool.getConnection(HikariPool.java:179)
	at com.zaxxer.hikari.pool.HikariPool.getConnection(HikariPool.java:144)
	at com.zaxxer.hikari.HikariDataSource.getConnection(HikariDataSource.java:127)
	at org.hibernate.engine.jdbc.connections.internal.DatasourceConnectionProviderImpl.getConnection(DatasourceConnectionProviderImpl.java:122)
	at org.hibernate.internal.NonContextualJdbcConnectionAccess.obtainConnection(NonContextualJdbcConnectionAccess.java:46)
	at org.hibernate.resource.jdbc.internal.LogicalConnectionManagedImpl.acquireConnectionIfNeeded(LogicalConnectionManagedImpl.java:113)
	... 65 common frames omitted
2026-09-16T14:46:23.725+09:00  WARN 1 --- [item-bank-api] [nio-8080-exec-5] o.h.engine.jdbc.spi.SqlExceptionHelper   : SQL Error: 0, SQLState: null
2026-09-16T14:46:23.725+09:00 ERROR 1 --- [item-bank-api] [nio-8080-exec-5] o.h.engine.jdbc.spi.SqlExceptionHelper   : itembank-pool - Connection is not available, request timed out after 3000ms (total=5, active=5, idle=0, waiting=4)
2026-09-16T14:46:23.726+09:00 ERROR 1 --- [item-bank-api] [nio-8080-exec-5] c.example.common.GlobalExceptionHandler  : unhandled exception on /api/units
org.springframework.transaction.CannotCreateTransactionException: Could not open JPA EntityManager for transaction
	at org.springframework.orm.jpa.JpaTransactionManager.doBegin(JpaTransactionManager.java:466)
	at org.springframework.transaction.support.AbstractPlatformTransactionManager.startTransaction(AbstractPlatformTransactionManager.java:531)
	at org.springframework.transaction.support.AbstractPlatformTransactionManager.getTransaction(AbstractPlatformTransactionManager.java:405)
	at org.springframework.transaction.interceptor.TransactionAspectSupport.createTransactionIfNecessary(TransactionAspectSupport.java:617)
	at org.springframework.transaction.interceptor.TransactionAspectSupport.invokeWithinTransaction(TransactionAspectSupport.java:386)
	at org.springframework.transaction.interceptor.TransactionInterceptor.invoke(TransactionInterceptor.java:119)
	at org.springframework.aop.framework.ReflectiveMethodInvocation.proceed(ReflectiveMethodInvocation.java:184)
	at org.springframework.aop.framework.CglibAopProxy$DynamicAdvisedInterceptor.intercept(CglibAopProxy.java:720)
	at com.example.item.UnitService$$SpringCGLIB$$0.listUnits(<generated>)
	at com.example.item.UnitController.listUnits(UnitController.java:22)
	at java.base/jdk.internal.reflect.DirectMethodHandleAccessor.invoke(DirectMethodHandleAccessor.java:103)
	at java.base/java.lang.reflect.Method.invoke(Method.java:580)
	... 48 more
Caused by: org.hibernate.exception.JDBCConnectionException: Unable to acquire JDBC Connection [itembank-pool - Connection is not available, request timed out after 3000ms (total=5, active=5, idle=0, waiting=4)] [n/a]
	at org.hibernate.exception.internal.SQLStateConversionDelegate.convert(SQLStateConversionDelegate.java:100)
	at org.hibernate.exception.internal.StandardSQLExceptionConverter.convert(StandardSQLExceptionConverter.java:58)
	at org.hibernate.engine.jdbc.spi.SqlExceptionHelper.convert(SqlExceptionHelper.java:108)
	at org.hibernate.resource.jdbc.internal.LogicalConnectionManagedImpl.acquireConnectionIfNeeded(LogicalConnectionManagedImpl.java:116)
	at org.hibernate.resource.jdbc.internal.LogicalConnectionManagedImpl.getPhysicalConnection(LogicalConnectionManagedImpl.java:143)
	at org.springframework.orm.jpa.vendor.HibernateJpaDialect.beginTransaction(HibernateJpaDialect.java:164)
	at org.springframework.orm.jpa.JpaTransactionManager.doBegin(JpaTransactionManager.java:420)
	... 58 common frames omitted
Caused by: java.sql.SQLTransientConnectionException: itembank-pool - Connection is not available, request timed out after 3000ms (total=5, active=5, idle=0, waiting=4)
	at com.zaxxer.hikari.pool.HikariPool.createTimeoutException(HikariPool.java:686)
	at com.zaxxer.hikari.pool.HikariPool.getConnection(HikariPool.java:179)
	at com.zaxxer.hikari.pool.HikariPool.getConnection(HikariPool.java:144)
	at com.zaxxer.hikari.HikariDataSource.getConnection(HikariDataSource.java:127)
	at org.hibernate.engine.jdbc.connections.internal.DatasourceConnectionProviderImpl.getConnection(DatasourceConnectionProviderImpl.java:122)
	at org.hibernate.internal.NonContextualJdbcConnectionAccess.obtainConnection(NonContextualJdbcConnectionAccess.java:46)
	at org.hibernate.resource.jdbc.internal.LogicalConnectionManagedImpl.acquireConnectionIfNeeded(LogicalConnectionManagedImpl.java:113)
	... 65 common frames omitted
2026-09-16T14:46:23.933+09:00  WARN 1 --- [item-bank-api] [ool housekeeper] com.zaxxer.hikari.pool.ProxyLeakTask     : Connection leak detection triggered for org.mariadb.jdbc.Connection@2ac19f07 on thread http-nio-8080-exec-4, stack trace follows
java.lang.Exception: Apparent connection leak detected
	at com.zaxxer.hikari.HikariDataSource.getConnection(HikariDataSource.java:127)
	at org.hibernate.engine.jdbc.connections.internal.DatasourceConnectionProviderImpl.getConnection(DatasourceConnectionProviderImpl.java:122)
	at org.hibernate.internal.NonContextualJdbcConnectionAccess.obtainConnection(NonContextualJdbcConnectionAccess.java:46)
	at org.hibernate.resource.jdbc.internal.LogicalConnectionManagedImpl.acquireConnectionIfNeeded(LogicalConnectionManagedImpl.java:113)
	at org.springframework.orm.jpa.vendor.HibernateJpaDialect.beginTransaction(HibernateJpaDialect.java:164)
	at org.springframework.orm.jpa.JpaTransactionManager.doBegin(JpaTransactionManager.java:420)
	at org.springframework.transaction.interceptor.TransactionAspectSupport.invokeWithinTransaction(TransactionAspectSupport.java:386)
	at org.springframework.transaction.interceptor.TransactionInterceptor.invoke(TransactionInterceptor.java:119)
	at com.example.assignment.ReportService$$SpringCGLIB$$0.buildClassReport(<generated>)
	at com.example.assignment.ReportController.classReport(ReportController.java:22)
	at java.base/jdk.internal.reflect.DirectMethodHandleAccessor.invoke(DirectMethodHandleAccessor.java:103)
	at java.base/java.lang.reflect.Method.invoke(Method.java:580)
	at org.springframework.web.method.support.InvocableHandlerMethod.doInvoke(InvocableHandlerMethod.java:255)
2026-09-16T14:46:24.896+09:00  WARN 1 --- [item-bank-api] [io-8080-exec-11] o.h.engine.jdbc.spi.SqlExceptionHelper   : SQL Error: 0, SQLState: null
2026-09-16T14:46:24.896+09:00 ERROR 1 --- [item-bank-api] [io-8080-exec-11] o.h.engine.jdbc.spi.SqlExceptionHelper   : itembank-pool - Connection is not available, request timed out after 3000ms (total=5, active=5, idle=0, waiting=5)
2026-09-16T14:46:24.897+09:00 ERROR 1 --- [item-bank-api] [io-8080-exec-11] c.example.common.GlobalExceptionHandler  : unhandled exception on /api/items/16
org.springframework.transaction.CannotCreateTransactionException: Could not open JPA EntityManager for transaction
	at org.springframework.orm.jpa.JpaTransactionManager.doBegin(JpaTransactionManager.java:466)
	at org.springframework.transaction.support.AbstractPlatformTransactionManager.startTransaction(AbstractPlatformTransactionManager.java:531)
	at org.springframework.transaction.support.AbstractPlatformTransactionManager.getTransaction(AbstractPlatformTransactionManager.java:405)
	at org.springframework.transaction.interceptor.TransactionAspectSupport.createTransactionIfNecessary(TransactionAspectSupport.java:617)
	at org.springframework.transaction.interceptor.TransactionAspectSupport.invokeWithinTransaction(TransactionAspectSupport.java:386)
	at org.springframework.transaction.interceptor.TransactionInterceptor.invoke(TransactionInterceptor.java:119)
	at org.springframework.aop.framework.ReflectiveMethodInvocation.proceed(ReflectiveMethodInvocation.java:184)
	at org.springframework.aop.framework.CglibAopProxy$DynamicAdvisedInterceptor.intercept(CglibAopProxy.java:720)
	at com.example.item.ItemService$$SpringCGLIB$$0.getItem(<generated>)
	at com.example.item.ItemController.getItem(ItemController.java:25)
	at java.base/jdk.internal.reflect.DirectMethodHandleAccessor.invoke(DirectMethodHandleAccessor.java:103)
	at java.base/java.lang.reflect.Method.invoke(Method.java:580)
	... 48 more
Caused by: org.hibernate.exception.JDBCConnectionException: Unable to acquire JDBC Connection [itembank-pool - Connection is not available, request timed out after 3000ms (total=5, active=5, idle=0, waiting=5)] [n/a]
	at org.hibernate.exception.internal.SQLStateConversionDelegate.convert(SQLStateConversionDelegate.java:100)
	at org.hibernate.exception.internal.StandardSQLExceptionConverter.convert(StandardSQLExceptionConverter.java:58)
	at org.hibernate.engine.jdbc.spi.SqlExceptionHelper.convert(SqlExceptionHelper.java:108)
	at org.hibernate.resource.jdbc.internal.LogicalConnectionManagedImpl.acquireConnectionIfNeeded(LogicalConnectionManagedImpl.java:116)
	at org.hibernate.resource.jdbc.internal.LogicalConnectionManagedImpl.getPhysicalConnection(LogicalConnectionManagedImpl.java:143)
	at org.springframework.orm.jpa.vendor.HibernateJpaDialect.beginTransaction(HibernateJpaDialect.java:164)
	at org.springframework.orm.jpa.JpaTransactionManager.doBegin(JpaTransactionManager.java:420)
	... 58 common frames omitted
Caused by: java.sql.SQLTransientConnectionException: itembank-pool - Connection is not available, request timed out after 3000ms (total=5, active=5, idle=0, waiting=5)
	at com.zaxxer.hikari.pool.HikariPool.createTimeoutException(HikariPool.java:686)
	at com.zaxxer.hikari.pool.HikariPool.getConnection(HikariPool.java:179)
	at com.zaxxer.hikari.pool.HikariPool.getConnection(HikariPool.java:144)
	at com.zaxxer.hikari.HikariDataSource.getConnection(HikariDataSource.java:127)
	at org.hibernate.engine.jdbc.connections.internal.DatasourceConnectionProviderImpl.getConnection(DatasourceConnectionProviderImpl.java:122)
	at org.hibernate.internal.NonContextualJdbcConnectionAccess.obtainConnection(NonContextualJdbcConnectionAccess.java:46)
	at org.hibernate.resource.jdbc.internal.LogicalConnectionManagedImpl.acquireConnectionIfNeeded(LogicalConnectionManagedImpl.java:113)
	... 65 common frames omitted
2026-09-16T14:46:25.920+09:00  WARN 1 --- [item-bank-api] [nio-8080-exec-3] o.h.engine.jdbc.spi.SqlExceptionHelper   : SQL Error: 0, SQLState: null
2026-09-16T14:46:25.920+09:00 ERROR 1 --- [item-bank-api] [nio-8080-exec-3] o.h.engine.jdbc.spi.SqlExceptionHelper   : itembank-pool - Connection is not available, request timed out after 3000ms (total=5, active=5, idle=0, waiting=5)
2026-09-16T14:46:25.921+09:00 ERROR 1 --- [item-bank-api] [nio-8080-exec-3] c.example.common.GlobalExceptionHandler  : unhandled exception on /api/classes/2/report
org.springframework.transaction.CannotCreateTransactionException: Could not open JPA EntityManager for transaction
	at org.springframework.orm.jpa.JpaTransactionManager.doBegin(JpaTransactionManager.java:466)
	at org.springframework.transaction.support.AbstractPlatformTransactionManager.startTransaction(AbstractPlatformTransactionManager.java:531)
	at org.springframework.transaction.support.AbstractPlatformTransactionManager.getTransaction(AbstractPlatformTransactionManager.java:405)
	at org.springframework.transaction.interceptor.TransactionAspectSupport.createTransactionIfNecessary(TransactionAspectSupport.java:617)
	at org.springframework.transaction.interceptor.TransactionAspectSupport.invokeWithinTransaction(TransactionAspectSupport.java:386)
	at org.springframework.transaction.interceptor.TransactionInterceptor.invoke(TransactionInterceptor.java:119)
	at org.springframework.aop.framework.ReflectiveMethodInvocation.proceed(ReflectiveMethodInvocation.java:184)
	at org.springframework.aop.framework.CglibAopProxy$DynamicAdvisedInterceptor.intercept(CglibAopProxy.java:720)
	at com.example.assignment.ReportService$$SpringCGLIB$$0.buildClassReport(<generated>)
	at com.example.assignment.ReportController.classReport(ReportController.java:22)
	at java.base/jdk.internal.reflect.DirectMethodHandleAccessor.invoke(DirectMethodHandleAccessor.java:103)
	at java.base/java.lang.reflect.Method.invoke(Method.java:580)
	... 48 more
Caused by: org.hibernate.exception.JDBCConnectionException: Unable to acquire JDBC Connection [itembank-pool - Connection is not available, request timed out after 3000ms (total=5, active=5, idle=0, waiting=5)] [n/a]
	at org.hibernate.exception.internal.SQLStateConversionDelegate.convert(SQLStateConversionDelegate.java:100)
	at org.hibernate.exception.internal.StandardSQLExceptionConverter.convert(StandardSQLExceptionConverter.java:58)
	at org.hibernate.engine.jdbc.spi.SqlExceptionHelper.convert(SqlExceptionHelper.java:108)
	at org.hibernate.resource.jdbc.internal.LogicalConnectionManagedImpl.acquireConnectionIfNeeded(LogicalConnectionManagedImpl.java:116)
	at org.hibernate.resource.jdbc.internal.LogicalConnectionManagedImpl.getPhysicalConnection(LogicalConnectionManagedImpl.java:143)
	at org.springframework.orm.jpa.vendor.HibernateJpaDialect.beginTransaction(HibernateJpaDialect.java:164)
	at org.springframework.orm.jpa.JpaTransactionManager.doBegin(JpaTransactionManager.java:420)
	... 58 common frames omitted
Caused by: java.sql.SQLTransientConnectionException: itembank-pool - Connection is not available, request timed out after 3000ms (total=5, active=5, idle=0, waiting=5)
	at com.zaxxer.hikari.pool.HikariPool.createTimeoutException(HikariPool.java:686)
	at com.zaxxer.hikari.pool.HikariPool.getConnection(HikariPool.java:179)
	at com.zaxxer.hikari.pool.HikariPool.getConnection(HikariPool.java:144)
	at com.zaxxer.hikari.HikariDataSource.getConnection(HikariDataSource.java:127)
	at org.hibernate.engine.jdbc.connections.internal.DatasourceConnectionProviderImpl.getConnection(DatasourceConnectionProviderImpl.java:122)
	at org.hibernate.internal.NonContextualJdbcConnectionAccess.obtainConnection(NonContextualJdbcConnectionAccess.java:46)
	at org.hibernate.resource.jdbc.internal.LogicalConnectionManagedImpl.acquireConnectionIfNeeded(LogicalConnectionManagedImpl.java:113)
	... 65 common frames omitted
2026-09-16T14:46:26.142+09:00  WARN 1 --- [item-bank-api] [ool housekeeper] com.zaxxer.hikari.pool.ProxyLeakTask     : Connection leak detection triggered for org.mariadb.jdbc.Connection@71d4b8e2 on thread http-nio-8080-exec-9, stack trace follows
java.lang.Exception: Apparent connection leak detected
	at com.zaxxer.hikari.HikariDataSource.getConnection(HikariDataSource.java:127)
	at org.hibernate.engine.jdbc.connections.internal.DatasourceConnectionProviderImpl.getConnection(DatasourceConnectionProviderImpl.java:122)
	at org.hibernate.internal.NonContextualJdbcConnectionAccess.obtainConnection(NonContextualJdbcConnectionAccess.java:46)
	at org.hibernate.resource.jdbc.internal.LogicalConnectionManagedImpl.acquireConnectionIfNeeded(LogicalConnectionManagedImpl.java:113)
	at org.springframework.orm.jpa.vendor.HibernateJpaDialect.beginTransaction(HibernateJpaDialect.java:164)
	at org.springframework.orm.jpa.JpaTransactionManager.doBegin(JpaTransactionManager.java:420)
	at org.springframework.transaction.interceptor.TransactionAspectSupport.invokeWithinTransaction(TransactionAspectSupport.java:386)
	at org.springframework.transaction.interceptor.TransactionInterceptor.invoke(TransactionInterceptor.java:119)
	at com.example.assignment.ReportService$$SpringCGLIB$$0.buildClassReport(<generated>)
	at com.example.assignment.ReportController.classReport(ReportController.java:22)
	at java.base/jdk.internal.reflect.DirectMethodHandleAccessor.invoke(DirectMethodHandleAccessor.java:103)
	at java.base/java.lang.reflect.Method.invoke(Method.java:580)
	at org.springframework.web.method.support.InvocableHandlerMethod.doInvoke(InvocableHandlerMethod.java:255)
2026-09-16T14:46:26.689+09:00  WARN 1 --- [item-bank-api] [nio-8080-exec-2] o.h.engine.jdbc.spi.SqlExceptionHelper   : SQL Error: 0, SQLState: null
2026-09-16T14:46:26.689+09:00 ERROR 1 --- [item-bank-api] [nio-8080-exec-2] o.h.engine.jdbc.spi.SqlExceptionHelper   : itembank-pool - Connection is not available, request timed out after 3000ms (total=5, active=5, idle=0, waiting=4)
2026-09-16T14:46:26.690+09:00 ERROR 1 --- [item-bank-api] [nio-8080-exec-2] c.example.common.GlobalExceptionHandler  : unhandled exception on /api/distributions/2
org.springframework.transaction.CannotCreateTransactionException: Could not open JPA EntityManager for transaction
	at org.springframework.orm.jpa.JpaTransactionManager.doBegin(JpaTransactionManager.java:466)
	at org.springframework.transaction.support.AbstractPlatformTransactionManager.startTransaction(AbstractPlatformTransactionManager.java:531)
	at org.springframework.transaction.support.AbstractPlatformTransactionManager.getTransaction(AbstractPlatformTransactionManager.java:405)
	at org.springframework.transaction.interceptor.TransactionAspectSupport.createTransactionIfNecessary(TransactionAspectSupport.java:617)
	at org.springframework.transaction.interceptor.TransactionAspectSupport.invokeWithinTransaction(TransactionAspectSupport.java:386)
	at org.springframework.transaction.interceptor.TransactionInterceptor.invoke(TransactionInterceptor.java:119)
	at org.springframework.aop.framework.ReflectiveMethodInvocation.proceed(ReflectiveMethodInvocation.java:184)
	at org.springframework.aop.framework.CglibAopProxy$DynamicAdvisedInterceptor.intercept(CglibAopProxy.java:720)
	at com.example.assignment.DistributionService$$SpringCGLIB$$0.getDistribution(<generated>)
	at com.example.assignment.DistributionController.getDistribution(DistributionController.java:26)
	at java.base/jdk.internal.reflect.DirectMethodHandleAccessor.invoke(DirectMethodHandleAccessor.java:103)
	at java.base/java.lang.reflect.Method.invoke(Method.java:580)
	... 48 more
Caused by: org.hibernate.exception.JDBCConnectionException: Unable to acquire JDBC Connection [itembank-pool - Connection is not available, request timed out after 3000ms (total=5, active=5, idle=0, waiting=4)] [n/a]
	at org.hibernate.exception.internal.SQLStateConversionDelegate.convert(SQLStateConversionDelegate.java:100)
	at org.hibernate.exception.internal.StandardSQLExceptionConverter.convert(StandardSQLExceptionConverter.java:58)
	at org.hibernate.engine.jdbc.spi.SqlExceptionHelper.convert(SqlExceptionHelper.java:108)
	at org.hibernate.resource.jdbc.internal.LogicalConnectionManagedImpl.acquireConnectionIfNeeded(LogicalConnectionManagedImpl.java:116)
	at org.hibernate.resource.jdbc.internal.LogicalConnectionManagedImpl.getPhysicalConnection(LogicalConnectionManagedImpl.java:143)
	at org.springframework.orm.jpa.vendor.HibernateJpaDialect.beginTransaction(HibernateJpaDialect.java:164)
	at org.springframework.orm.jpa.JpaTransactionManager.doBegin(JpaTransactionManager.java:420)
	... 58 common frames omitted
Caused by: java.sql.SQLTransientConnectionException: itembank-pool - Connection is not available, request timed out after 3000ms (total=5, active=5, idle=0, waiting=4)
	at com.zaxxer.hikari.pool.HikariPool.createTimeoutException(HikariPool.java:686)
	at com.zaxxer.hikari.pool.HikariPool.getConnection(HikariPool.java:179)
	at com.zaxxer.hikari.pool.HikariPool.getConnection(HikariPool.java:144)
	at com.zaxxer.hikari.HikariDataSource.getConnection(HikariDataSource.java:127)
	at org.hibernate.engine.jdbc.connections.internal.DatasourceConnectionProviderImpl.getConnection(DatasourceConnectionProviderImpl.java:122)
	at org.hibernate.internal.NonContextualJdbcConnectionAccess.obtainConnection(NonContextualJdbcConnectionAccess.java:46)
	at org.hibernate.resource.jdbc.internal.LogicalConnectionManagedImpl.acquireConnectionIfNeeded(LogicalConnectionManagedImpl.java:113)
	... 65 common frames omitted
2026-09-16T14:46:26.903+09:00  WARN 1 --- [item-bank-api] [nio-8080-exec-1] o.h.engine.jdbc.spi.SqlExceptionHelper   : SQL Error: 0, SQLState: null
2026-09-16T14:46:26.903+09:00 ERROR 1 --- [item-bank-api] [nio-8080-exec-1] o.h.engine.jdbc.spi.SqlExceptionHelper   : itembank-pool - Connection is not available, request timed out after 3000ms (total=5, active=5, idle=0, waiting=3)
2026-09-16T14:46:26.904+09:00 ERROR 1 --- [item-bank-api] [nio-8080-exec-1] c.example.common.GlobalExceptionHandler  : unhandled exception on /api/units/M5-2/items
org.springframework.transaction.CannotCreateTransactionException: Could not open JPA EntityManager for transaction
	at org.springframework.orm.jpa.JpaTransactionManager.doBegin(JpaTransactionManager.java:466)
	at org.springframework.transaction.support.AbstractPlatformTransactionManager.startTransaction(AbstractPlatformTransactionManager.java:531)
	at org.springframework.transaction.support.AbstractPlatformTransactionManager.getTransaction(AbstractPlatformTransactionManager.java:405)
	at org.springframework.transaction.interceptor.TransactionAspectSupport.createTransactionIfNecessary(TransactionAspectSupport.java:617)
	at org.springframework.transaction.interceptor.TransactionAspectSupport.invokeWithinTransaction(TransactionAspectSupport.java:386)
	at org.springframework.transaction.interceptor.TransactionInterceptor.invoke(TransactionInterceptor.java:119)
	at org.springframework.aop.framework.ReflectiveMethodInvocation.proceed(ReflectiveMethodInvocation.java:184)
	at org.springframework.aop.framework.CglibAopProxy$DynamicAdvisedInterceptor.intercept(CglibAopProxy.java:720)
	at com.example.item.ItemService$$SpringCGLIB$$0.listActiveItemsByUnit(<generated>)
	at com.example.item.ItemController.listItemsByUnit(ItemController.java:31)
	at java.base/jdk.internal.reflect.DirectMethodHandleAccessor.invoke(DirectMethodHandleAccessor.java:103)
	at java.base/java.lang.reflect.Method.invoke(Method.java:580)
	... 48 more
Caused by: org.hibernate.exception.JDBCConnectionException: Unable to acquire JDBC Connection [itembank-pool - Connection is not available, request timed out after 3000ms (total=5, active=5, idle=0, waiting=3)] [n/a]
	at org.hibernate.exception.internal.SQLStateConversionDelegate.convert(SQLStateConversionDelegate.java:100)
	at org.hibernate.exception.internal.StandardSQLExceptionConverter.convert(StandardSQLExceptionConverter.java:58)
	at org.hibernate.engine.jdbc.spi.SqlExceptionHelper.convert(SqlExceptionHelper.java:108)
	at org.hibernate.resource.jdbc.internal.LogicalConnectionManagedImpl.acquireConnectionIfNeeded(LogicalConnectionManagedImpl.java:116)
	at org.hibernate.resource.jdbc.internal.LogicalConnectionManagedImpl.getPhysicalConnection(LogicalConnectionManagedImpl.java:143)
	at org.springframework.orm.jpa.vendor.HibernateJpaDialect.beginTransaction(HibernateJpaDialect.java:164)
	at org.springframework.orm.jpa.JpaTransactionManager.doBegin(JpaTransactionManager.java:420)
	... 58 common frames omitted
Caused by: java.sql.SQLTransientConnectionException: itembank-pool - Connection is not available, request timed out after 3000ms (total=5, active=5, idle=0, waiting=3)
	at com.zaxxer.hikari.pool.HikariPool.createTimeoutException(HikariPool.java:686)
	at com.zaxxer.hikari.pool.HikariPool.getConnection(HikariPool.java:179)
	at com.zaxxer.hikari.pool.HikariPool.getConnection(HikariPool.java:144)
	at com.zaxxer.hikari.HikariDataSource.getConnection(HikariDataSource.java:127)
	at org.hibernate.engine.jdbc.connections.internal.DatasourceConnectionProviderImpl.getConnection(DatasourceConnectionProviderImpl.java:122)
	at org.hibernate.internal.NonContextualJdbcConnectionAccess.obtainConnection(NonContextualJdbcConnectionAccess.java:46)
	at org.hibernate.resource.jdbc.internal.LogicalConnectionManagedImpl.acquireConnectionIfNeeded(LogicalConnectionManagedImpl.java:113)
	... 65 common frames omitted
2026-09-16T14:46:27.469+09:00  WARN 1 --- [item-bank-api] [nio-8080-exec-6] o.h.engine.jdbc.spi.SqlExceptionHelper   : SQL Error: 0, SQLState: null
2026-09-16T14:46:27.469+09:00 ERROR 1 --- [item-bank-api] [nio-8080-exec-6] o.h.engine.jdbc.spi.SqlExceptionHelper   : itembank-pool - Connection is not available, request timed out after 3000ms (total=5, active=5, idle=0, waiting=3)
2026-09-16T14:46:27.470+09:00 ERROR 1 --- [item-bank-api] [nio-8080-exec-6] c.example.common.GlobalExceptionHandler  : unhandled exception on /api/units/M5-3/items
org.springframework.transaction.CannotCreateTransactionException: Could not open JPA EntityManager for transaction
	at org.springframework.orm.jpa.JpaTransactionManager.doBegin(JpaTransactionManager.java:466)
	at org.springframework.transaction.support.AbstractPlatformTransactionManager.startTransaction(AbstractPlatformTransactionManager.java:531)
	at org.springframework.transaction.support.AbstractPlatformTransactionManager.getTransaction(AbstractPlatformTransactionManager.java:405)
	at org.springframework.transaction.interceptor.TransactionAspectSupport.createTransactionIfNecessary(TransactionAspectSupport.java:617)
	at org.springframework.transaction.interceptor.TransactionAspectSupport.invokeWithinTransaction(TransactionAspectSupport.java:386)
	at org.springframework.transaction.interceptor.TransactionInterceptor.invoke(TransactionInterceptor.java:119)
	at org.springframework.aop.framework.ReflectiveMethodInvocation.proceed(ReflectiveMethodInvocation.java:184)
	at org.springframework.aop.framework.CglibAopProxy$DynamicAdvisedInterceptor.intercept(CglibAopProxy.java:720)
	at com.example.item.ItemService$$SpringCGLIB$$0.listActiveItemsByUnit(<generated>)
	at com.example.item.ItemController.listItemsByUnit(ItemController.java:31)
	at java.base/jdk.internal.reflect.DirectMethodHandleAccessor.invoke(DirectMethodHandleAccessor.java:103)
	at java.base/java.lang.reflect.Method.invoke(Method.java:580)
	... 48 more
Caused by: org.hibernate.exception.JDBCConnectionException: Unable to acquire JDBC Connection [itembank-pool - Connection is not available, request timed out after 3000ms (total=5, active=5, idle=0, waiting=3)] [n/a]
	at org.hibernate.exception.internal.SQLStateConversionDelegate.convert(SQLStateConversionDelegate.java:100)
	at org.hibernate.exception.internal.StandardSQLExceptionConverter.convert(StandardSQLExceptionConverter.java:58)
	at org.hibernate.engine.jdbc.spi.SqlExceptionHelper.convert(SqlExceptionHelper.java:108)
	at org.hibernate.resource.jdbc.internal.LogicalConnectionManagedImpl.acquireConnectionIfNeeded(LogicalConnectionManagedImpl.java:116)
	at org.hibernate.resource.jdbc.internal.LogicalConnectionManagedImpl.getPhysicalConnection(LogicalConnectionManagedImpl.java:143)
	at org.springframework.orm.jpa.vendor.HibernateJpaDialect.beginTransaction(HibernateJpaDialect.java:164)
	at org.springframework.orm.jpa.JpaTransactionManager.doBegin(JpaTransactionManager.java:420)
	... 58 common frames omitted
Caused by: java.sql.SQLTransientConnectionException: itembank-pool - Connection is not available, request timed out after 3000ms (total=5, active=5, idle=0, waiting=3)
	at com.zaxxer.hikari.pool.HikariPool.createTimeoutException(HikariPool.java:686)
	at com.zaxxer.hikari.pool.HikariPool.getConnection(HikariPool.java:179)
	at com.zaxxer.hikari.pool.HikariPool.getConnection(HikariPool.java:144)
	at com.zaxxer.hikari.HikariDataSource.getConnection(HikariDataSource.java:127)
	at org.hibernate.engine.jdbc.connections.internal.DatasourceConnectionProviderImpl.getConnection(DatasourceConnectionProviderImpl.java:122)
	at org.hibernate.internal.NonContextualJdbcConnectionAccess.obtainConnection(NonContextualJdbcConnectionAccess.java:46)
	at org.hibernate.resource.jdbc.internal.LogicalConnectionManagedImpl.acquireConnectionIfNeeded(LogicalConnectionManagedImpl.java:113)
	... 65 common frames omitted
2026-09-16T14:46:28.103+09:00  WARN 1 --- [item-bank-api] [io-8080-exec-12] o.h.engine.jdbc.spi.SqlExceptionHelper   : SQL Error: 0, SQLState: null
2026-09-16T14:46:28.103+09:00 ERROR 1 --- [item-bank-api] [io-8080-exec-12] o.h.engine.jdbc.spi.SqlExceptionHelper   : itembank-pool - Connection is not available, request timed out after 3000ms (total=5, active=5, idle=0, waiting=2)
2026-09-16T14:46:28.104+09:00 ERROR 1 --- [item-bank-api] [io-8080-exec-12] c.example.common.GlobalExceptionHandler  : unhandled exception on /api/classes/3/report
org.springframework.transaction.CannotCreateTransactionException: Could not open JPA EntityManager for transaction
	at org.springframework.orm.jpa.JpaTransactionManager.doBegin(JpaTransactionManager.java:466)
	at org.springframework.transaction.support.AbstractPlatformTransactionManager.startTransaction(AbstractPlatformTransactionManager.java:531)
	at org.springframework.transaction.support.AbstractPlatformTransactionManager.getTransaction(AbstractPlatformTransactionManager.java:405)
	at org.springframework.transaction.interceptor.TransactionAspectSupport.createTransactionIfNecessary(TransactionAspectSupport.java:617)
	at org.springframework.transaction.interceptor.TransactionAspectSupport.invokeWithinTransaction(TransactionAspectSupport.java:386)
	at org.springframework.transaction.interceptor.TransactionInterceptor.invoke(TransactionInterceptor.java:119)
	at org.springframework.aop.framework.ReflectiveMethodInvocation.proceed(ReflectiveMethodInvocation.java:184)
	at org.springframework.aop.framework.CglibAopProxy$DynamicAdvisedInterceptor.intercept(CglibAopProxy.java:720)
	at com.example.assignment.ReportService$$SpringCGLIB$$0.buildClassReport(<generated>)
	at com.example.assignment.ReportController.classReport(ReportController.java:22)
	at java.base/jdk.internal.reflect.DirectMethodHandleAccessor.invoke(DirectMethodHandleAccessor.java:103)
	at java.base/java.lang.reflect.Method.invoke(Method.java:580)
	... 48 more
Caused by: org.hibernate.exception.JDBCConnectionException: Unable to acquire JDBC Connection [itembank-pool - Connection is not available, request timed out after 3000ms (total=5, active=5, idle=0, waiting=2)] [n/a]
	at org.hibernate.exception.internal.SQLStateConversionDelegate.convert(SQLStateConversionDelegate.java:100)
	at org.hibernate.exception.internal.StandardSQLExceptionConverter.convert(StandardSQLExceptionConverter.java:58)
	at org.hibernate.engine.jdbc.spi.SqlExceptionHelper.convert(SqlExceptionHelper.java:108)
	at org.hibernate.resource.jdbc.internal.LogicalConnectionManagedImpl.acquireConnectionIfNeeded(LogicalConnectionManagedImpl.java:116)
	at org.hibernate.resource.jdbc.internal.LogicalConnectionManagedImpl.getPhysicalConnection(LogicalConnectionManagedImpl.java:143)
	at org.springframework.orm.jpa.vendor.HibernateJpaDialect.beginTransaction(HibernateJpaDialect.java:164)
	at org.springframework.orm.jpa.JpaTransactionManager.doBegin(JpaTransactionManager.java:420)
	... 58 common frames omitted
Caused by: java.sql.SQLTransientConnectionException: itembank-pool - Connection is not available, request timed out after 3000ms (total=5, active=5, idle=0, waiting=2)
	at com.zaxxer.hikari.pool.HikariPool.createTimeoutException(HikariPool.java:686)
	at com.zaxxer.hikari.pool.HikariPool.getConnection(HikariPool.java:179)
	at com.zaxxer.hikari.pool.HikariPool.getConnection(HikariPool.java:144)
	at com.zaxxer.hikari.HikariDataSource.getConnection(HikariDataSource.java:127)
	at org.hibernate.engine.jdbc.connections.internal.DatasourceConnectionProviderImpl.getConnection(DatasourceConnectionProviderImpl.java:122)
	at org.hibernate.internal.NonContextualJdbcConnectionAccess.obtainConnection(NonContextualJdbcConnectionAccess.java:46)
	at org.hibernate.resource.jdbc.internal.LogicalConnectionManagedImpl.acquireConnectionIfNeeded(LogicalConnectionManagedImpl.java:113)
	... 65 common frames omitted
2026-09-16T14:46:28.318+09:00  INFO 1 --- [item-bank-api] [nio-8080-exec-8] com.example.assignment.ReportService     : built class report for class 3: 3 distributions, 10 submissions
2026-09-16T14:46:28.320+09:00  INFO 1 --- [item-bank-api] [nio-8080-exec-8] com.zaxxer.hikari.pool.ProxyLeakTask     : Previously reported leaked connection org.mariadb.jdbc.Connection@3f6c2a91 on thread http-nio-8080-exec-8 was returned to the pool (unleaked)
2026-09-16T14:46:28.500+09:00  INFO 1 --- [item-bank-api] [io-8080-exec-10] com.example.assignment.ReportService     : built class report for class 2: 3 distributions, 10 submissions
2026-09-16T14:46:28.502+09:00  INFO 1 --- [item-bank-api] [io-8080-exec-10] com.zaxxer.hikari.pool.ProxyLeakTask     : Previously reported leaked connection org.mariadb.jdbc.Connection@6e8f14d3 on thread http-nio-8080-exec-10 was returned to the pool (unleaked)
2026-09-16T14:46:32.854+09:00  INFO 1 --- [item-bank-api] [nio-8080-exec-4] com.example.assignment.ReportService     : built class report for class 3: 3 distributions, 10 submissions
2026-09-16T14:46:32.856+09:00  INFO 1 --- [item-bank-api] [nio-8080-exec-4] com.zaxxer.hikari.pool.ProxyLeakTask     : Previously reported leaked connection org.mariadb.jdbc.Connection@2ac19f07 on thread http-nio-8080-exec-4 was returned to the pool (unleaked)
2026-09-16T14:46:33.909+09:00  INFO 1 --- [item-bank-api] [nio-8080-exec-7] com.example.assignment.ReportService     : built class report for class 1: 3 distributions, 10 submissions
2026-09-16T14:46:33.911+09:00  INFO 1 --- [item-bank-api] [nio-8080-exec-7] com.zaxxer.hikari.pool.ProxyLeakTask     : Previously reported leaked connection org.mariadb.jdbc.Connection@5b0e9e0c on thread http-nio-8080-exec-7 was returned to the pool (unleaked)
2026-09-16T14:46:37.385+09:00  INFO 1 --- [item-bank-api] [nio-8080-exec-9] com.example.assignment.ReportService     : built class report for class 1: 3 distributions, 10 submissions
2026-09-16T14:46:37.387+09:00  INFO 1 --- [item-bank-api] [nio-8080-exec-9] com.zaxxer.hikari.pool.ProxyLeakTask     : Previously reported leaked connection org.mariadb.jdbc.Connection@71d4b8e2 on thread http-nio-8080-exec-9 was returned to the pool (unleaked)
2026-09-16T14:46:54.661+09:00  WARN 1 --- [item-bank-api] [ool housekeeper] com.zaxxer.hikari.pool.ProxyLeakTask     : Connection leak detection triggered for org.mariadb.jdbc.Connection@71d4b8e2 on thread http-nio-8080-exec-10, stack trace follows
java.lang.Exception: Apparent connection leak detected
	at com.zaxxer.hikari.HikariDataSource.getConnection(HikariDataSource.java:127)
	at org.hibernate.engine.jdbc.connections.internal.DatasourceConnectionProviderImpl.getConnection(DatasourceConnectionProviderImpl.java:122)
	at org.hibernate.internal.NonContextualJdbcConnectionAccess.obtainConnection(NonContextualJdbcConnectionAccess.java:46)
	at org.hibernate.resource.jdbc.internal.LogicalConnectionManagedImpl.acquireConnectionIfNeeded(LogicalConnectionManagedImpl.java:113)
	at org.springframework.orm.jpa.vendor.HibernateJpaDialect.beginTransaction(HibernateJpaDialect.java:164)
	at org.springframework.orm.jpa.JpaTransactionManager.doBegin(JpaTransactionManager.java:420)
	at org.springframework.transaction.interceptor.TransactionAspectSupport.invokeWithinTransaction(TransactionAspectSupport.java:386)
	at org.springframework.transaction.interceptor.TransactionInterceptor.invoke(TransactionInterceptor.java:119)
	at com.example.assignment.ReportService$$SpringCGLIB$$0.buildClassReport(<generated>)
	at com.example.assignment.ReportController.classReport(ReportController.java:22)
	at java.base/jdk.internal.reflect.DirectMethodHandleAccessor.invoke(DirectMethodHandleAccessor.java:103)
	at java.base/java.lang.reflect.Method.invoke(Method.java:580)
	at org.springframework.web.method.support.InvocableHandlerMethod.doInvoke(InvocableHandlerMethod.java:255)
2026-09-16T14:46:55.452+09:00  WARN 1 --- [item-bank-api] [ool housekeeper] com.zaxxer.hikari.pool.ProxyLeakTask     : Connection leak detection triggered for org.mariadb.jdbc.Connection@3f6c2a91 on thread http-nio-8080-exec-3, stack trace follows
java.lang.Exception: Apparent connection leak detected
	at com.zaxxer.hikari.HikariDataSource.getConnection(HikariDataSource.java:127)
	at org.hibernate.engine.jdbc.connections.internal.DatasourceConnectionProviderImpl.getConnection(DatasourceConnectionProviderImpl.java:122)
	at org.hibernate.internal.NonContextualJdbcConnectionAccess.obtainConnection(NonContextualJdbcConnectionAccess.java:46)
	at org.hibernate.resource.jdbc.internal.LogicalConnectionManagedImpl.acquireConnectionIfNeeded(LogicalConnectionManagedImpl.java:113)
	at org.springframework.orm.jpa.vendor.HibernateJpaDialect.beginTransaction(HibernateJpaDialect.java:164)
	at org.springframework.orm.jpa.JpaTransactionManager.doBegin(JpaTransactionManager.java:420)
	at org.springframework.transaction.interceptor.TransactionAspectSupport.invokeWithinTransaction(TransactionAspectSupport.java:386)
	at org.springframework.transaction.interceptor.TransactionInterceptor.invoke(TransactionInterceptor.java:119)
	at com.example.assignment.ReportService$$SpringCGLIB$$0.buildClassReport(<generated>)
	at com.example.assignment.ReportController.classReport(ReportController.java:22)
	at java.base/jdk.internal.reflect.DirectMethodHandleAccessor.invoke(DirectMethodHandleAccessor.java:103)
	at java.base/java.lang.reflect.Method.invoke(Method.java:580)
	at org.springframework.web.method.support.InvocableHandlerMethod.doInvoke(InvocableHandlerMethod.java:255)
2026-09-16T14:47:01.405+09:00  WARN 1 --- [item-bank-api] [nio-8080-exec-4] o.h.engine.jdbc.spi.SqlExceptionHelper   : SQL Error: 0, SQLState: null
2026-09-16T14:47:01.405+09:00 ERROR 1 --- [item-bank-api] [nio-8080-exec-4] o.h.engine.jdbc.spi.SqlExceptionHelper   : itembank-pool - Connection is not available, request timed out after 3000ms (total=5, active=5, idle=0, waiting=2)
2026-09-16T14:47:01.406+09:00 ERROR 1 --- [item-bank-api] [nio-8080-exec-4] c.example.common.GlobalExceptionHandler  : unhandled exception on /api/items/10
org.springframework.transaction.CannotCreateTransactionException: Could not open JPA EntityManager for transaction
	at org.springframework.orm.jpa.JpaTransactionManager.doBegin(JpaTransactionManager.java:466)
	at org.springframework.transaction.support.AbstractPlatformTransactionManager.startTransaction(AbstractPlatformTransactionManager.java:531)
	at org.springframework.transaction.support.AbstractPlatformTransactionManager.getTransaction(AbstractPlatformTransactionManager.java:405)
	at org.springframework.transaction.interceptor.TransactionAspectSupport.createTransactionIfNecessary(TransactionAspectSupport.java:617)
	at org.springframework.transaction.interceptor.TransactionAspectSupport.invokeWithinTransaction(TransactionAspectSupport.java:386)
	at org.springframework.transaction.interceptor.TransactionInterceptor.invoke(TransactionInterceptor.java:119)
	at org.springframework.aop.framework.ReflectiveMethodInvocation.proceed(ReflectiveMethodInvocation.java:184)
	at org.springframework.aop.framework.CglibAopProxy$DynamicAdvisedInterceptor.intercept(CglibAopProxy.java:720)
	at com.example.item.ItemService$$SpringCGLIB$$0.getItem(<generated>)
	at com.example.item.ItemController.getItem(ItemController.java:25)
	at java.base/jdk.internal.reflect.DirectMethodHandleAccessor.invoke(DirectMethodHandleAccessor.java:103)
	at java.base/java.lang.reflect.Method.invoke(Method.java:580)
	... 48 more
Caused by: org.hibernate.exception.JDBCConnectionException: Unable to acquire JDBC Connection [itembank-pool - Connection is not available, request timed out after 3000ms (total=5, active=5, idle=0, waiting=2)] [n/a]
	at org.hibernate.exception.internal.SQLStateConversionDelegate.convert(SQLStateConversionDelegate.java:100)
	at org.hibernate.exception.internal.StandardSQLExceptionConverter.convert(StandardSQLExceptionConverter.java:58)
	at org.hibernate.engine.jdbc.spi.SqlExceptionHelper.convert(SqlExceptionHelper.java:108)
	at org.hibernate.resource.jdbc.internal.LogicalConnectionManagedImpl.acquireConnectionIfNeeded(LogicalConnectionManagedImpl.java:116)
	at org.hibernate.resource.jdbc.internal.LogicalConnectionManagedImpl.getPhysicalConnection(LogicalConnectionManagedImpl.java:143)
	at org.springframework.orm.jpa.vendor.HibernateJpaDialect.beginTransaction(HibernateJpaDialect.java:164)
	at org.springframework.orm.jpa.JpaTransactionManager.doBegin(JpaTransactionManager.java:420)
	... 58 common frames omitted
Caused by: java.sql.SQLTransientConnectionException: itembank-pool - Connection is not available, request timed out after 3000ms (total=5, active=5, idle=0, waiting=2)
	at com.zaxxer.hikari.pool.HikariPool.createTimeoutException(HikariPool.java:686)
	at com.zaxxer.hikari.pool.HikariPool.getConnection(HikariPool.java:179)
	at com.zaxxer.hikari.pool.HikariPool.getConnection(HikariPool.java:144)
	at com.zaxxer.hikari.HikariDataSource.getConnection(HikariDataSource.java:127)
	at org.hibernate.engine.jdbc.connections.internal.DatasourceConnectionProviderImpl.getConnection(DatasourceConnectionProviderImpl.java:122)
	at org.hibernate.internal.NonContextualJdbcConnectionAccess.obtainConnection(NonContextualJdbcConnectionAccess.java:46)
	at org.hibernate.resource.jdbc.internal.LogicalConnectionManagedImpl.acquireConnectionIfNeeded(LogicalConnectionManagedImpl.java:113)
	... 65 common frames omitted
2026-09-16T14:47:03.476+09:00  WARN 1 --- [item-bank-api] [nio-8080-exec-1] o.h.engine.jdbc.spi.SqlExceptionHelper   : SQL Error: 0, SQLState: null
2026-09-16T14:47:03.476+09:00 ERROR 1 --- [item-bank-api] [nio-8080-exec-1] o.h.engine.jdbc.spi.SqlExceptionHelper   : itembank-pool - Connection is not available, request timed out after 3000ms (total=5, active=5, idle=0, waiting=4)
2026-09-16T14:47:03.477+09:00 ERROR 1 --- [item-bank-api] [nio-8080-exec-1] c.example.common.GlobalExceptionHandler  : unhandled exception on /api/units/M5-1/items
org.springframework.transaction.CannotCreateTransactionException: Could not open JPA EntityManager for transaction
	at org.springframework.orm.jpa.JpaTransactionManager.doBegin(JpaTransactionManager.java:466)
	at org.springframework.transaction.support.AbstractPlatformTransactionManager.startTransaction(AbstractPlatformTransactionManager.java:531)
	at org.springframework.transaction.support.AbstractPlatformTransactionManager.getTransaction(AbstractPlatformTransactionManager.java:405)
	at org.springframework.transaction.interceptor.TransactionAspectSupport.createTransactionIfNecessary(TransactionAspectSupport.java:617)
	at org.springframework.transaction.interceptor.TransactionAspectSupport.invokeWithinTransaction(TransactionAspectSupport.java:386)
	at org.springframework.transaction.interceptor.TransactionInterceptor.invoke(TransactionInterceptor.java:119)
	at org.springframework.aop.framework.ReflectiveMethodInvocation.proceed(ReflectiveMethodInvocation.java:184)
	at org.springframework.aop.framework.CglibAopProxy$DynamicAdvisedInterceptor.intercept(CglibAopProxy.java:720)
	at com.example.item.ItemService$$SpringCGLIB$$0.listActiveItemsByUnit(<generated>)
	at com.example.item.ItemController.listItemsByUnit(ItemController.java:31)
	at java.base/jdk.internal.reflect.DirectMethodHandleAccessor.invoke(DirectMethodHandleAccessor.java:103)
	at java.base/java.lang.reflect.Method.invoke(Method.java:580)
	... 48 more
Caused by: org.hibernate.exception.JDBCConnectionException: Unable to acquire JDBC Connection [itembank-pool - Connection is not available, request timed out after 3000ms (total=5, active=5, idle=0, waiting=4)] [n/a]
	at org.hibernate.exception.internal.SQLStateConversionDelegate.convert(SQLStateConversionDelegate.java:100)
	at org.hibernate.exception.internal.StandardSQLExceptionConverter.convert(StandardSQLExceptionConverter.java:58)
	at org.hibernate.engine.jdbc.spi.SqlExceptionHelper.convert(SqlExceptionHelper.java:108)
	at org.hibernate.resource.jdbc.internal.LogicalConnectionManagedImpl.acquireConnectionIfNeeded(LogicalConnectionManagedImpl.java:116)
	at org.hibernate.resource.jdbc.internal.LogicalConnectionManagedImpl.getPhysicalConnection(LogicalConnectionManagedImpl.java:143)
	at org.springframework.orm.jpa.vendor.HibernateJpaDialect.beginTransaction(HibernateJpaDialect.java:164)
	at org.springframework.orm.jpa.JpaTransactionManager.doBegin(JpaTransactionManager.java:420)
	... 58 common frames omitted
Caused by: java.sql.SQLTransientConnectionException: itembank-pool - Connection is not available, request timed out after 3000ms (total=5, active=5, idle=0, waiting=4)
	at com.zaxxer.hikari.pool.HikariPool.createTimeoutException(HikariPool.java:686)
	at com.zaxxer.hikari.pool.HikariPool.getConnection(HikariPool.java:179)
	at com.zaxxer.hikari.pool.HikariPool.getConnection(HikariPool.java:144)
	at com.zaxxer.hikari.HikariDataSource.getConnection(HikariDataSource.java:127)
	at org.hibernate.engine.jdbc.connections.internal.DatasourceConnectionProviderImpl.getConnection(DatasourceConnectionProviderImpl.java:122)
	at org.hibernate.internal.NonContextualJdbcConnectionAccess.obtainConnection(NonContextualJdbcConnectionAccess.java:46)
	at org.hibernate.resource.jdbc.internal.LogicalConnectionManagedImpl.acquireConnectionIfNeeded(LogicalConnectionManagedImpl.java:113)
	... 65 common frames omitted
2026-09-16T14:47:03.490+09:00  INFO 1 --- [item-bank-api] [nio-8080-exec-3] com.example.assignment.ReportService     : built class report for class 3: 3 distributions, 10 submissions
2026-09-16T14:47:03.492+09:00  INFO 1 --- [item-bank-api] [nio-8080-exec-3] com.zaxxer.hikari.pool.ProxyLeakTask     : Previously reported leaked connection org.mariadb.jdbc.Connection@3f6c2a91 on thread http-nio-8080-exec-3 was returned to the pool (unleaked)
2026-09-16T14:47:04.958+09:00  WARN 1 --- [item-bank-api] [io-8080-exec-11] o.h.engine.jdbc.spi.SqlExceptionHelper   : SQL Error: 0, SQLState: null
2026-09-16T14:47:04.958+09:00 ERROR 1 --- [item-bank-api] [io-8080-exec-11] o.h.engine.jdbc.spi.SqlExceptionHelper   : itembank-pool - Connection is not available, request timed out after 3000ms (total=5, active=5, idle=0, waiting=2)
2026-09-16T14:47:04.959+09:00 ERROR 1 --- [item-bank-api] [io-8080-exec-11] c.example.common.GlobalExceptionHandler  : unhandled exception on /api/units/M5-2/items
org.springframework.transaction.CannotCreateTransactionException: Could not open JPA EntityManager for transaction
	at org.springframework.orm.jpa.JpaTransactionManager.doBegin(JpaTransactionManager.java:466)
	at org.springframework.transaction.support.AbstractPlatformTransactionManager.startTransaction(AbstractPlatformTransactionManager.java:531)
	at org.springframework.transaction.support.AbstractPlatformTransactionManager.getTransaction(AbstractPlatformTransactionManager.java:405)
	at org.springframework.transaction.interceptor.TransactionAspectSupport.createTransactionIfNecessary(TransactionAspectSupport.java:617)
	at org.springframework.transaction.interceptor.TransactionAspectSupport.invokeWithinTransaction(TransactionAspectSupport.java:386)
	at org.springframework.transaction.interceptor.TransactionInterceptor.invoke(TransactionInterceptor.java:119)
	at org.springframework.aop.framework.ReflectiveMethodInvocation.proceed(ReflectiveMethodInvocation.java:184)
	at org.springframework.aop.framework.CglibAopProxy$DynamicAdvisedInterceptor.intercept(CglibAopProxy.java:720)
	at com.example.item.ItemService$$SpringCGLIB$$0.listActiveItemsByUnit(<generated>)
	at com.example.item.ItemController.listItemsByUnit(ItemController.java:31)
	at java.base/jdk.internal.reflect.DirectMethodHandleAccessor.invoke(DirectMethodHandleAccessor.java:103)
	at java.base/java.lang.reflect.Method.invoke(Method.java:580)
	... 48 more
Caused by: org.hibernate.exception.JDBCConnectionException: Unable to acquire JDBC Connection [itembank-pool - Connection is not available, request timed out after 3000ms (total=5, active=5, idle=0, waiting=2)] [n/a]
	at org.hibernate.exception.internal.SQLStateConversionDelegate.convert(SQLStateConversionDelegate.java:100)
	at org.hibernate.exception.internal.StandardSQLExceptionConverter.convert(StandardSQLExceptionConverter.java:58)
	at org.hibernate.engine.jdbc.spi.SqlExceptionHelper.convert(SqlExceptionHelper.java:108)
	at org.hibernate.resource.jdbc.internal.LogicalConnectionManagedImpl.acquireConnectionIfNeeded(LogicalConnectionManagedImpl.java:116)
	at org.hibernate.resource.jdbc.internal.LogicalConnectionManagedImpl.getPhysicalConnection(LogicalConnectionManagedImpl.java:143)
	at org.springframework.orm.jpa.vendor.HibernateJpaDialect.beginTransaction(HibernateJpaDialect.java:164)
	at org.springframework.orm.jpa.JpaTransactionManager.doBegin(JpaTransactionManager.java:420)
	... 58 common frames omitted
Caused by: java.sql.SQLTransientConnectionException: itembank-pool - Connection is not available, request timed out after 3000ms (total=5, active=5, idle=0, waiting=2)
	at com.zaxxer.hikari.pool.HikariPool.createTimeoutException(HikariPool.java:686)
	at com.zaxxer.hikari.pool.HikariPool.getConnection(HikariPool.java:179)
	at com.zaxxer.hikari.pool.HikariPool.getConnection(HikariPool.java:144)
	at com.zaxxer.hikari.HikariDataSource.getConnection(HikariDataSource.java:127)
	at org.hibernate.engine.jdbc.connections.internal.DatasourceConnectionProviderImpl.getConnection(DatasourceConnectionProviderImpl.java:122)
	at org.hibernate.internal.NonContextualJdbcConnectionAccess.obtainConnection(NonContextualJdbcConnectionAccess.java:46)
	at org.hibernate.resource.jdbc.internal.LogicalConnectionManagedImpl.acquireConnectionIfNeeded(LogicalConnectionManagedImpl.java:113)
	... 65 common frames omitted
2026-09-16T14:47:05.274+09:00  WARN 1 --- [item-bank-api] [ool housekeeper] com.zaxxer.hikari.pool.ProxyLeakTask     : Connection leak detection triggered for org.mariadb.jdbc.Connection@2ac19f07 on thread http-nio-8080-exec-5, stack trace follows
java.lang.Exception: Apparent connection leak detected
	at com.zaxxer.hikari.HikariDataSource.getConnection(HikariDataSource.java:127)
	at org.hibernate.engine.jdbc.connections.internal.DatasourceConnectionProviderImpl.getConnection(DatasourceConnectionProviderImpl.java:122)
	at org.hibernate.internal.NonContextualJdbcConnectionAccess.obtainConnection(NonContextualJdbcConnectionAccess.java:46)
	at org.hibernate.resource.jdbc.internal.LogicalConnectionManagedImpl.acquireConnectionIfNeeded(LogicalConnectionManagedImpl.java:113)
	at org.springframework.orm.jpa.vendor.HibernateJpaDialect.beginTransaction(HibernateJpaDialect.java:164)
	at org.springframework.orm.jpa.JpaTransactionManager.doBegin(JpaTransactionManager.java:420)
	at org.springframework.transaction.interceptor.TransactionAspectSupport.invokeWithinTransaction(TransactionAspectSupport.java:386)
	at org.springframework.transaction.interceptor.TransactionInterceptor.invoke(TransactionInterceptor.java:119)
	at com.example.assignment.ReportService$$SpringCGLIB$$0.buildClassReport(<generated>)
	at com.example.assignment.ReportController.classReport(ReportController.java:22)
	at java.base/jdk.internal.reflect.DirectMethodHandleAccessor.invoke(DirectMethodHandleAccessor.java:103)
	at java.base/java.lang.reflect.Method.invoke(Method.java:580)
	at org.springframework.web.method.support.InvocableHandlerMethod.doInvoke(InvocableHandlerMethod.java:255)
2026-09-16T14:47:05.290+09:00  INFO 1 --- [item-bank-api] [io-8080-exec-10] com.example.assignment.ReportService     : built class report for class 2: 3 distributions, 10 submissions
2026-09-16T14:47:05.292+09:00  INFO 1 --- [item-bank-api] [io-8080-exec-10] com.zaxxer.hikari.pool.ProxyLeakTask     : Previously reported leaked connection org.mariadb.jdbc.Connection@71d4b8e2 on thread http-nio-8080-exec-10 was returned to the pool (unleaked)
2026-09-16T14:47:06.396+09:00  WARN 1 --- [item-bank-api] [ool housekeeper] com.zaxxer.hikari.pool.ProxyLeakTask     : Connection leak detection triggered for org.mariadb.jdbc.Connection@5b0e9e0c on thread http-nio-8080-exec-2, stack trace follows
java.lang.Exception: Apparent connection leak detected
	at com.zaxxer.hikari.HikariDataSource.getConnection(HikariDataSource.java:127)
	at org.hibernate.engine.jdbc.connections.internal.DatasourceConnectionProviderImpl.getConnection(DatasourceConnectionProviderImpl.java:122)
	at org.hibernate.internal.NonContextualJdbcConnectionAccess.obtainConnection(NonContextualJdbcConnectionAccess.java:46)
	at org.hibernate.resource.jdbc.internal.LogicalConnectionManagedImpl.acquireConnectionIfNeeded(LogicalConnectionManagedImpl.java:113)
	at org.springframework.orm.jpa.vendor.HibernateJpaDialect.beginTransaction(HibernateJpaDialect.java:164)
	at org.springframework.orm.jpa.JpaTransactionManager.doBegin(JpaTransactionManager.java:420)
	at org.springframework.transaction.interceptor.TransactionAspectSupport.invokeWithinTransaction(TransactionAspectSupport.java:386)
	at org.springframework.transaction.interceptor.TransactionInterceptor.invoke(TransactionInterceptor.java:119)
	at com.example.assignment.ReportService$$SpringCGLIB$$0.buildClassReport(<generated>)
	at com.example.assignment.ReportController.classReport(ReportController.java:22)
	at java.base/jdk.internal.reflect.DirectMethodHandleAccessor.invoke(DirectMethodHandleAccessor.java:103)
	at java.base/java.lang.reflect.Method.invoke(Method.java:580)
	at org.springframework.web.method.support.InvocableHandlerMethod.doInvoke(InvocableHandlerMethod.java:255)
2026-09-16T14:47:07.258+09:00  WARN 1 --- [item-bank-api] [ool housekeeper] com.zaxxer.hikari.pool.ProxyLeakTask     : Connection leak detection triggered for org.mariadb.jdbc.Connection@6e8f14d3 on thread http-nio-8080-exec-6, stack trace follows
java.lang.Exception: Apparent connection leak detected
	at com.zaxxer.hikari.HikariDataSource.getConnection(HikariDataSource.java:127)
	at org.hibernate.engine.jdbc.connections.internal.DatasourceConnectionProviderImpl.getConnection(DatasourceConnectionProviderImpl.java:122)
	at org.hibernate.internal.NonContextualJdbcConnectionAccess.obtainConnection(NonContextualJdbcConnectionAccess.java:46)
	at org.hibernate.resource.jdbc.internal.LogicalConnectionManagedImpl.acquireConnectionIfNeeded(LogicalConnectionManagedImpl.java:113)
	at org.springframework.orm.jpa.vendor.HibernateJpaDialect.beginTransaction(HibernateJpaDialect.java:164)
	at org.springframework.orm.jpa.JpaTransactionManager.doBegin(JpaTransactionManager.java:420)
	at org.springframework.transaction.interceptor.TransactionAspectSupport.invokeWithinTransaction(TransactionAspectSupport.java:386)
	at org.springframework.transaction.interceptor.TransactionInterceptor.invoke(TransactionInterceptor.java:119)
	at com.example.assignment.ReportService$$SpringCGLIB$$0.buildClassReport(<generated>)
	at com.example.assignment.ReportController.classReport(ReportController.java:22)
	at java.base/jdk.internal.reflect.DirectMethodHandleAccessor.invoke(DirectMethodHandleAccessor.java:103)
	at java.base/java.lang.reflect.Method.invoke(Method.java:580)
	at org.springframework.web.method.support.InvocableHandlerMethod.doInvoke(InvocableHandlerMethod.java:255)
2026-09-16T14:47:09.571+09:00  WARN 1 --- [item-bank-api] [nio-8080-exec-9] o.h.engine.jdbc.spi.SqlExceptionHelper   : SQL Error: 0, SQLState: null
2026-09-16T14:47:09.571+09:00 ERROR 1 --- [item-bank-api] [nio-8080-exec-9] o.h.engine.jdbc.spi.SqlExceptionHelper   : itembank-pool - Connection is not available, request timed out after 3000ms (total=5, active=5, idle=0, waiting=4)
2026-09-16T14:47:09.572+09:00 ERROR 1 --- [item-bank-api] [nio-8080-exec-9] c.example.common.GlobalExceptionHandler  : unhandled exception on /api/items/15
org.springframework.transaction.CannotCreateTransactionException: Could not open JPA EntityManager for transaction
	at org.springframework.orm.jpa.JpaTransactionManager.doBegin(JpaTransactionManager.java:466)
	at org.springframework.transaction.support.AbstractPlatformTransactionManager.startTransaction(AbstractPlatformTransactionManager.java:531)
	at org.springframework.transaction.support.AbstractPlatformTransactionManager.getTransaction(AbstractPlatformTransactionManager.java:405)
	at org.springframework.transaction.interceptor.TransactionAspectSupport.createTransactionIfNecessary(TransactionAspectSupport.java:617)
	at org.springframework.transaction.interceptor.TransactionAspectSupport.invokeWithinTransaction(TransactionAspectSupport.java:386)
	at org.springframework.transaction.interceptor.TransactionInterceptor.invoke(TransactionInterceptor.java:119)
	at org.springframework.aop.framework.ReflectiveMethodInvocation.proceed(ReflectiveMethodInvocation.java:184)
	at org.springframework.aop.framework.CglibAopProxy$DynamicAdvisedInterceptor.intercept(CglibAopProxy.java:720)
	at com.example.item.ItemService$$SpringCGLIB$$0.getItem(<generated>)
	at com.example.item.ItemController.getItem(ItemController.java:25)
	at java.base/jdk.internal.reflect.DirectMethodHandleAccessor.invoke(DirectMethodHandleAccessor.java:103)
	at java.base/java.lang.reflect.Method.invoke(Method.java:580)
	... 48 more
Caused by: org.hibernate.exception.JDBCConnectionException: Unable to acquire JDBC Connection [itembank-pool - Connection is not available, request timed out after 3000ms (total=5, active=5, idle=0, waiting=4)] [n/a]
	at org.hibernate.exception.internal.SQLStateConversionDelegate.convert(SQLStateConversionDelegate.java:100)
	at org.hibernate.exception.internal.StandardSQLExceptionConverter.convert(StandardSQLExceptionConverter.java:58)
	at org.hibernate.engine.jdbc.spi.SqlExceptionHelper.convert(SqlExceptionHelper.java:108)
	at org.hibernate.resource.jdbc.internal.LogicalConnectionManagedImpl.acquireConnectionIfNeeded(LogicalConnectionManagedImpl.java:116)
	at org.hibernate.resource.jdbc.internal.LogicalConnectionManagedImpl.getPhysicalConnection(LogicalConnectionManagedImpl.java:143)
	at org.springframework.orm.jpa.vendor.HibernateJpaDialect.beginTransaction(HibernateJpaDialect.java:164)
	at org.springframework.orm.jpa.JpaTransactionManager.doBegin(JpaTransactionManager.java:420)
	... 58 common frames omitted
Caused by: java.sql.SQLTransientConnectionException: itembank-pool - Connection is not available, request timed out after 3000ms (total=5, active=5, idle=0, waiting=4)
	at com.zaxxer.hikari.pool.HikariPool.createTimeoutException(HikariPool.java:686)
	at com.zaxxer.hikari.pool.HikariPool.getConnection(HikariPool.java:179)
	at com.zaxxer.hikari.pool.HikariPool.getConnection(HikariPool.java:144)
	at com.zaxxer.hikari.HikariDataSource.getConnection(HikariDataSource.java:127)
	at org.hibernate.engine.jdbc.connections.internal.DatasourceConnectionProviderImpl.getConnection(DatasourceConnectionProviderImpl.java:122)
	at org.hibernate.internal.NonContextualJdbcConnectionAccess.obtainConnection(NonContextualJdbcConnectionAccess.java:46)
	at org.hibernate.resource.jdbc.internal.LogicalConnectionManagedImpl.acquireConnectionIfNeeded(LogicalConnectionManagedImpl.java:113)
	... 65 common frames omitted
2026-09-16T14:47:10.316+09:00  WARN 1 --- [item-bank-api] [nio-8080-exec-8] o.h.engine.jdbc.spi.SqlExceptionHelper   : SQL Error: 0, SQLState: null
2026-09-16T14:47:10.316+09:00 ERROR 1 --- [item-bank-api] [nio-8080-exec-8] o.h.engine.jdbc.spi.SqlExceptionHelper   : itembank-pool - Connection is not available, request timed out after 3000ms (total=5, active=5, idle=0, waiting=3)
2026-09-16T14:47:10.317+09:00 ERROR 1 --- [item-bank-api] [nio-8080-exec-8] c.example.common.GlobalExceptionHandler  : unhandled exception on /api/units/M5-3/items
org.springframework.transaction.CannotCreateTransactionException: Could not open JPA EntityManager for transaction
	at org.springframework.orm.jpa.JpaTransactionManager.doBegin(JpaTransactionManager.java:466)
	at org.springframework.transaction.support.AbstractPlatformTransactionManager.startTransaction(AbstractPlatformTransactionManager.java:531)
	at org.springframework.transaction.support.AbstractPlatformTransactionManager.getTransaction(AbstractPlatformTransactionManager.java:405)
	at org.springframework.transaction.interceptor.TransactionAspectSupport.createTransactionIfNecessary(TransactionAspectSupport.java:617)
	at org.springframework.transaction.interceptor.TransactionAspectSupport.invokeWithinTransaction(TransactionAspectSupport.java:386)
	at org.springframework.transaction.interceptor.TransactionInterceptor.invoke(TransactionInterceptor.java:119)
	at org.springframework.aop.framework.ReflectiveMethodInvocation.proceed(ReflectiveMethodInvocation.java:184)
	at org.springframework.aop.framework.CglibAopProxy$DynamicAdvisedInterceptor.intercept(CglibAopProxy.java:720)
	at com.example.item.ItemService$$SpringCGLIB$$0.listActiveItemsByUnit(<generated>)
	at com.example.item.ItemController.listItemsByUnit(ItemController.java:31)
	at java.base/jdk.internal.reflect.DirectMethodHandleAccessor.invoke(DirectMethodHandleAccessor.java:103)
	at java.base/java.lang.reflect.Method.invoke(Method.java:580)
	... 48 more
Caused by: org.hibernate.exception.JDBCConnectionException: Unable to acquire JDBC Connection [itembank-pool - Connection is not available, request timed out after 3000ms (total=5, active=5, idle=0, waiting=3)] [n/a]
	at org.hibernate.exception.internal.SQLStateConversionDelegate.convert(SQLStateConversionDelegate.java:100)
	at org.hibernate.exception.internal.StandardSQLExceptionConverter.convert(StandardSQLExceptionConverter.java:58)
	at org.hibernate.engine.jdbc.spi.SqlExceptionHelper.convert(SqlExceptionHelper.java:108)
	at org.hibernate.resource.jdbc.internal.LogicalConnectionManagedImpl.acquireConnectionIfNeeded(LogicalConnectionManagedImpl.java:116)
	at org.hibernate.resource.jdbc.internal.LogicalConnectionManagedImpl.getPhysicalConnection(LogicalConnectionManagedImpl.java:143)
	at org.springframework.orm.jpa.vendor.HibernateJpaDialect.beginTransaction(HibernateJpaDialect.java:164)
	at org.springframework.orm.jpa.JpaTransactionManager.doBegin(JpaTransactionManager.java:420)
	... 58 common frames omitted
Caused by: java.sql.SQLTransientConnectionException: itembank-pool - Connection is not available, request timed out after 3000ms (total=5, active=5, idle=0, waiting=3)
	at com.zaxxer.hikari.pool.HikariPool.createTimeoutException(HikariPool.java:686)
	at com.zaxxer.hikari.pool.HikariPool.getConnection(HikariPool.java:179)
	at com.zaxxer.hikari.pool.HikariPool.getConnection(HikariPool.java:144)
	at com.zaxxer.hikari.HikariDataSource.getConnection(HikariDataSource.java:127)
	at org.hibernate.engine.jdbc.connections.internal.DatasourceConnectionProviderImpl.getConnection(DatasourceConnectionProviderImpl.java:122)
	at org.hibernate.internal.NonContextualJdbcConnectionAccess.obtainConnection(NonContextualJdbcConnectionAccess.java:46)
	at org.hibernate.resource.jdbc.internal.LogicalConnectionManagedImpl.acquireConnectionIfNeeded(LogicalConnectionManagedImpl.java:113)
	... 65 common frames omitted
2026-09-16T14:47:10.418+09:00  WARN 1 --- [item-bank-api] [nio-8080-exec-3] o.h.engine.jdbc.spi.SqlExceptionHelper   : SQL Error: 0, SQLState: null
2026-09-16T14:47:10.418+09:00 ERROR 1 --- [item-bank-api] [nio-8080-exec-3] o.h.engine.jdbc.spi.SqlExceptionHelper   : itembank-pool - Connection is not available, request timed out after 3000ms (total=5, active=5, idle=0, waiting=2)
2026-09-16T14:47:10.419+09:00 ERROR 1 --- [item-bank-api] [nio-8080-exec-3] c.example.common.GlobalExceptionHandler  : unhandled exception on /api/items/56
org.springframework.transaction.CannotCreateTransactionException: Could not open JPA EntityManager for transaction
	at org.springframework.orm.jpa.JpaTransactionManager.doBegin(JpaTransactionManager.java:466)
	at org.springframework.transaction.support.AbstractPlatformTransactionManager.startTransaction(AbstractPlatformTransactionManager.java:531)
	at org.springframework.transaction.support.AbstractPlatformTransactionManager.getTransaction(AbstractPlatformTransactionManager.java:405)
	at org.springframework.transaction.interceptor.TransactionAspectSupport.createTransactionIfNecessary(TransactionAspectSupport.java:617)
	at org.springframework.transaction.interceptor.TransactionAspectSupport.invokeWithinTransaction(TransactionAspectSupport.java:386)
	at org.springframework.transaction.interceptor.TransactionInterceptor.invoke(TransactionInterceptor.java:119)
	at org.springframework.aop.framework.ReflectiveMethodInvocation.proceed(ReflectiveMethodInvocation.java:184)
	at org.springframework.aop.framework.CglibAopProxy$DynamicAdvisedInterceptor.intercept(CglibAopProxy.java:720)
	at com.example.item.ItemService$$SpringCGLIB$$0.getItem(<generated>)
	at com.example.item.ItemController.getItem(ItemController.java:25)
	at java.base/jdk.internal.reflect.DirectMethodHandleAccessor.invoke(DirectMethodHandleAccessor.java:103)
	at java.base/java.lang.reflect.Method.invoke(Method.java:580)
	... 48 more
Caused by: org.hibernate.exception.JDBCConnectionException: Unable to acquire JDBC Connection [itembank-pool - Connection is not available, request timed out after 3000ms (total=5, active=5, idle=0, waiting=2)] [n/a]
	at org.hibernate.exception.internal.SQLStateConversionDelegate.convert(SQLStateConversionDelegate.java:100)
	at org.hibernate.exception.internal.StandardSQLExceptionConverter.convert(StandardSQLExceptionConverter.java:58)
	at org.hibernate.engine.jdbc.spi.SqlExceptionHelper.convert(SqlExceptionHelper.java:108)
	at org.hibernate.resource.jdbc.internal.LogicalConnectionManagedImpl.acquireConnectionIfNeeded(LogicalConnectionManagedImpl.java:116)
	at org.hibernate.resource.jdbc.internal.LogicalConnectionManagedImpl.getPhysicalConnection(LogicalConnectionManagedImpl.java:143)
	at org.springframework.orm.jpa.vendor.HibernateJpaDialect.beginTransaction(HibernateJpaDialect.java:164)
	at org.springframework.orm.jpa.JpaTransactionManager.doBegin(JpaTransactionManager.java:420)
	... 58 common frames omitted
Caused by: java.sql.SQLTransientConnectionException: itembank-pool - Connection is not available, request timed out after 3000ms (total=5, active=5, idle=0, waiting=2)
	at com.zaxxer.hikari.pool.HikariPool.createTimeoutException(HikariPool.java:686)
	at com.zaxxer.hikari.pool.HikariPool.getConnection(HikariPool.java:179)
	at com.zaxxer.hikari.pool.HikariPool.getConnection(HikariPool.java:144)
	at com.zaxxer.hikari.HikariDataSource.getConnection(HikariDataSource.java:127)
	at org.hibernate.engine.jdbc.connections.internal.DatasourceConnectionProviderImpl.getConnection(DatasourceConnectionProviderImpl.java:122)
	at org.hibernate.internal.NonContextualJdbcConnectionAccess.obtainConnection(NonContextualJdbcConnectionAccess.java:46)
	at org.hibernate.resource.jdbc.internal.LogicalConnectionManagedImpl.acquireConnectionIfNeeded(LogicalConnectionManagedImpl.java:113)
	... 65 common frames omitted
2026-09-16T14:47:10.610+09:00  WARN 1 --- [item-bank-api] [io-8080-exec-10] o.h.engine.jdbc.spi.SqlExceptionHelper   : SQL Error: 0, SQLState: null
2026-09-16T14:47:10.610+09:00 ERROR 1 --- [item-bank-api] [io-8080-exec-10] o.h.engine.jdbc.spi.SqlExceptionHelper   : itembank-pool - Connection is not available, request timed out after 3000ms (total=5, active=5, idle=0, waiting=1)
2026-09-16T14:47:10.611+09:00 ERROR 1 --- [item-bank-api] [io-8080-exec-10] c.example.common.GlobalExceptionHandler  : unhandled exception on /api/distributions/7
org.springframework.transaction.CannotCreateTransactionException: Could not open JPA EntityManager for transaction
	at org.springframework.orm.jpa.JpaTransactionManager.doBegin(JpaTransactionManager.java:466)
	at org.springframework.transaction.support.AbstractPlatformTransactionManager.startTransaction(AbstractPlatformTransactionManager.java:531)
	at org.springframework.transaction.support.AbstractPlatformTransactionManager.getTransaction(AbstractPlatformTransactionManager.java:405)
	at org.springframework.transaction.interceptor.TransactionAspectSupport.createTransactionIfNecessary(TransactionAspectSupport.java:617)
	at org.springframework.transaction.interceptor.TransactionAspectSupport.invokeWithinTransaction(TransactionAspectSupport.java:386)
	at org.springframework.transaction.interceptor.TransactionInterceptor.invoke(TransactionInterceptor.java:119)
	at org.springframework.aop.framework.ReflectiveMethodInvocation.proceed(ReflectiveMethodInvocation.java:184)
	at org.springframework.aop.framework.CglibAopProxy$DynamicAdvisedInterceptor.intercept(CglibAopProxy.java:720)
	at com.example.assignment.DistributionService$$SpringCGLIB$$0.getDistribution(<generated>)
	at com.example.assignment.DistributionController.getDistribution(DistributionController.java:26)
	at java.base/jdk.internal.reflect.DirectMethodHandleAccessor.invoke(DirectMethodHandleAccessor.java:103)
	at java.base/java.lang.reflect.Method.invoke(Method.java:580)
	... 48 more
Caused by: org.hibernate.exception.JDBCConnectionException: Unable to acquire JDBC Connection [itembank-pool - Connection is not available, request timed out after 3000ms (total=5, active=5, idle=0, waiting=1)] [n/a]
	at org.hibernate.exception.internal.SQLStateConversionDelegate.convert(SQLStateConversionDelegate.java:100)
	at org.hibernate.exception.internal.StandardSQLExceptionConverter.convert(StandardSQLExceptionConverter.java:58)
	at org.hibernate.engine.jdbc.spi.SqlExceptionHelper.convert(SqlExceptionHelper.java:108)
	at org.hibernate.resource.jdbc.internal.LogicalConnectionManagedImpl.acquireConnectionIfNeeded(LogicalConnectionManagedImpl.java:116)
	at org.hibernate.resource.jdbc.internal.LogicalConnectionManagedImpl.getPhysicalConnection(LogicalConnectionManagedImpl.java:143)
	at org.springframework.orm.jpa.vendor.HibernateJpaDialect.beginTransaction(HibernateJpaDialect.java:164)
	at org.springframework.orm.jpa.JpaTransactionManager.doBegin(JpaTransactionManager.java:420)
	... 58 common frames omitted
Caused by: java.sql.SQLTransientConnectionException: itembank-pool - Connection is not available, request timed out after 3000ms (total=5, active=5, idle=0, waiting=1)
	at com.zaxxer.hikari.pool.HikariPool.createTimeoutException(HikariPool.java:686)
	at com.zaxxer.hikari.pool.HikariPool.getConnection(HikariPool.java:179)
	at com.zaxxer.hikari.pool.HikariPool.getConnection(HikariPool.java:144)
	at com.zaxxer.hikari.HikariDataSource.getConnection(HikariDataSource.java:127)
	at org.hibernate.engine.jdbc.connections.internal.DatasourceConnectionProviderImpl.getConnection(DatasourceConnectionProviderImpl.java:122)
	at org.hibernate.internal.NonContextualJdbcConnectionAccess.obtainConnection(NonContextualJdbcConnectionAccess.java:46)
	at org.hibernate.resource.jdbc.internal.LogicalConnectionManagedImpl.acquireConnectionIfNeeded(LogicalConnectionManagedImpl.java:113)
	... 65 common frames omitted
2026-09-16T14:47:13.505+09:00  WARN 1 --- [item-bank-api] [ool housekeeper] com.zaxxer.hikari.pool.ProxyLeakTask     : Connection leak detection triggered for org.mariadb.jdbc.Connection@3f6c2a91 on thread http-nio-8080-exec-7, stack trace follows
java.lang.Exception: Apparent connection leak detected
	at com.zaxxer.hikari.HikariDataSource.getConnection(HikariDataSource.java:127)
	at org.hibernate.engine.jdbc.connections.internal.DatasourceConnectionProviderImpl.getConnection(DatasourceConnectionProviderImpl.java:122)
	at org.hibernate.internal.NonContextualJdbcConnectionAccess.obtainConnection(NonContextualJdbcConnectionAccess.java:46)
	at org.hibernate.resource.jdbc.internal.LogicalConnectionManagedImpl.acquireConnectionIfNeeded(LogicalConnectionManagedImpl.java:113)
	at org.springframework.orm.jpa.vendor.HibernateJpaDialect.beginTransaction(HibernateJpaDialect.java:164)
	at org.springframework.orm.jpa.JpaTransactionManager.doBegin(JpaTransactionManager.java:420)
	at org.springframework.transaction.interceptor.TransactionAspectSupport.invokeWithinTransaction(TransactionAspectSupport.java:386)
	at org.springframework.transaction.interceptor.TransactionInterceptor.invoke(TransactionInterceptor.java:119)
	at com.example.assignment.ReportService$$SpringCGLIB$$0.buildClassReport(<generated>)
	at com.example.assignment.ReportController.classReport(ReportController.java:22)
	at java.base/jdk.internal.reflect.DirectMethodHandleAccessor.invoke(DirectMethodHandleAccessor.java:103)
	at java.base/java.lang.reflect.Method.invoke(Method.java:580)
	at org.springframework.web.method.support.InvocableHandlerMethod.doInvoke(InvocableHandlerMethod.java:255)
2026-09-16T14:47:14.087+09:00  INFO 1 --- [item-bank-api] [nio-8080-exec-2] com.example.assignment.ReportService     : built class report for class 3: 3 distributions, 10 submissions
2026-09-16T14:47:14.089+09:00  INFO 1 --- [item-bank-api] [nio-8080-exec-2] com.zaxxer.hikari.pool.ProxyLeakTask     : Previously reported leaked connection org.mariadb.jdbc.Connection@5b0e9e0c on thread http-nio-8080-exec-2 was returned to the pool (unleaked)
2026-09-16T14:47:15.636+09:00  WARN 1 --- [item-bank-api] [ool housekeeper] com.zaxxer.hikari.pool.ProxyLeakTask     : Connection leak detection triggered for org.mariadb.jdbc.Connection@71d4b8e2 on thread http-nio-8080-exec-1, stack trace follows
java.lang.Exception: Apparent connection leak detected
	at com.zaxxer.hikari.HikariDataSource.getConnection(HikariDataSource.java:127)
	at org.hibernate.engine.jdbc.connections.internal.DatasourceConnectionProviderImpl.getConnection(DatasourceConnectionProviderImpl.java:122)
	at org.hibernate.internal.NonContextualJdbcConnectionAccess.obtainConnection(NonContextualJdbcConnectionAccess.java:46)
	at org.hibernate.resource.jdbc.internal.LogicalConnectionManagedImpl.acquireConnectionIfNeeded(LogicalConnectionManagedImpl.java:113)
	at org.springframework.orm.jpa.vendor.HibernateJpaDialect.beginTransaction(HibernateJpaDialect.java:164)
	at org.springframework.orm.jpa.JpaTransactionManager.doBegin(JpaTransactionManager.java:420)
	at org.springframework.transaction.interceptor.TransactionAspectSupport.invokeWithinTransaction(TransactionAspectSupport.java:386)
	at org.springframework.transaction.interceptor.TransactionInterceptor.invoke(TransactionInterceptor.java:119)
	at com.example.assignment.ReportService$$SpringCGLIB$$0.buildClassReport(<generated>)
	at com.example.assignment.ReportController.classReport(ReportController.java:22)
	at java.base/jdk.internal.reflect.DirectMethodHandleAccessor.invoke(DirectMethodHandleAccessor.java:103)
	at java.base/java.lang.reflect.Method.invoke(Method.java:580)
	at org.springframework.web.method.support.InvocableHandlerMethod.doInvoke(InvocableHandlerMethod.java:255)
2026-09-16T14:47:15.854+09:00  INFO 1 --- [item-bank-api] [nio-8080-exec-5] com.example.assignment.ReportService     : built class report for class 1: 3 distributions, 10 submissions
2026-09-16T14:47:15.856+09:00  INFO 1 --- [item-bank-api] [nio-8080-exec-5] com.zaxxer.hikari.pool.ProxyLeakTask     : Previously reported leaked connection org.mariadb.jdbc.Connection@2ac19f07 on thread http-nio-8080-exec-5 was returned to the pool (unleaked)
2026-09-16T14:47:16.857+09:00  INFO 1 --- [item-bank-api] [nio-8080-exec-6] com.example.assignment.ReportService     : built class report for class 1: 3 distributions, 10 submissions
2026-09-16T14:47:16.859+09:00  INFO 1 --- [item-bank-api] [nio-8080-exec-6] com.zaxxer.hikari.pool.ProxyLeakTask     : Previously reported leaked connection org.mariadb.jdbc.Connection@6e8f14d3 on thread http-nio-8080-exec-6 was returned to the pool (unleaked)
2026-09-16T14:47:22.410+09:00  INFO 1 --- [item-bank-api] [nio-8080-exec-7] com.example.assignment.ReportService     : built class report for class 2: 3 distributions, 10 submissions
2026-09-16T14:47:22.412+09:00  INFO 1 --- [item-bank-api] [nio-8080-exec-7] com.zaxxer.hikari.pool.ProxyLeakTask     : Previously reported leaked connection org.mariadb.jdbc.Connection@3f6c2a91 on thread http-nio-8080-exec-7 was returned to the pool (unleaked)
2026-09-16T14:47:23.813+09:00  INFO 1 --- [item-bank-api] [nio-8080-exec-1] com.example.assignment.ReportService     : built class report for class 3: 3 distributions, 10 submissions
2026-09-16T14:47:23.815+09:00  INFO 1 --- [item-bank-api] [nio-8080-exec-1] com.zaxxer.hikari.pool.ProxyLeakTask     : Previously reported leaked connection org.mariadb.jdbc.Connection@71d4b8e2 on thread http-nio-8080-exec-1 was returned to the pool (unleaked)
2026-09-16T14:47:24.098+09:00  WARN 1 --- [item-bank-api] [ool housekeeper] com.zaxxer.hikari.pool.ProxyLeakTask     : Connection leak detection triggered for org.mariadb.jdbc.Connection@5b0e9e0c on thread http-nio-8080-exec-10, stack trace follows
java.lang.Exception: Apparent connection leak detected
	at com.zaxxer.hikari.HikariDataSource.getConnection(HikariDataSource.java:127)
	at org.hibernate.engine.jdbc.connections.internal.DatasourceConnectionProviderImpl.getConnection(DatasourceConnectionProviderImpl.java:122)
	at org.hibernate.internal.NonContextualJdbcConnectionAccess.obtainConnection(NonContextualJdbcConnectionAccess.java:46)
	at org.hibernate.resource.jdbc.internal.LogicalConnectionManagedImpl.acquireConnectionIfNeeded(LogicalConnectionManagedImpl.java:113)
	at org.springframework.orm.jpa.vendor.HibernateJpaDialect.beginTransaction(HibernateJpaDialect.java:164)
	at org.springframework.orm.jpa.JpaTransactionManager.doBegin(JpaTransactionManager.java:420)
	at org.springframework.transaction.interceptor.TransactionAspectSupport.invokeWithinTransaction(TransactionAspectSupport.java:386)
	at org.springframework.transaction.interceptor.TransactionInterceptor.invoke(TransactionInterceptor.java:119)
	at com.example.assignment.ReportService$$SpringCGLIB$$0.buildClassReport(<generated>)
	at com.example.assignment.ReportController.classReport(ReportController.java:22)
	at java.base/jdk.internal.reflect.DirectMethodHandleAccessor.invoke(DirectMethodHandleAccessor.java:103)
	at java.base/java.lang.reflect.Method.invoke(Method.java:580)
	at org.springframework.web.method.support.InvocableHandlerMethod.doInvoke(InvocableHandlerMethod.java:255)
2026-09-16T14:47:25.868+09:00  WARN 1 --- [item-bank-api] [ool housekeeper] com.zaxxer.hikari.pool.ProxyLeakTask     : Connection leak detection triggered for org.mariadb.jdbc.Connection@2ac19f07 on thread http-nio-8080-exec-9, stack trace follows
java.lang.Exception: Apparent connection leak detected
	at com.zaxxer.hikari.HikariDataSource.getConnection(HikariDataSource.java:127)
	at org.hibernate.engine.jdbc.connections.internal.DatasourceConnectionProviderImpl.getConnection(DatasourceConnectionProviderImpl.java:122)
	at org.hibernate.internal.NonContextualJdbcConnectionAccess.obtainConnection(NonContextualJdbcConnectionAccess.java:46)
	at org.hibernate.resource.jdbc.internal.LogicalConnectionManagedImpl.acquireConnectionIfNeeded(LogicalConnectionManagedImpl.java:113)
	at org.springframework.orm.jpa.vendor.HibernateJpaDialect.beginTransaction(HibernateJpaDialect.java:164)
	at org.springframework.orm.jpa.JpaTransactionManager.doBegin(JpaTransactionManager.java:420)
	at org.springframework.transaction.interceptor.TransactionAspectSupport.invokeWithinTransaction(TransactionAspectSupport.java:386)
	at org.springframework.transaction.interceptor.TransactionInterceptor.invoke(TransactionInterceptor.java:119)
	at com.example.assignment.ReportService$$SpringCGLIB$$0.buildClassReport(<generated>)
	at com.example.assignment.ReportController.classReport(ReportController.java:22)
	at java.base/jdk.internal.reflect.DirectMethodHandleAccessor.invoke(DirectMethodHandleAccessor.java:103)
	at java.base/java.lang.reflect.Method.invoke(Method.java:580)
	at org.springframework.web.method.support.InvocableHandlerMethod.doInvoke(InvocableHandlerMethod.java:255)
2026-09-16T14:47:28.995+09:00  WARN 1 --- [item-bank-api] [ool housekeeper] com.zaxxer.hikari.pool.ProxyLeakTask     : Connection leak detection triggered for org.mariadb.jdbc.Connection@6e8f14d3 on thread http-nio-8080-exec-6, stack trace follows
java.lang.Exception: Apparent connection leak detected
	at com.zaxxer.hikari.HikariDataSource.getConnection(HikariDataSource.java:127)
	at org.hibernate.engine.jdbc.connections.internal.DatasourceConnectionProviderImpl.getConnection(DatasourceConnectionProviderImpl.java:122)
	at org.hibernate.internal.NonContextualJdbcConnectionAccess.obtainConnection(NonContextualJdbcConnectionAccess.java:46)
	at org.hibernate.resource.jdbc.internal.LogicalConnectionManagedImpl.acquireConnectionIfNeeded(LogicalConnectionManagedImpl.java:113)
	at org.springframework.orm.jpa.vendor.HibernateJpaDialect.beginTransaction(HibernateJpaDialect.java:164)
	at org.springframework.orm.jpa.JpaTransactionManager.doBegin(JpaTransactionManager.java:420)
	at org.springframework.transaction.interceptor.TransactionAspectSupport.invokeWithinTransaction(TransactionAspectSupport.java:386)
	at org.springframework.transaction.interceptor.TransactionInterceptor.invoke(TransactionInterceptor.java:119)
	at com.example.assignment.ReportService$$SpringCGLIB$$0.buildClassReport(<generated>)
	at com.example.assignment.ReportController.classReport(ReportController.java:22)
	at java.base/jdk.internal.reflect.DirectMethodHandleAccessor.invoke(DirectMethodHandleAccessor.java:103)
	at java.base/java.lang.reflect.Method.invoke(Method.java:580)
	at org.springframework.web.method.support.InvocableHandlerMethod.doInvoke(InvocableHandlerMethod.java:255)
2026-09-16T14:47:31.354+09:00  INFO 1 --- [item-bank-api] [io-8080-exec-10] com.example.assignment.ReportService     : built class report for class 1: 3 distributions, 10 submissions
2026-09-16T14:47:31.356+09:00  INFO 1 --- [item-bank-api] [io-8080-exec-10] com.zaxxer.hikari.pool.ProxyLeakTask     : Previously reported leaked connection org.mariadb.jdbc.Connection@5b0e9e0c on thread http-nio-8080-exec-10 was returned to the pool (unleaked)
2026-09-16T14:47:32.427+09:00  WARN 1 --- [item-bank-api] [ool housekeeper] com.zaxxer.hikari.pool.ProxyLeakTask     : Connection leak detection triggered for org.mariadb.jdbc.Connection@3f6c2a91 on thread http-nio-8080-exec-3, stack trace follows
java.lang.Exception: Apparent connection leak detected
	at com.zaxxer.hikari.HikariDataSource.getConnection(HikariDataSource.java:127)
	at org.hibernate.engine.jdbc.connections.internal.DatasourceConnectionProviderImpl.getConnection(DatasourceConnectionProviderImpl.java:122)
	at org.hibernate.internal.NonContextualJdbcConnectionAccess.obtainConnection(NonContextualJdbcConnectionAccess.java:46)
	at org.hibernate.resource.jdbc.internal.LogicalConnectionManagedImpl.acquireConnectionIfNeeded(LogicalConnectionManagedImpl.java:113)
	at org.springframework.orm.jpa.vendor.HibernateJpaDialect.beginTransaction(HibernateJpaDialect.java:164)
	at org.springframework.orm.jpa.JpaTransactionManager.doBegin(JpaTransactionManager.java:420)
	at org.springframework.transaction.interceptor.TransactionAspectSupport.invokeWithinTransaction(TransactionAspectSupport.java:386)
	at org.springframework.transaction.interceptor.TransactionInterceptor.invoke(TransactionInterceptor.java:119)
	at com.example.assignment.ReportService$$SpringCGLIB$$0.buildClassReport(<generated>)
	at com.example.assignment.ReportController.classReport(ReportController.java:22)
	at java.base/jdk.internal.reflect.DirectMethodHandleAccessor.invoke(DirectMethodHandleAccessor.java:103)
	at java.base/java.lang.reflect.Method.invoke(Method.java:580)
	at org.springframework.web.method.support.InvocableHandlerMethod.doInvoke(InvocableHandlerMethod.java:255)
2026-09-16T14:47:34.363+09:00  INFO 1 --- [item-bank-api] [nio-8080-exec-9] com.example.assignment.ReportService     : built class report for class 3: 3 distributions, 10 submissions
2026-09-16T14:47:34.365+09:00  INFO 1 --- [item-bank-api] [nio-8080-exec-9] com.zaxxer.hikari.pool.ProxyLeakTask     : Previously reported leaked connection org.mariadb.jdbc.Connection@2ac19f07 on thread http-nio-8080-exec-9 was returned to the pool (unleaked)
2026-09-16T14:47:39.204+09:00  INFO 1 --- [item-bank-api] [nio-8080-exec-6] com.example.assignment.ReportService     : built class report for class 1: 3 distributions, 10 submissions
2026-09-16T14:47:39.206+09:00  INFO 1 --- [item-bank-api] [nio-8080-exec-6] com.zaxxer.hikari.pool.ProxyLeakTask     : Previously reported leaked connection org.mariadb.jdbc.Connection@6e8f14d3 on thread http-nio-8080-exec-6 was returned to the pool (unleaked)
2026-09-16T14:47:40.200+09:00  INFO 1 --- [item-bank-api] [nio-8080-exec-3] com.example.assignment.ReportService     : built class report for class 2: 3 distributions, 10 submissions
2026-09-16T14:47:40.202+09:00  INFO 1 --- [item-bank-api] [nio-8080-exec-3] com.zaxxer.hikari.pool.ProxyLeakTask     : Previously reported leaked connection org.mariadb.jdbc.Connection@3f6c2a91 on thread http-nio-8080-exec-3 was returned to the pool (unleaked)
2026-09-16T14:47:44.083+09:00  WARN 1 --- [item-bank-api] [ool housekeeper] com.zaxxer.hikari.pool.ProxyLeakTask     : Connection leak detection triggered for org.mariadb.jdbc.Connection@71d4b8e2 on thread http-nio-8080-exec-7, stack trace follows
java.lang.Exception: Apparent connection leak detected
	at com.zaxxer.hikari.HikariDataSource.getConnection(HikariDataSource.java:127)
	at org.hibernate.engine.jdbc.connections.internal.DatasourceConnectionProviderImpl.getConnection(DatasourceConnectionProviderImpl.java:122)
	at org.hibernate.internal.NonContextualJdbcConnectionAccess.obtainConnection(NonContextualJdbcConnectionAccess.java:46)
	at org.hibernate.resource.jdbc.internal.LogicalConnectionManagedImpl.acquireConnectionIfNeeded(LogicalConnectionManagedImpl.java:113)
	at org.springframework.orm.jpa.vendor.HibernateJpaDialect.beginTransaction(HibernateJpaDialect.java:164)
	at org.springframework.orm.jpa.JpaTransactionManager.doBegin(JpaTransactionManager.java:420)
	at org.springframework.transaction.interceptor.TransactionAspectSupport.invokeWithinTransaction(TransactionAspectSupport.java:386)
	at org.springframework.transaction.interceptor.TransactionInterceptor.invoke(TransactionInterceptor.java:119)
	at com.example.assignment.ReportService$$SpringCGLIB$$0.buildClassReport(<generated>)
	at com.example.assignment.ReportController.classReport(ReportController.java:22)
	at java.base/jdk.internal.reflect.DirectMethodHandleAccessor.invoke(DirectMethodHandleAccessor.java:103)
	at java.base/java.lang.reflect.Method.invoke(Method.java:580)
	at org.springframework.web.method.support.InvocableHandlerMethod.doInvoke(InvocableHandlerMethod.java:255)
2026-09-16T14:47:46.092+09:00  WARN 1 --- [item-bank-api] [ool housekeeper] com.zaxxer.hikari.pool.ProxyLeakTask     : Connection leak detection triggered for org.mariadb.jdbc.Connection@5b0e9e0c on thread http-nio-8080-exec-8, stack trace follows
java.lang.Exception: Apparent connection leak detected
	at com.zaxxer.hikari.HikariDataSource.getConnection(HikariDataSource.java:127)
	at org.hibernate.engine.jdbc.connections.internal.DatasourceConnectionProviderImpl.getConnection(DatasourceConnectionProviderImpl.java:122)
	at org.hibernate.internal.NonContextualJdbcConnectionAccess.obtainConnection(NonContextualJdbcConnectionAccess.java:46)
	at org.hibernate.resource.jdbc.internal.LogicalConnectionManagedImpl.acquireConnectionIfNeeded(LogicalConnectionManagedImpl.java:113)
	at org.springframework.orm.jpa.vendor.HibernateJpaDialect.beginTransaction(HibernateJpaDialect.java:164)
	at org.springframework.orm.jpa.JpaTransactionManager.doBegin(JpaTransactionManager.java:420)
	at org.springframework.transaction.interceptor.TransactionAspectSupport.invokeWithinTransaction(TransactionAspectSupport.java:386)
	at org.springframework.transaction.interceptor.TransactionInterceptor.invoke(TransactionInterceptor.java:119)
	at com.example.assignment.ReportService$$SpringCGLIB$$0.buildClassReport(<generated>)
	at com.example.assignment.ReportController.classReport(ReportController.java:22)
	at java.base/jdk.internal.reflect.DirectMethodHandleAccessor.invoke(DirectMethodHandleAccessor.java:103)
	at java.base/java.lang.reflect.Method.invoke(Method.java:580)
	at org.springframework.web.method.support.InvocableHandlerMethod.doInvoke(InvocableHandlerMethod.java:255)
2026-09-16T14:47:48.777+09:00  WARN 1 --- [item-bank-api] [ool housekeeper] com.zaxxer.hikari.pool.ProxyLeakTask     : Connection leak detection triggered for org.mariadb.jdbc.Connection@2ac19f07 on thread http-nio-8080-exec-4, stack trace follows
java.lang.Exception: Apparent connection leak detected
	at com.zaxxer.hikari.HikariDataSource.getConnection(HikariDataSource.java:127)
	at org.hibernate.engine.jdbc.connections.internal.DatasourceConnectionProviderImpl.getConnection(DatasourceConnectionProviderImpl.java:122)
	at org.hibernate.internal.NonContextualJdbcConnectionAccess.obtainConnection(NonContextualJdbcConnectionAccess.java:46)
	at org.hibernate.resource.jdbc.internal.LogicalConnectionManagedImpl.acquireConnectionIfNeeded(LogicalConnectionManagedImpl.java:113)
	at org.springframework.orm.jpa.vendor.HibernateJpaDialect.beginTransaction(HibernateJpaDialect.java:164)
	at org.springframework.orm.jpa.JpaTransactionManager.doBegin(JpaTransactionManager.java:420)
	at org.springframework.transaction.interceptor.TransactionAspectSupport.invokeWithinTransaction(TransactionAspectSupport.java:386)
	at org.springframework.transaction.interceptor.TransactionInterceptor.invoke(TransactionInterceptor.java:119)
	at com.example.assignment.ReportService$$SpringCGLIB$$0.buildClassReport(<generated>)
	at com.example.assignment.ReportController.classReport(ReportController.java:22)
	at java.base/jdk.internal.reflect.DirectMethodHandleAccessor.invoke(DirectMethodHandleAccessor.java:103)
	at java.base/java.lang.reflect.Method.invoke(Method.java:580)
	at org.springframework.web.method.support.InvocableHandlerMethod.doInvoke(InvocableHandlerMethod.java:255)
2026-09-16T14:47:49.392+09:00  WARN 1 --- [item-bank-api] [ool housekeeper] com.zaxxer.hikari.pool.ProxyLeakTask     : Connection leak detection triggered for org.mariadb.jdbc.Connection@6e8f14d3 on thread http-nio-8080-exec-10, stack trace follows
java.lang.Exception: Apparent connection leak detected
	at com.zaxxer.hikari.HikariDataSource.getConnection(HikariDataSource.java:127)
	at org.hibernate.engine.jdbc.connections.internal.DatasourceConnectionProviderImpl.getConnection(DatasourceConnectionProviderImpl.java:122)
	at org.hibernate.internal.NonContextualJdbcConnectionAccess.obtainConnection(NonContextualJdbcConnectionAccess.java:46)
	at org.hibernate.resource.jdbc.internal.LogicalConnectionManagedImpl.acquireConnectionIfNeeded(LogicalConnectionManagedImpl.java:113)
	at org.springframework.orm.jpa.vendor.HibernateJpaDialect.beginTransaction(HibernateJpaDialect.java:164)
	at org.springframework.orm.jpa.JpaTransactionManager.doBegin(JpaTransactionManager.java:420)
	at org.springframework.transaction.interceptor.TransactionAspectSupport.invokeWithinTransaction(TransactionAspectSupport.java:386)
	at org.springframework.transaction.interceptor.TransactionInterceptor.invoke(TransactionInterceptor.java:119)
	at com.example.assignment.ReportService$$SpringCGLIB$$0.buildClassReport(<generated>)
	at com.example.assignment.ReportController.classReport(ReportController.java:22)
	at java.base/jdk.internal.reflect.DirectMethodHandleAccessor.invoke(DirectMethodHandleAccessor.java:103)
	at java.base/java.lang.reflect.Method.invoke(Method.java:580)
	at org.springframework.web.method.support.InvocableHandlerMethod.doInvoke(InvocableHandlerMethod.java:255)
2026-09-16T14:47:54.515+09:00  INFO 1 --- [item-bank-api] [nio-8080-exec-7] com.example.assignment.ReportService     : built class report for class 1: 3 distributions, 10 submissions
2026-09-16T14:47:54.517+09:00  INFO 1 --- [item-bank-api] [nio-8080-exec-7] com.zaxxer.hikari.pool.ProxyLeakTask     : Previously reported leaked connection org.mariadb.jdbc.Connection@71d4b8e2 on thread http-nio-8080-exec-7 was returned to the pool (unleaked)
2026-09-16T14:47:57.542+09:00  INFO 1 --- [item-bank-api] [io-8080-exec-10] com.example.assignment.ReportService     : built class report for class 2: 3 distributions, 10 submissions
2026-09-16T14:47:57.544+09:00  INFO 1 --- [item-bank-api] [io-8080-exec-10] com.zaxxer.hikari.pool.ProxyLeakTask     : Previously reported leaked connection org.mariadb.jdbc.Connection@6e8f14d3 on thread http-nio-8080-exec-10 was returned to the pool (unleaked)
2026-09-16T14:47:57.560+09:00  INFO 1 --- [item-bank-api] [nio-8080-exec-8] com.example.assignment.ReportService     : built class report for class 3: 3 distributions, 10 submissions
2026-09-16T14:47:57.562+09:00  INFO 1 --- [item-bank-api] [nio-8080-exec-8] com.zaxxer.hikari.pool.ProxyLeakTask     : Previously reported leaked connection org.mariadb.jdbc.Connection@5b0e9e0c on thread http-nio-8080-exec-8 was returned to the pool (unleaked)
2026-09-16T14:47:57.636+09:00  INFO 1 --- [item-bank-api] [nio-8080-exec-4] com.example.assignment.ReportService     : built class report for class 1: 3 distributions, 10 submissions
2026-09-16T14:47:57.638+09:00  INFO 1 --- [item-bank-api] [nio-8080-exec-4] com.zaxxer.hikari.pool.ProxyLeakTask     : Previously reported leaked connection org.mariadb.jdbc.Connection@2ac19f07 on thread http-nio-8080-exec-4 was returned to the pool (unleaked)
2026-09-16T14:48:01.921+09:00  WARN 1 --- [item-bank-api] [ool housekeeper] com.zaxxer.hikari.pool.ProxyLeakTask     : Connection leak detection triggered for org.mariadb.jdbc.Connection@3f6c2a91 on thread http-nio-8080-exec-6, stack trace follows
java.lang.Exception: Apparent connection leak detected
	at com.zaxxer.hikari.HikariDataSource.getConnection(HikariDataSource.java:127)
	at org.hibernate.engine.jdbc.connections.internal.DatasourceConnectionProviderImpl.getConnection(DatasourceConnectionProviderImpl.java:122)
	at org.hibernate.internal.NonContextualJdbcConnectionAccess.obtainConnection(NonContextualJdbcConnectionAccess.java:46)
	at org.hibernate.resource.jdbc.internal.LogicalConnectionManagedImpl.acquireConnectionIfNeeded(LogicalConnectionManagedImpl.java:113)
	at org.springframework.orm.jpa.vendor.HibernateJpaDialect.beginTransaction(HibernateJpaDialect.java:164)
	at org.springframework.orm.jpa.JpaTransactionManager.doBegin(JpaTransactionManager.java:420)
	at org.springframework.transaction.interceptor.TransactionAspectSupport.invokeWithinTransaction(TransactionAspectSupport.java:386)
	at org.springframework.transaction.interceptor.TransactionInterceptor.invoke(TransactionInterceptor.java:119)
	at com.example.assignment.ReportService$$SpringCGLIB$$0.buildClassReport(<generated>)
	at com.example.assignment.ReportController.classReport(ReportController.java:22)
	at java.base/jdk.internal.reflect.DirectMethodHandleAccessor.invoke(DirectMethodHandleAccessor.java:103)
	at java.base/java.lang.reflect.Method.invoke(Method.java:580)
	at org.springframework.web.method.support.InvocableHandlerMethod.doInvoke(InvocableHandlerMethod.java:255)
2026-09-16T14:48:04.532+09:00  WARN 1 --- [item-bank-api] [ool housekeeper] com.zaxxer.hikari.pool.ProxyLeakTask     : Connection leak detection triggered for org.mariadb.jdbc.Connection@71d4b8e2 on thread http-nio-8080-exec-3, stack trace follows
java.lang.Exception: Apparent connection leak detected
	at com.zaxxer.hikari.HikariDataSource.getConnection(HikariDataSource.java:127)
	at org.hibernate.engine.jdbc.connections.internal.DatasourceConnectionProviderImpl.getConnection(DatasourceConnectionProviderImpl.java:122)
	at org.hibernate.internal.NonContextualJdbcConnectionAccess.obtainConnection(NonContextualJdbcConnectionAccess.java:46)
	at org.hibernate.resource.jdbc.internal.LogicalConnectionManagedImpl.acquireConnectionIfNeeded(LogicalConnectionManagedImpl.java:113)
	at org.springframework.orm.jpa.vendor.HibernateJpaDialect.beginTransaction(HibernateJpaDialect.java:164)
	at org.springframework.orm.jpa.JpaTransactionManager.doBegin(JpaTransactionManager.java:420)
	at org.springframework.transaction.interceptor.TransactionAspectSupport.invokeWithinTransaction(TransactionAspectSupport.java:386)
	at org.springframework.transaction.interceptor.TransactionInterceptor.invoke(TransactionInterceptor.java:119)
	at com.example.assignment.ReportService$$SpringCGLIB$$0.buildClassReport(<generated>)
	at com.example.assignment.ReportController.classReport(ReportController.java:22)
	at java.base/jdk.internal.reflect.DirectMethodHandleAccessor.invoke(DirectMethodHandleAccessor.java:103)
	at java.base/java.lang.reflect.Method.invoke(Method.java:580)
	at org.springframework.web.method.support.InvocableHandlerMethod.doInvoke(InvocableHandlerMethod.java:255)
2026-09-16T14:48:10.053+09:00  INFO 1 --- [item-bank-api] [nio-8080-exec-6] com.example.assignment.ReportService     : built class report for class 3: 3 distributions, 10 submissions
2026-09-16T14:48:10.055+09:00  INFO 1 --- [item-bank-api] [nio-8080-exec-6] com.zaxxer.hikari.pool.ProxyLeakTask     : Previously reported leaked connection org.mariadb.jdbc.Connection@3f6c2a91 on thread http-nio-8080-exec-6 was returned to the pool (unleaked)
2026-09-16T14:48:15.641+09:00  INFO 1 --- [item-bank-api] [nio-8080-exec-3] com.example.assignment.ReportService     : built class report for class 1: 3 distributions, 10 submissions
2026-09-16T14:48:15.643+09:00  INFO 1 --- [item-bank-api] [nio-8080-exec-3] com.zaxxer.hikari.pool.ProxyLeakTask     : Previously reported leaked connection org.mariadb.jdbc.Connection@71d4b8e2 on thread http-nio-8080-exec-3 was returned to the pool (unleaked)
2026-09-16T14:48:18.516+09:00  WARN 1 --- [item-bank-api] [ool housekeeper] com.zaxxer.hikari.pool.ProxyLeakTask     : Connection leak detection triggered for org.mariadb.jdbc.Connection@5b0e9e0c on thread http-nio-8080-exec-7, stack trace follows
java.lang.Exception: Apparent connection leak detected
	at com.zaxxer.hikari.HikariDataSource.getConnection(HikariDataSource.java:127)
	at org.hibernate.engine.jdbc.connections.internal.DatasourceConnectionProviderImpl.getConnection(DatasourceConnectionProviderImpl.java:122)
	at org.hibernate.internal.NonContextualJdbcConnectionAccess.obtainConnection(NonContextualJdbcConnectionAccess.java:46)
	at org.hibernate.resource.jdbc.internal.LogicalConnectionManagedImpl.acquireConnectionIfNeeded(LogicalConnectionManagedImpl.java:113)
	at org.springframework.orm.jpa.vendor.HibernateJpaDialect.beginTransaction(HibernateJpaDialect.java:164)
	at org.springframework.orm.jpa.JpaTransactionManager.doBegin(JpaTransactionManager.java:420)
	at org.springframework.transaction.interceptor.TransactionAspectSupport.invokeWithinTransaction(TransactionAspectSupport.java:386)
	at org.springframework.transaction.interceptor.TransactionInterceptor.invoke(TransactionInterceptor.java:119)
	at com.example.assignment.ReportService$$SpringCGLIB$$0.buildClassReport(<generated>)
	at com.example.assignment.ReportController.classReport(ReportController.java:22)
	at java.base/jdk.internal.reflect.DirectMethodHandleAccessor.invoke(DirectMethodHandleAccessor.java:103)
	at java.base/java.lang.reflect.Method.invoke(Method.java:580)
	at org.springframework.web.method.support.InvocableHandlerMethod.doInvoke(InvocableHandlerMethod.java:255)
2026-09-16T14:48:19.132+09:00  WARN 1 --- [item-bank-api] [ool housekeeper] com.zaxxer.hikari.pool.ProxyLeakTask     : Connection leak detection triggered for org.mariadb.jdbc.Connection@2ac19f07 on thread http-nio-8080-exec-5, stack trace follows
java.lang.Exception: Apparent connection leak detected
	at com.zaxxer.hikari.HikariDataSource.getConnection(HikariDataSource.java:127)
	at org.hibernate.engine.jdbc.connections.internal.DatasourceConnectionProviderImpl.getConnection(DatasourceConnectionProviderImpl.java:122)
	at org.hibernate.internal.NonContextualJdbcConnectionAccess.obtainConnection(NonContextualJdbcConnectionAccess.java:46)
	at org.hibernate.resource.jdbc.internal.LogicalConnectionManagedImpl.acquireConnectionIfNeeded(LogicalConnectionManagedImpl.java:113)
	at org.springframework.orm.jpa.vendor.HibernateJpaDialect.beginTransaction(HibernateJpaDialect.java:164)
	at org.springframework.orm.jpa.JpaTransactionManager.doBegin(JpaTransactionManager.java:420)
	at org.springframework.transaction.interceptor.TransactionAspectSupport.invokeWithinTransaction(TransactionAspectSupport.java:386)
	at org.springframework.transaction.interceptor.TransactionInterceptor.invoke(TransactionInterceptor.java:119)
	at com.example.assignment.ReportService$$SpringCGLIB$$0.buildClassReport(<generated>)
	at com.example.assignment.ReportController.classReport(ReportController.java:22)
	at java.base/jdk.internal.reflect.DirectMethodHandleAccessor.invoke(DirectMethodHandleAccessor.java:103)
	at java.base/java.lang.reflect.Method.invoke(Method.java:580)
	at org.springframework.web.method.support.InvocableHandlerMethod.doInvoke(InvocableHandlerMethod.java:255)
2026-09-16T14:48:26.693+09:00  WARN 1 --- [item-bank-api] [nio-8080-exec-4] o.h.engine.jdbc.spi.SqlExceptionHelper   : SQL Error: 0, SQLState: null
2026-09-16T14:48:26.693+09:00 ERROR 1 --- [item-bank-api] [nio-8080-exec-4] o.h.engine.jdbc.spi.SqlExceptionHelper   : itembank-pool - Connection is not available, request timed out after 3000ms (total=5, active=5, idle=0, waiting=3)
2026-09-16T14:48:26.694+09:00 ERROR 1 --- [item-bank-api] [nio-8080-exec-4] c.example.common.GlobalExceptionHandler  : unhandled exception on /api/classes/3/report
org.springframework.transaction.CannotCreateTransactionException: Could not open JPA EntityManager for transaction
	at org.springframework.orm.jpa.JpaTransactionManager.doBegin(JpaTransactionManager.java:466)
	at org.springframework.transaction.support.AbstractPlatformTransactionManager.startTransaction(AbstractPlatformTransactionManager.java:531)
	at org.springframework.transaction.support.AbstractPlatformTransactionManager.getTransaction(AbstractPlatformTransactionManager.java:405)
	at org.springframework.transaction.interceptor.TransactionAspectSupport.createTransactionIfNecessary(TransactionAspectSupport.java:617)
	at org.springframework.transaction.interceptor.TransactionAspectSupport.invokeWithinTransaction(TransactionAspectSupport.java:386)
	at org.springframework.transaction.interceptor.TransactionInterceptor.invoke(TransactionInterceptor.java:119)
	at org.springframework.aop.framework.ReflectiveMethodInvocation.proceed(ReflectiveMethodInvocation.java:184)
	at org.springframework.aop.framework.CglibAopProxy$DynamicAdvisedInterceptor.intercept(CglibAopProxy.java:720)
	at com.example.assignment.ReportService$$SpringCGLIB$$0.buildClassReport(<generated>)
	at com.example.assignment.ReportController.classReport(ReportController.java:22)
	at java.base/jdk.internal.reflect.DirectMethodHandleAccessor.invoke(DirectMethodHandleAccessor.java:103)
	at java.base/java.lang.reflect.Method.invoke(Method.java:580)
	... 48 more
Caused by: org.hibernate.exception.JDBCConnectionException: Unable to acquire JDBC Connection [itembank-pool - Connection is not available, request timed out after 3000ms (total=5, active=5, idle=0, waiting=3)] [n/a]
	at org.hibernate.exception.internal.SQLStateConversionDelegate.convert(SQLStateConversionDelegate.java:100)
	at org.hibernate.exception.internal.StandardSQLExceptionConverter.convert(StandardSQLExceptionConverter.java:58)
	at org.hibernate.engine.jdbc.spi.SqlExceptionHelper.convert(SqlExceptionHelper.java:108)
	at org.hibernate.resource.jdbc.internal.LogicalConnectionManagedImpl.acquireConnectionIfNeeded(LogicalConnectionManagedImpl.java:116)
	at org.hibernate.resource.jdbc.internal.LogicalConnectionManagedImpl.getPhysicalConnection(LogicalConnectionManagedImpl.java:143)
	at org.springframework.orm.jpa.vendor.HibernateJpaDialect.beginTransaction(HibernateJpaDialect.java:164)
	at org.springframework.orm.jpa.JpaTransactionManager.doBegin(JpaTransactionManager.java:420)
	... 58 common frames omitted
Caused by: java.sql.SQLTransientConnectionException: itembank-pool - Connection is not available, request timed out after 3000ms (total=5, active=5, idle=0, waiting=3)
	at com.zaxxer.hikari.pool.HikariPool.createTimeoutException(HikariPool.java:686)
	at com.zaxxer.hikari.pool.HikariPool.getConnection(HikariPool.java:179)
	at com.zaxxer.hikari.pool.HikariPool.getConnection(HikariPool.java:144)
	at com.zaxxer.hikari.HikariDataSource.getConnection(HikariDataSource.java:127)
	at org.hibernate.engine.jdbc.connections.internal.DatasourceConnectionProviderImpl.getConnection(DatasourceConnectionProviderImpl.java:122)
	at org.hibernate.internal.NonContextualJdbcConnectionAccess.obtainConnection(NonContextualJdbcConnectionAccess.java:46)
	at org.hibernate.resource.jdbc.internal.LogicalConnectionManagedImpl.acquireConnectionIfNeeded(LogicalConnectionManagedImpl.java:113)
	... 65 common frames omitted
2026-09-16T14:48:27.403+09:00  WARN 1 --- [item-bank-api] [nio-8080-exec-2] o.h.engine.jdbc.spi.SqlExceptionHelper   : SQL Error: 0, SQLState: null
2026-09-16T14:48:27.403+09:00 ERROR 1 --- [item-bank-api] [nio-8080-exec-2] o.h.engine.jdbc.spi.SqlExceptionHelper   : itembank-pool - Connection is not available, request timed out after 3000ms (total=5, active=5, idle=0, waiting=2)
2026-09-16T14:48:27.404+09:00 ERROR 1 --- [item-bank-api] [nio-8080-exec-2] c.example.common.GlobalExceptionHandler  : unhandled exception on /api/distributions/1/redistribute
org.springframework.transaction.CannotCreateTransactionException: Could not open JPA EntityManager for transaction
	at org.springframework.orm.jpa.JpaTransactionManager.doBegin(JpaTransactionManager.java:466)
	at org.springframework.transaction.support.AbstractPlatformTransactionManager.startTransaction(AbstractPlatformTransactionManager.java:531)
	at org.springframework.transaction.support.AbstractPlatformTransactionManager.getTransaction(AbstractPlatformTransactionManager.java:405)
	at org.springframework.transaction.interceptor.TransactionAspectSupport.createTransactionIfNecessary(TransactionAspectSupport.java:617)
	at org.springframework.transaction.interceptor.TransactionAspectSupport.invokeWithinTransaction(TransactionAspectSupport.java:386)
	at org.springframework.transaction.interceptor.TransactionInterceptor.invoke(TransactionInterceptor.java:119)
	at org.springframework.aop.framework.ReflectiveMethodInvocation.proceed(ReflectiveMethodInvocation.java:184)
	at org.springframework.aop.framework.CglibAopProxy$DynamicAdvisedInterceptor.intercept(CglibAopProxy.java:720)
	at com.example.assignment.DistributionService$$SpringCGLIB$$0.redistribute(<generated>)
	at com.example.assignment.DistributionController.redistribute(DistributionController.java:38)
	at java.base/jdk.internal.reflect.DirectMethodHandleAccessor.invoke(DirectMethodHandleAccessor.java:103)
	at java.base/java.lang.reflect.Method.invoke(Method.java:580)
	... 48 more
Caused by: org.hibernate.exception.JDBCConnectionException: Unable to acquire JDBC Connection [itembank-pool - Connection is not available, request timed out after 3000ms (total=5, active=5, idle=0, waiting=2)] [n/a]
	at org.hibernate.exception.internal.SQLStateConversionDelegate.convert(SQLStateConversionDelegate.java:100)
	at org.hibernate.exception.internal.StandardSQLExceptionConverter.convert(StandardSQLExceptionConverter.java:58)
	at org.hibernate.engine.jdbc.spi.SqlExceptionHelper.convert(SqlExceptionHelper.java:108)
	at org.hibernate.resource.jdbc.internal.LogicalConnectionManagedImpl.acquireConnectionIfNeeded(LogicalConnectionManagedImpl.java:116)
	at org.hibernate.resource.jdbc.internal.LogicalConnectionManagedImpl.getPhysicalConnection(LogicalConnectionManagedImpl.java:143)
	at org.springframework.orm.jpa.vendor.HibernateJpaDialect.beginTransaction(HibernateJpaDialect.java:164)
	at org.springframework.orm.jpa.JpaTransactionManager.doBegin(JpaTransactionManager.java:420)
	... 58 common frames omitted
Caused by: java.sql.SQLTransientConnectionException: itembank-pool - Connection is not available, request timed out after 3000ms (total=5, active=5, idle=0, waiting=2)
	at com.zaxxer.hikari.pool.HikariPool.createTimeoutException(HikariPool.java:686)
	at com.zaxxer.hikari.pool.HikariPool.getConnection(HikariPool.java:179)
	at com.zaxxer.hikari.pool.HikariPool.getConnection(HikariPool.java:144)
	at com.zaxxer.hikari.HikariDataSource.getConnection(HikariDataSource.java:127)
	at org.hibernate.engine.jdbc.connections.internal.DatasourceConnectionProviderImpl.getConnection(DatasourceConnectionProviderImpl.java:122)
	at org.hibernate.internal.NonContextualJdbcConnectionAccess.obtainConnection(NonContextualJdbcConnectionAccess.java:46)
	at org.hibernate.resource.jdbc.internal.LogicalConnectionManagedImpl.acquireConnectionIfNeeded(LogicalConnectionManagedImpl.java:113)
	... 65 common frames omitted
2026-09-16T14:48:27.415+09:00  WARN 1 --- [item-bank-api] [nio-8080-exec-6] o.h.engine.jdbc.spi.SqlExceptionHelper   : SQL Error: 0, SQLState: null
2026-09-16T14:48:27.415+09:00 ERROR 1 --- [item-bank-api] [nio-8080-exec-6] o.h.engine.jdbc.spi.SqlExceptionHelper   : itembank-pool - Connection is not available, request timed out after 3000ms (total=5, active=5, idle=0, waiting=1)
2026-09-16T14:48:27.416+09:00 ERROR 1 --- [item-bank-api] [nio-8080-exec-6] c.example.common.GlobalExceptionHandler  : unhandled exception on /api/classes/1/report
org.springframework.transaction.CannotCreateTransactionException: Could not open JPA EntityManager for transaction
	at org.springframework.orm.jpa.JpaTransactionManager.doBegin(JpaTransactionManager.java:466)
	at org.springframework.transaction.support.AbstractPlatformTransactionManager.startTransaction(AbstractPlatformTransactionManager.java:531)
	at org.springframework.transaction.support.AbstractPlatformTransactionManager.getTransaction(AbstractPlatformTransactionManager.java:405)
	at org.springframework.transaction.interceptor.TransactionAspectSupport.createTransactionIfNecessary(TransactionAspectSupport.java:617)
	at org.springframework.transaction.interceptor.TransactionAspectSupport.invokeWithinTransaction(TransactionAspectSupport.java:386)
	at org.springframework.transaction.interceptor.TransactionInterceptor.invoke(TransactionInterceptor.java:119)
	at org.springframework.aop.framework.ReflectiveMethodInvocation.proceed(ReflectiveMethodInvocation.java:184)
	at org.springframework.aop.framework.CglibAopProxy$DynamicAdvisedInterceptor.intercept(CglibAopProxy.java:720)
	at com.example.assignment.ReportService$$SpringCGLIB$$0.buildClassReport(<generated>)
	at com.example.assignment.ReportController.classReport(ReportController.java:22)
	at java.base/jdk.internal.reflect.DirectMethodHandleAccessor.invoke(DirectMethodHandleAccessor.java:103)
	at java.base/java.lang.reflect.Method.invoke(Method.java:580)
	... 48 more
Caused by: org.hibernate.exception.JDBCConnectionException: Unable to acquire JDBC Connection [itembank-pool - Connection is not available, request timed out after 3000ms (total=5, active=5, idle=0, waiting=1)] [n/a]
	at org.hibernate.exception.internal.SQLStateConversionDelegate.convert(SQLStateConversionDelegate.java:100)
	at org.hibernate.exception.internal.StandardSQLExceptionConverter.convert(StandardSQLExceptionConverter.java:58)
	at org.hibernate.engine.jdbc.spi.SqlExceptionHelper.convert(SqlExceptionHelper.java:108)
	at org.hibernate.resource.jdbc.internal.LogicalConnectionManagedImpl.acquireConnectionIfNeeded(LogicalConnectionManagedImpl.java:116)
	at org.hibernate.resource.jdbc.internal.LogicalConnectionManagedImpl.getPhysicalConnection(LogicalConnectionManagedImpl.java:143)
	at org.springframework.orm.jpa.vendor.HibernateJpaDialect.beginTransaction(HibernateJpaDialect.java:164)
	at org.springframework.orm.jpa.JpaTransactionManager.doBegin(JpaTransactionManager.java:420)
	... 58 common frames omitted
Caused by: java.sql.SQLTransientConnectionException: itembank-pool - Connection is not available, request timed out after 3000ms (total=5, active=5, idle=0, waiting=1)
	at com.zaxxer.hikari.pool.HikariPool.createTimeoutException(HikariPool.java:686)
	at com.zaxxer.hikari.pool.HikariPool.getConnection(HikariPool.java:179)
	at com.zaxxer.hikari.pool.HikariPool.getConnection(HikariPool.java:144)
	at com.zaxxer.hikari.HikariDataSource.getConnection(HikariDataSource.java:127)
	at org.hibernate.engine.jdbc.connections.internal.DatasourceConnectionProviderImpl.getConnection(DatasourceConnectionProviderImpl.java:122)
	at org.hibernate.internal.NonContextualJdbcConnectionAccess.obtainConnection(NonContextualJdbcConnectionAccess.java:46)
	at org.hibernate.resource.jdbc.internal.LogicalConnectionManagedImpl.acquireConnectionIfNeeded(LogicalConnectionManagedImpl.java:113)
	... 65 common frames omitted
2026-09-16T14:48:27.453+09:00  INFO 1 --- [item-bank-api] [nio-8080-exec-7] com.example.assignment.ReportService     : built class report for class 3: 3 distributions, 10 submissions
2026-09-16T14:48:27.455+09:00  INFO 1 --- [item-bank-api] [nio-8080-exec-7] com.zaxxer.hikari.pool.ProxyLeakTask     : Previously reported leaked connection org.mariadb.jdbc.Connection@5b0e9e0c on thread http-nio-8080-exec-7 was returned to the pool (unleaked)
2026-09-16T14:48:28.422+09:00  WARN 1 --- [item-bank-api] [ool housekeeper] com.zaxxer.hikari.pool.ProxyLeakTask     : Connection leak detection triggered for org.mariadb.jdbc.Connection@6e8f14d3 on thread http-nio-8080-exec-10, stack trace follows
java.lang.Exception: Apparent connection leak detected
	at com.zaxxer.hikari.HikariDataSource.getConnection(HikariDataSource.java:127)
	at org.hibernate.engine.jdbc.connections.internal.DatasourceConnectionProviderImpl.getConnection(DatasourceConnectionProviderImpl.java:122)
	at org.hibernate.internal.NonContextualJdbcConnectionAccess.obtainConnection(NonContextualJdbcConnectionAccess.java:46)
	at org.hibernate.resource.jdbc.internal.LogicalConnectionManagedImpl.acquireConnectionIfNeeded(LogicalConnectionManagedImpl.java:113)
	at org.springframework.orm.jpa.vendor.HibernateJpaDialect.beginTransaction(HibernateJpaDialect.java:164)
	at org.springframework.orm.jpa.JpaTransactionManager.doBegin(JpaTransactionManager.java:420)
	at org.springframework.transaction.interceptor.TransactionAspectSupport.invokeWithinTransaction(TransactionAspectSupport.java:386)
	at org.springframework.transaction.interceptor.TransactionInterceptor.invoke(TransactionInterceptor.java:119)
	at com.example.assignment.ReportService$$SpringCGLIB$$0.buildClassReport(<generated>)
	at com.example.assignment.ReportController.classReport(ReportController.java:22)
	at java.base/jdk.internal.reflect.DirectMethodHandleAccessor.invoke(DirectMethodHandleAccessor.java:103)
	at java.base/java.lang.reflect.Method.invoke(Method.java:580)
	at org.springframework.web.method.support.InvocableHandlerMethod.doInvoke(InvocableHandlerMethod.java:255)
2026-09-16T14:48:29.761+09:00  INFO 1 --- [item-bank-api] [nio-8080-exec-5] com.example.assignment.ReportService     : built class report for class 1: 3 distributions, 10 submissions
2026-09-16T14:48:29.763+09:00  INFO 1 --- [item-bank-api] [nio-8080-exec-5] com.zaxxer.hikari.pool.ProxyLeakTask     : Previously reported leaked connection org.mariadb.jdbc.Connection@2ac19f07 on thread http-nio-8080-exec-5 was returned to the pool (unleaked)
2026-09-16T14:48:31.700+09:00  WARN 1 --- [item-bank-api] [ool housekeeper] com.zaxxer.hikari.pool.ProxyLeakTask     : Connection leak detection triggered for org.mariadb.jdbc.Connection@71d4b8e2 on thread http-nio-8080-exec-8, stack trace follows
java.lang.Exception: Apparent connection leak detected
	at com.zaxxer.hikari.HikariDataSource.getConnection(HikariDataSource.java:127)
	at org.hibernate.engine.jdbc.connections.internal.DatasourceConnectionProviderImpl.getConnection(DatasourceConnectionProviderImpl.java:122)
	at org.hibernate.internal.NonContextualJdbcConnectionAccess.obtainConnection(NonContextualJdbcConnectionAccess.java:46)
	at org.hibernate.resource.jdbc.internal.LogicalConnectionManagedImpl.acquireConnectionIfNeeded(LogicalConnectionManagedImpl.java:113)
	at org.springframework.orm.jpa.vendor.HibernateJpaDialect.beginTransaction(HibernateJpaDialect.java:164)
	at org.springframework.orm.jpa.JpaTransactionManager.doBegin(JpaTransactionManager.java:420)
	at org.springframework.transaction.interceptor.TransactionAspectSupport.invokeWithinTransaction(TransactionAspectSupport.java:386)
	at org.springframework.transaction.interceptor.TransactionInterceptor.invoke(TransactionInterceptor.java:119)
	at com.example.assignment.ReportService$$SpringCGLIB$$0.buildClassReport(<generated>)
	at com.example.assignment.ReportController.classReport(ReportController.java:22)
	at java.base/jdk.internal.reflect.DirectMethodHandleAccessor.invoke(DirectMethodHandleAccessor.java:103)
	at java.base/java.lang.reflect.Method.invoke(Method.java:580)
	at org.springframework.web.method.support.InvocableHandlerMethod.doInvoke(InvocableHandlerMethod.java:255)
2026-09-16T14:48:33.003+09:00  WARN 1 --- [item-bank-api] [ool housekeeper] com.zaxxer.hikari.pool.ProxyLeakTask     : Connection leak detection triggered for org.mariadb.jdbc.Connection@3f6c2a91 on thread http-nio-8080-exec-3, stack trace follows
java.lang.Exception: Apparent connection leak detected
	at com.zaxxer.hikari.HikariDataSource.getConnection(HikariDataSource.java:127)
	at org.hibernate.engine.jdbc.connections.internal.DatasourceConnectionProviderImpl.getConnection(DatasourceConnectionProviderImpl.java:122)
	at org.hibernate.internal.NonContextualJdbcConnectionAccess.obtainConnection(NonContextualJdbcConnectionAccess.java:46)
	at org.hibernate.resource.jdbc.internal.LogicalConnectionManagedImpl.acquireConnectionIfNeeded(LogicalConnectionManagedImpl.java:113)
	at org.springframework.orm.jpa.vendor.HibernateJpaDialect.beginTransaction(HibernateJpaDialect.java:164)
	at org.springframework.orm.jpa.JpaTransactionManager.doBegin(JpaTransactionManager.java:420)
	at org.springframework.transaction.interceptor.TransactionAspectSupport.invokeWithinTransaction(TransactionAspectSupport.java:386)
	at org.springframework.transaction.interceptor.TransactionInterceptor.invoke(TransactionInterceptor.java:119)
	at com.example.assignment.ReportService$$SpringCGLIB$$0.buildClassReport(<generated>)
	at com.example.assignment.ReportController.classReport(ReportController.java:22)
	at java.base/jdk.internal.reflect.DirectMethodHandleAccessor.invoke(DirectMethodHandleAccessor.java:103)
	at java.base/java.lang.reflect.Method.invoke(Method.java:580)
	at org.springframework.web.method.support.InvocableHandlerMethod.doInvoke(InvocableHandlerMethod.java:255)
2026-09-16T14:48:37.435+09:00  INFO 1 --- [item-bank-api] [io-8080-exec-10] com.example.assignment.ReportService     : built class report for class 2: 3 distributions, 10 submissions
2026-09-16T14:48:37.437+09:00  INFO 1 --- [item-bank-api] [io-8080-exec-10] com.zaxxer.hikari.pool.ProxyLeakTask     : Previously reported leaked connection org.mariadb.jdbc.Connection@6e8f14d3 on thread http-nio-8080-exec-10 was returned to the pool (unleaked)
2026-09-16T14:48:40.687+09:00  INFO 1 --- [item-bank-api] [nio-8080-exec-3] com.example.assignment.ReportService     : built class report for class 3: 3 distributions, 10 submissions
2026-09-16T14:48:40.689+09:00  INFO 1 --- [item-bank-api] [nio-8080-exec-3] com.zaxxer.hikari.pool.ProxyLeakTask     : Previously reported leaked connection org.mariadb.jdbc.Connection@3f6c2a91 on thread http-nio-8080-exec-3 was returned to the pool (unleaked)
2026-09-16T14:48:42.555+09:00  INFO 1 --- [item-bank-api] [nio-8080-exec-8] com.example.assignment.ReportService     : built class report for class 1: 3 distributions, 10 submissions
2026-09-16T14:48:42.557+09:00  INFO 1 --- [item-bank-api] [nio-8080-exec-8] com.zaxxer.hikari.pool.ProxyLeakTask     : Previously reported leaked connection org.mariadb.jdbc.Connection@71d4b8e2 on thread http-nio-8080-exec-8 was returned to the pool (unleaked)
2026-09-16T14:48:46.918+09:00  WARN 1 --- [item-bank-api] [ool housekeeper] com.zaxxer.hikari.pool.ProxyLeakTask     : Connection leak detection triggered for org.mariadb.jdbc.Connection@5b0e9e0c on thread http-nio-8080-exec-5, stack trace follows
java.lang.Exception: Apparent connection leak detected
	at com.zaxxer.hikari.HikariDataSource.getConnection(HikariDataSource.java:127)
	at org.hibernate.engine.jdbc.connections.internal.DatasourceConnectionProviderImpl.getConnection(DatasourceConnectionProviderImpl.java:122)
	at org.hibernate.internal.NonContextualJdbcConnectionAccess.obtainConnection(NonContextualJdbcConnectionAccess.java:46)
	at org.hibernate.resource.jdbc.internal.LogicalConnectionManagedImpl.acquireConnectionIfNeeded(LogicalConnectionManagedImpl.java:113)
	at org.springframework.orm.jpa.vendor.HibernateJpaDialect.beginTransaction(HibernateJpaDialect.java:164)
	at org.springframework.orm.jpa.JpaTransactionManager.doBegin(JpaTransactionManager.java:420)
	at org.springframework.transaction.interceptor.TransactionAspectSupport.invokeWithinTransaction(TransactionAspectSupport.java:386)
	at org.springframework.transaction.interceptor.TransactionInterceptor.invoke(TransactionInterceptor.java:119)
	at com.example.assignment.ReportService$$SpringCGLIB$$0.buildClassReport(<generated>)
	at com.example.assignment.ReportController.classReport(ReportController.java:22)
	at java.base/jdk.internal.reflect.DirectMethodHandleAccessor.invoke(DirectMethodHandleAccessor.java:103)
	at java.base/java.lang.reflect.Method.invoke(Method.java:580)
	at org.springframework.web.method.support.InvocableHandlerMethod.doInvoke(InvocableHandlerMethod.java:255)
2026-09-16T14:48:49.502+09:00  WARN 1 --- [item-bank-api] [ool housekeeper] com.zaxxer.hikari.pool.ProxyLeakTask     : Connection leak detection triggered for org.mariadb.jdbc.Connection@6e8f14d3 on thread http-nio-8080-exec-7, stack trace follows
java.lang.Exception: Apparent connection leak detected
	at com.zaxxer.hikari.HikariDataSource.getConnection(HikariDataSource.java:127)
	at org.hibernate.engine.jdbc.connections.internal.DatasourceConnectionProviderImpl.getConnection(DatasourceConnectionProviderImpl.java:122)
	at org.hibernate.internal.NonContextualJdbcConnectionAccess.obtainConnection(NonContextualJdbcConnectionAccess.java:46)
	at org.hibernate.resource.jdbc.internal.LogicalConnectionManagedImpl.acquireConnectionIfNeeded(LogicalConnectionManagedImpl.java:113)
	at org.springframework.orm.jpa.vendor.HibernateJpaDialect.beginTransaction(HibernateJpaDialect.java:164)
	at org.springframework.orm.jpa.JpaTransactionManager.doBegin(JpaTransactionManager.java:420)
	at org.springframework.transaction.interceptor.TransactionAspectSupport.invokeWithinTransaction(TransactionAspectSupport.java:386)
	at org.springframework.transaction.interceptor.TransactionInterceptor.invoke(TransactionInterceptor.java:119)
	at com.example.assignment.ReportService$$SpringCGLIB$$0.buildClassReport(<generated>)
	at com.example.assignment.ReportController.classReport(ReportController.java:22)
	at java.base/jdk.internal.reflect.DirectMethodHandleAccessor.invoke(DirectMethodHandleAccessor.java:103)
	at java.base/java.lang.reflect.Method.invoke(Method.java:580)
	at org.springframework.web.method.support.InvocableHandlerMethod.doInvoke(InvocableHandlerMethod.java:255)
2026-09-16T14:48:51.215+09:00  WARN 1 --- [item-bank-api] [nio-8080-exec-1] o.h.engine.jdbc.spi.SqlExceptionHelper   : SQL Error: 0, SQLState: null
2026-09-16T14:48:51.215+09:00 ERROR 1 --- [item-bank-api] [nio-8080-exec-1] o.h.engine.jdbc.spi.SqlExceptionHelper   : itembank-pool - Connection is not available, request timed out after 3000ms (total=5, active=5, idle=0, waiting=2)
2026-09-16T14:48:51.216+09:00 ERROR 1 --- [item-bank-api] [nio-8080-exec-1] c.example.common.GlobalExceptionHandler  : unhandled exception on /api/units/M5-2/items
org.springframework.transaction.CannotCreateTransactionException: Could not open JPA EntityManager for transaction
	at org.springframework.orm.jpa.JpaTransactionManager.doBegin(JpaTransactionManager.java:466)
	at org.springframework.transaction.support.AbstractPlatformTransactionManager.startTransaction(AbstractPlatformTransactionManager.java:531)
	at org.springframework.transaction.support.AbstractPlatformTransactionManager.getTransaction(AbstractPlatformTransactionManager.java:405)
	at org.springframework.transaction.interceptor.TransactionAspectSupport.createTransactionIfNecessary(TransactionAspectSupport.java:617)
	at org.springframework.transaction.interceptor.TransactionAspectSupport.invokeWithinTransaction(TransactionAspectSupport.java:386)
	at org.springframework.transaction.interceptor.TransactionInterceptor.invoke(TransactionInterceptor.java:119)
	at org.springframework.aop.framework.ReflectiveMethodInvocation.proceed(ReflectiveMethodInvocation.java:184)
	at org.springframework.aop.framework.CglibAopProxy$DynamicAdvisedInterceptor.intercept(CglibAopProxy.java:720)
	at com.example.item.ItemService$$SpringCGLIB$$0.listActiveItemsByUnit(<generated>)
	at com.example.item.ItemController.listItemsByUnit(ItemController.java:31)
	at java.base/jdk.internal.reflect.DirectMethodHandleAccessor.invoke(DirectMethodHandleAccessor.java:103)
	at java.base/java.lang.reflect.Method.invoke(Method.java:580)
	... 48 more
Caused by: org.hibernate.exception.JDBCConnectionException: Unable to acquire JDBC Connection [itembank-pool - Connection is not available, request timed out after 3000ms (total=5, active=5, idle=0, waiting=2)] [n/a]
	at org.hibernate.exception.internal.SQLStateConversionDelegate.convert(SQLStateConversionDelegate.java:100)
	at org.hibernate.exception.internal.StandardSQLExceptionConverter.convert(StandardSQLExceptionConverter.java:58)
	at org.hibernate.engine.jdbc.spi.SqlExceptionHelper.convert(SqlExceptionHelper.java:108)
	at org.hibernate.resource.jdbc.internal.LogicalConnectionManagedImpl.acquireConnectionIfNeeded(LogicalConnectionManagedImpl.java:116)
	at org.hibernate.resource.jdbc.internal.LogicalConnectionManagedImpl.getPhysicalConnection(LogicalConnectionManagedImpl.java:143)
	at org.springframework.orm.jpa.vendor.HibernateJpaDialect.beginTransaction(HibernateJpaDialect.java:164)
	at org.springframework.orm.jpa.JpaTransactionManager.doBegin(JpaTransactionManager.java:420)
	... 58 common frames omitted
Caused by: java.sql.SQLTransientConnectionException: itembank-pool - Connection is not available, request timed out after 3000ms (total=5, active=5, idle=0, waiting=2)
	at com.zaxxer.hikari.pool.HikariPool.createTimeoutException(HikariPool.java:686)
	at com.zaxxer.hikari.pool.HikariPool.getConnection(HikariPool.java:179)
	at com.zaxxer.hikari.pool.HikariPool.getConnection(HikariPool.java:144)
	at com.zaxxer.hikari.HikariDataSource.getConnection(HikariDataSource.java:127)
	at org.hibernate.engine.jdbc.connections.internal.DatasourceConnectionProviderImpl.getConnection(DatasourceConnectionProviderImpl.java:122)
	at org.hibernate.internal.NonContextualJdbcConnectionAccess.obtainConnection(NonContextualJdbcConnectionAccess.java:46)
	at org.hibernate.resource.jdbc.internal.LogicalConnectionManagedImpl.acquireConnectionIfNeeded(LogicalConnectionManagedImpl.java:113)
	... 65 common frames omitted
2026-09-16T14:48:53.242+09:00  WARN 1 --- [item-bank-api] [ool housekeeper] com.zaxxer.hikari.pool.ProxyLeakTask     : Connection leak detection triggered for org.mariadb.jdbc.Connection@3f6c2a91 on thread http-nio-8080-exec-6, stack trace follows
java.lang.Exception: Apparent connection leak detected
	at com.zaxxer.hikari.HikariDataSource.getConnection(HikariDataSource.java:127)
	at org.hibernate.engine.jdbc.connections.internal.DatasourceConnectionProviderImpl.getConnection(DatasourceConnectionProviderImpl.java:122)
	at org.hibernate.internal.NonContextualJdbcConnectionAccess.obtainConnection(NonContextualJdbcConnectionAccess.java:46)
	at org.hibernate.resource.jdbc.internal.LogicalConnectionManagedImpl.acquireConnectionIfNeeded(LogicalConnectionManagedImpl.java:113)
	at org.springframework.orm.jpa.vendor.HibernateJpaDialect.beginTransaction(HibernateJpaDialect.java:164)
	at org.springframework.orm.jpa.JpaTransactionManager.doBegin(JpaTransactionManager.java:420)
	at org.springframework.transaction.interceptor.TransactionAspectSupport.invokeWithinTransaction(TransactionAspectSupport.java:386)
	at org.springframework.transaction.interceptor.TransactionInterceptor.invoke(TransactionInterceptor.java:119)
	at com.example.assignment.ReportService$$SpringCGLIB$$0.buildClassReport(<generated>)
	at com.example.assignment.ReportController.classReport(ReportController.java:22)
	at java.base/jdk.internal.reflect.DirectMethodHandleAccessor.invoke(DirectMethodHandleAccessor.java:103)
	at java.base/java.lang.reflect.Method.invoke(Method.java:580)
	at org.springframework.web.method.support.InvocableHandlerMethod.doInvoke(InvocableHandlerMethod.java:255)
2026-09-16T14:48:53.659+09:00  WARN 1 --- [item-bank-api] [nio-8080-exec-4] o.h.engine.jdbc.spi.SqlExceptionHelper   : SQL Error: 0, SQLState: null
2026-09-16T14:48:53.659+09:00 ERROR 1 --- [item-bank-api] [nio-8080-exec-4] o.h.engine.jdbc.spi.SqlExceptionHelper   : itembank-pool - Connection is not available, request timed out after 3000ms (total=5, active=5, idle=0, waiting=4)
2026-09-16T14:48:53.660+09:00 ERROR 1 --- [item-bank-api] [nio-8080-exec-4] c.example.common.GlobalExceptionHandler  : unhandled exception on /api/distributions/8
org.springframework.transaction.CannotCreateTransactionException: Could not open JPA EntityManager for transaction
	at org.springframework.orm.jpa.JpaTransactionManager.doBegin(JpaTransactionManager.java:466)
	at org.springframework.transaction.support.AbstractPlatformTransactionManager.startTransaction(AbstractPlatformTransactionManager.java:531)
	at org.springframework.transaction.support.AbstractPlatformTransactionManager.getTransaction(AbstractPlatformTransactionManager.java:405)
	at org.springframework.transaction.interceptor.TransactionAspectSupport.createTransactionIfNecessary(TransactionAspectSupport.java:617)
	at org.springframework.transaction.interceptor.TransactionAspectSupport.invokeWithinTransaction(TransactionAspectSupport.java:386)
	at org.springframework.transaction.interceptor.TransactionInterceptor.invoke(TransactionInterceptor.java:119)
	at org.springframework.aop.framework.ReflectiveMethodInvocation.proceed(ReflectiveMethodInvocation.java:184)
	at org.springframework.aop.framework.CglibAopProxy$DynamicAdvisedInterceptor.intercept(CglibAopProxy.java:720)
	at com.example.assignment.DistributionService$$SpringCGLIB$$0.getDistribution(<generated>)
	at com.example.assignment.DistributionController.getDistribution(DistributionController.java:26)
	at java.base/jdk.internal.reflect.DirectMethodHandleAccessor.invoke(DirectMethodHandleAccessor.java:103)
	at java.base/java.lang.reflect.Method.invoke(Method.java:580)
	... 48 more
Caused by: org.hibernate.exception.JDBCConnectionException: Unable to acquire JDBC Connection [itembank-pool - Connection is not available, request timed out after 3000ms (total=5, active=5, idle=0, waiting=4)] [n/a]
	at org.hibernate.exception.internal.SQLStateConversionDelegate.convert(SQLStateConversionDelegate.java:100)
	at org.hibernate.exception.internal.StandardSQLExceptionConverter.convert(StandardSQLExceptionConverter.java:58)
	at org.hibernate.engine.jdbc.spi.SqlExceptionHelper.convert(SqlExceptionHelper.java:108)
	at org.hibernate.resource.jdbc.internal.LogicalConnectionManagedImpl.acquireConnectionIfNeeded(LogicalConnectionManagedImpl.java:116)
	at org.hibernate.resource.jdbc.internal.LogicalConnectionManagedImpl.getPhysicalConnection(LogicalConnectionManagedImpl.java:143)
	at org.springframework.orm.jpa.vendor.HibernateJpaDialect.beginTransaction(HibernateJpaDialect.java:164)
	at org.springframework.orm.jpa.JpaTransactionManager.doBegin(JpaTransactionManager.java:420)
	... 58 common frames omitted
Caused by: java.sql.SQLTransientConnectionException: itembank-pool - Connection is not available, request timed out after 3000ms (total=5, active=5, idle=0, waiting=4)
	at com.zaxxer.hikari.pool.HikariPool.createTimeoutException(HikariPool.java:686)
	at com.zaxxer.hikari.pool.HikariPool.getConnection(HikariPool.java:179)
	at com.zaxxer.hikari.pool.HikariPool.getConnection(HikariPool.java:144)
	at com.zaxxer.hikari.HikariDataSource.getConnection(HikariDataSource.java:127)
	at org.hibernate.engine.jdbc.connections.internal.DatasourceConnectionProviderImpl.getConnection(DatasourceConnectionProviderImpl.java:122)
	at org.hibernate.internal.NonContextualJdbcConnectionAccess.obtainConnection(NonContextualJdbcConnectionAccess.java:46)
	at org.hibernate.resource.jdbc.internal.LogicalConnectionManagedImpl.acquireConnectionIfNeeded(LogicalConnectionManagedImpl.java:113)
	... 65 common frames omitted
2026-09-16T14:48:54.041+09:00  INFO 1 --- [item-bank-api] [nio-8080-exec-5] com.example.assignment.ReportService     : built class report for class 2: 3 distributions, 10 submissions
2026-09-16T14:48:54.043+09:00  INFO 1 --- [item-bank-api] [nio-8080-exec-5] com.zaxxer.hikari.pool.ProxyLeakTask     : Previously reported leaked connection org.mariadb.jdbc.Connection@5b0e9e0c on thread http-nio-8080-exec-5 was returned to the pool (unleaked)
2026-09-16T14:48:55.535+09:00  WARN 1 --- [item-bank-api] [ool housekeeper] com.zaxxer.hikari.pool.ProxyLeakTask     : Connection leak detection triggered for org.mariadb.jdbc.Connection@2ac19f07 on thread http-nio-8080-exec-3, stack trace follows
java.lang.Exception: Apparent connection leak detected
	at com.zaxxer.hikari.HikariDataSource.getConnection(HikariDataSource.java:127)
	at org.hibernate.engine.jdbc.connections.internal.DatasourceConnectionProviderImpl.getConnection(DatasourceConnectionProviderImpl.java:122)
	at org.hibernate.internal.NonContextualJdbcConnectionAccess.obtainConnection(NonContextualJdbcConnectionAccess.java:46)
	at org.hibernate.resource.jdbc.internal.LogicalConnectionManagedImpl.acquireConnectionIfNeeded(LogicalConnectionManagedImpl.java:113)
	at org.springframework.orm.jpa.vendor.HibernateJpaDialect.beginTransaction(HibernateJpaDialect.java:164)
	at org.springframework.orm.jpa.JpaTransactionManager.doBegin(JpaTransactionManager.java:420)
	at org.springframework.transaction.interceptor.TransactionAspectSupport.invokeWithinTransaction(TransactionAspectSupport.java:386)
	at org.springframework.transaction.interceptor.TransactionInterceptor.invoke(TransactionInterceptor.java:119)
	at com.example.assignment.ReportService$$SpringCGLIB$$0.buildClassReport(<generated>)
	at com.example.assignment.ReportController.classReport(ReportController.java:22)
	at java.base/jdk.internal.reflect.DirectMethodHandleAccessor.invoke(DirectMethodHandleAccessor.java:103)
	at java.base/java.lang.reflect.Method.invoke(Method.java:580)
	at org.springframework.web.method.support.InvocableHandlerMethod.doInvoke(InvocableHandlerMethod.java:255)
2026-09-16T14:48:56.569+09:00  WARN 1 --- [item-bank-api] [ool housekeeper] com.zaxxer.hikari.pool.ProxyLeakTask     : Connection leak detection triggered for org.mariadb.jdbc.Connection@71d4b8e2 on thread http-nio-8080-exec-8, stack trace follows
java.lang.Exception: Apparent connection leak detected
	at com.zaxxer.hikari.HikariDataSource.getConnection(HikariDataSource.java:127)
	at org.hibernate.engine.jdbc.connections.internal.DatasourceConnectionProviderImpl.getConnection(DatasourceConnectionProviderImpl.java:122)
	at org.hibernate.internal.NonContextualJdbcConnectionAccess.obtainConnection(NonContextualJdbcConnectionAccess.java:46)
	at org.hibernate.resource.jdbc.internal.LogicalConnectionManagedImpl.acquireConnectionIfNeeded(LogicalConnectionManagedImpl.java:113)
	at org.springframework.orm.jpa.vendor.HibernateJpaDialect.beginTransaction(HibernateJpaDialect.java:164)
	at org.springframework.orm.jpa.JpaTransactionManager.doBegin(JpaTransactionManager.java:420)
	at org.springframework.transaction.interceptor.TransactionAspectSupport.invokeWithinTransaction(TransactionAspectSupport.java:386)
	at org.springframework.transaction.interceptor.TransactionInterceptor.invoke(TransactionInterceptor.java:119)
	at com.example.assignment.ReportService$$SpringCGLIB$$0.buildClassReport(<generated>)
	at com.example.assignment.ReportController.classReport(ReportController.java:22)
	at java.base/jdk.internal.reflect.DirectMethodHandleAccessor.invoke(DirectMethodHandleAccessor.java:103)
	at java.base/java.lang.reflect.Method.invoke(Method.java:580)
	at org.springframework.web.method.support.InvocableHandlerMethod.doInvoke(InvocableHandlerMethod.java:255)
2026-09-16T14:48:58.746+09:00  INFO 1 --- [item-bank-api] [nio-8080-exec-7] com.example.assignment.ReportService     : built class report for class 3: 3 distributions, 10 submissions
2026-09-16T14:48:58.748+09:00  INFO 1 --- [item-bank-api] [nio-8080-exec-7] com.zaxxer.hikari.pool.ProxyLeakTask     : Previously reported leaked connection org.mariadb.jdbc.Connection@6e8f14d3 on thread http-nio-8080-exec-7 was returned to the pool (unleaked)
2026-09-16T14:49:02.348+09:00  INFO 1 --- [item-bank-api] [nio-8080-exec-6] com.example.assignment.ReportService     : built class report for class 1: 3 distributions, 10 submissions
2026-09-16T14:49:02.350+09:00  INFO 1 --- [item-bank-api] [nio-8080-exec-6] com.zaxxer.hikari.pool.ProxyLeakTask     : Previously reported leaked connection org.mariadb.jdbc.Connection@3f6c2a91 on thread http-nio-8080-exec-6 was returned to the pool (unleaked)
2026-09-16T14:49:05.360+09:00  WARN 1 --- [item-bank-api] [nio-8080-exec-9] o.h.engine.jdbc.spi.SqlExceptionHelper   : SQL Error: 0, SQLState: null
2026-09-16T14:49:05.360+09:00 ERROR 1 --- [item-bank-api] [nio-8080-exec-9] o.h.engine.jdbc.spi.SqlExceptionHelper   : itembank-pool - Connection is not available, request timed out after 3000ms (total=5, active=5, idle=0, waiting=2)
2026-09-16T14:49:05.361+09:00 ERROR 1 --- [item-bank-api] [nio-8080-exec-9] c.example.common.GlobalExceptionHandler  : unhandled exception on /api/units/M6-1/items
org.springframework.transaction.CannotCreateTransactionException: Could not open JPA EntityManager for transaction
	at org.springframework.orm.jpa.JpaTransactionManager.doBegin(JpaTransactionManager.java:466)
	at org.springframework.transaction.support.AbstractPlatformTransactionManager.startTransaction(AbstractPlatformTransactionManager.java:531)
	at org.springframework.transaction.support.AbstractPlatformTransactionManager.getTransaction(AbstractPlatformTransactionManager.java:405)
	at org.springframework.transaction.interceptor.TransactionAspectSupport.createTransactionIfNecessary(TransactionAspectSupport.java:617)
	at org.springframework.transaction.interceptor.TransactionAspectSupport.invokeWithinTransaction(TransactionAspectSupport.java:386)
	at org.springframework.transaction.interceptor.TransactionInterceptor.invoke(TransactionInterceptor.java:119)
	at org.springframework.aop.framework.ReflectiveMethodInvocation.proceed(ReflectiveMethodInvocation.java:184)
	at org.springframework.aop.framework.CglibAopProxy$DynamicAdvisedInterceptor.intercept(CglibAopProxy.java:720)
	at com.example.item.ItemService$$SpringCGLIB$$0.listActiveItemsByUnit(<generated>)
	at com.example.item.ItemController.listItemsByUnit(ItemController.java:31)
	at java.base/jdk.internal.reflect.DirectMethodHandleAccessor.invoke(DirectMethodHandleAccessor.java:103)
	at java.base/java.lang.reflect.Method.invoke(Method.java:580)
	... 48 more
Caused by: org.hibernate.exception.JDBCConnectionException: Unable to acquire JDBC Connection [itembank-pool - Connection is not available, request timed out after 3000ms (total=5, active=5, idle=0, waiting=2)] [n/a]
	at org.hibernate.exception.internal.SQLStateConversionDelegate.convert(SQLStateConversionDelegate.java:100)
	at org.hibernate.exception.internal.StandardSQLExceptionConverter.convert(StandardSQLExceptionConverter.java:58)
	at org.hibernate.engine.jdbc.spi.SqlExceptionHelper.convert(SqlExceptionHelper.java:108)
	at org.hibernate.resource.jdbc.internal.LogicalConnectionManagedImpl.acquireConnectionIfNeeded(LogicalConnectionManagedImpl.java:116)
	at org.hibernate.resource.jdbc.internal.LogicalConnectionManagedImpl.getPhysicalConnection(LogicalConnectionManagedImpl.java:143)
	at org.springframework.orm.jpa.vendor.HibernateJpaDialect.beginTransaction(HibernateJpaDialect.java:164)
	at org.springframework.orm.jpa.JpaTransactionManager.doBegin(JpaTransactionManager.java:420)
	... 58 common frames omitted
Caused by: java.sql.SQLTransientConnectionException: itembank-pool - Connection is not available, request timed out after 3000ms (total=5, active=5, idle=0, waiting=2)
	at com.zaxxer.hikari.pool.HikariPool.createTimeoutException(HikariPool.java:686)
	at com.zaxxer.hikari.pool.HikariPool.getConnection(HikariPool.java:179)
	at com.zaxxer.hikari.pool.HikariPool.getConnection(HikariPool.java:144)
	at com.zaxxer.hikari.HikariDataSource.getConnection(HikariDataSource.java:127)
	at org.hibernate.engine.jdbc.connections.internal.DatasourceConnectionProviderImpl.getConnection(DatasourceConnectionProviderImpl.java:122)
	at org.hibernate.internal.NonContextualJdbcConnectionAccess.obtainConnection(NonContextualJdbcConnectionAccess.java:46)
	at org.hibernate.resource.jdbc.internal.LogicalConnectionManagedImpl.acquireConnectionIfNeeded(LogicalConnectionManagedImpl.java:113)
	... 65 common frames omitted
2026-09-16T14:49:06.843+09:00  INFO 1 --- [item-bank-api] [nio-8080-exec-8] com.example.assignment.ReportService     : built class report for class 1: 3 distributions, 10 submissions
2026-09-16T14:49:06.845+09:00  INFO 1 --- [item-bank-api] [nio-8080-exec-8] com.zaxxer.hikari.pool.ProxyLeakTask     : Previously reported leaked connection org.mariadb.jdbc.Connection@71d4b8e2 on thread http-nio-8080-exec-8 was returned to the pool (unleaked)
2026-09-16T14:49:06.888+09:00  INFO 1 --- [item-bank-api] [nio-8080-exec-3] com.example.assignment.ReportService     : built class report for class 3: 3 distributions, 10 submissions
2026-09-16T14:49:06.890+09:00  INFO 1 --- [item-bank-api] [nio-8080-exec-3] com.zaxxer.hikari.pool.ProxyLeakTask     : Previously reported leaked connection org.mariadb.jdbc.Connection@2ac19f07 on thread http-nio-8080-exec-3 was returned to the pool (unleaked)
2026-09-16T14:49:07.548+09:00  WARN 1 --- [item-bank-api] [ool housekeeper] com.zaxxer.hikari.pool.ProxyLeakTask     : Connection leak detection triggered for org.mariadb.jdbc.Connection@5b0e9e0c on thread http-nio-8080-exec-2, stack trace follows
java.lang.Exception: Apparent connection leak detected
	at com.zaxxer.hikari.HikariDataSource.getConnection(HikariDataSource.java:127)
	at org.hibernate.engine.jdbc.connections.internal.DatasourceConnectionProviderImpl.getConnection(DatasourceConnectionProviderImpl.java:122)
	at org.hibernate.internal.NonContextualJdbcConnectionAccess.obtainConnection(NonContextualJdbcConnectionAccess.java:46)
	at org.hibernate.resource.jdbc.internal.LogicalConnectionManagedImpl.acquireConnectionIfNeeded(LogicalConnectionManagedImpl.java:113)
	at org.springframework.orm.jpa.vendor.HibernateJpaDialect.beginTransaction(HibernateJpaDialect.java:164)
	at org.springframework.orm.jpa.JpaTransactionManager.doBegin(JpaTransactionManager.java:420)
	at org.springframework.transaction.interceptor.TransactionAspectSupport.invokeWithinTransaction(TransactionAspectSupport.java:386)
	at org.springframework.transaction.interceptor.TransactionInterceptor.invoke(TransactionInterceptor.java:119)
	at com.example.assignment.ReportService$$SpringCGLIB$$0.buildClassReport(<generated>)
	at com.example.assignment.ReportController.classReport(ReportController.java:22)
	at java.base/jdk.internal.reflect.DirectMethodHandleAccessor.invoke(DirectMethodHandleAccessor.java:103)
	at java.base/java.lang.reflect.Method.invoke(Method.java:580)
	at org.springframework.web.method.support.InvocableHandlerMethod.doInvoke(InvocableHandlerMethod.java:255)
2026-09-16T14:49:09.041+09:00  WARN 1 --- [item-bank-api] [ool housekeeper] com.zaxxer.hikari.pool.ProxyLeakTask     : Connection leak detection triggered for org.mariadb.jdbc.Connection@6e8f14d3 on thread http-nio-8080-exec-4, stack trace follows
java.lang.Exception: Apparent connection leak detected
	at com.zaxxer.hikari.HikariDataSource.getConnection(HikariDataSource.java:127)
	at org.hibernate.engine.jdbc.connections.internal.DatasourceConnectionProviderImpl.getConnection(DatasourceConnectionProviderImpl.java:122)
	at org.hibernate.internal.NonContextualJdbcConnectionAccess.obtainConnection(NonContextualJdbcConnectionAccess.java:46)
	at org.hibernate.resource.jdbc.internal.LogicalConnectionManagedImpl.acquireConnectionIfNeeded(LogicalConnectionManagedImpl.java:113)
	at org.springframework.orm.jpa.vendor.HibernateJpaDialect.beginTransaction(HibernateJpaDialect.java:164)
	at org.springframework.orm.jpa.JpaTransactionManager.doBegin(JpaTransactionManager.java:420)
	at org.springframework.transaction.interceptor.TransactionAspectSupport.invokeWithinTransaction(TransactionAspectSupport.java:386)
	at org.springframework.transaction.interceptor.TransactionInterceptor.invoke(TransactionInterceptor.java:119)
	at com.example.assignment.ReportService$$SpringCGLIB$$0.buildClassReport(<generated>)
	at com.example.assignment.ReportController.classReport(ReportController.java:22)
	at java.base/jdk.internal.reflect.DirectMethodHandleAccessor.invoke(DirectMethodHandleAccessor.java:103)
	at java.base/java.lang.reflect.Method.invoke(Method.java:580)
	at org.springframework.web.method.support.InvocableHandlerMethod.doInvoke(InvocableHandlerMethod.java:255)
2026-09-16T14:49:12.360+09:00  WARN 1 --- [item-bank-api] [ool housekeeper] com.zaxxer.hikari.pool.ProxyLeakTask     : Connection leak detection triggered for org.mariadb.jdbc.Connection@3f6c2a91 on thread http-nio-8080-exec-5, stack trace follows
java.lang.Exception: Apparent connection leak detected
	at com.zaxxer.hikari.HikariDataSource.getConnection(HikariDataSource.java:127)
	at org.hibernate.engine.jdbc.connections.internal.DatasourceConnectionProviderImpl.getConnection(DatasourceConnectionProviderImpl.java:122)
	at org.hibernate.internal.NonContextualJdbcConnectionAccess.obtainConnection(NonContextualJdbcConnectionAccess.java:46)
	at org.hibernate.resource.jdbc.internal.LogicalConnectionManagedImpl.acquireConnectionIfNeeded(LogicalConnectionManagedImpl.java:113)
	at org.springframework.orm.jpa.vendor.HibernateJpaDialect.beginTransaction(HibernateJpaDialect.java:164)
	at org.springframework.orm.jpa.JpaTransactionManager.doBegin(JpaTransactionManager.java:420)
	at org.springframework.transaction.interceptor.TransactionAspectSupport.invokeWithinTransaction(TransactionAspectSupport.java:386)
	at org.springframework.transaction.interceptor.TransactionInterceptor.invoke(TransactionInterceptor.java:119)
	at com.example.assignment.ReportService$$SpringCGLIB$$0.buildClassReport(<generated>)
	at com.example.assignment.ReportController.classReport(ReportController.java:22)
	at java.base/jdk.internal.reflect.DirectMethodHandleAccessor.invoke(DirectMethodHandleAccessor.java:103)
	at java.base/java.lang.reflect.Method.invoke(Method.java:580)
	at org.springframework.web.method.support.InvocableHandlerMethod.doInvoke(InvocableHandlerMethod.java:255)
2026-09-16T14:49:18.792+09:00  INFO 1 --- [item-bank-api] [nio-8080-exec-2] com.example.assignment.ReportService     : built class report for class 3: 3 distributions, 10 submissions
2026-09-16T14:49:18.794+09:00  INFO 1 --- [item-bank-api] [nio-8080-exec-2] com.zaxxer.hikari.pool.ProxyLeakTask     : Previously reported leaked connection org.mariadb.jdbc.Connection@5b0e9e0c on thread http-nio-8080-exec-2 was returned to the pool (unleaked)
2026-09-16T14:49:20.211+09:00  INFO 1 --- [item-bank-api] [nio-8080-exec-4] com.example.assignment.ReportService     : built class report for class 2: 3 distributions, 10 submissions
2026-09-16T14:49:20.213+09:00  INFO 1 --- [item-bank-api] [nio-8080-exec-4] com.zaxxer.hikari.pool.ProxyLeakTask     : Previously reported leaked connection org.mariadb.jdbc.Connection@6e8f14d3 on thread http-nio-8080-exec-4 was returned to the pool (unleaked)
2026-09-16T14:49:22.604+09:00  INFO 1 --- [item-bank-api] [nio-8080-exec-5] com.example.assignment.ReportService     : built class report for class 1: 3 distributions, 10 submissions
2026-09-16T14:49:22.606+09:00  INFO 1 --- [item-bank-api] [nio-8080-exec-5] com.zaxxer.hikari.pool.ProxyLeakTask     : Previously reported leaked connection org.mariadb.jdbc.Connection@3f6c2a91 on thread http-nio-8080-exec-5 was returned to the pool (unleaked)
2026-09-16T14:49:48.049+09:00  INFO 1 --- [item-bank-api] [nio-8080-exec-5] c.example.common.GlobalExceptionHandler  : no handler for /favicon.ico
2026-09-16T14:49:49.189+09:00  WARN 1 --- [item-bank-api] [ool housekeeper] com.zaxxer.hikari.pool.ProxyLeakTask     : Connection leak detection triggered for org.mariadb.jdbc.Connection@3f6c2a91 on thread http-nio-8080-exec-4, stack trace follows
java.lang.Exception: Apparent connection leak detected
	at com.zaxxer.hikari.HikariDataSource.getConnection(HikariDataSource.java:127)
	at org.hibernate.engine.jdbc.connections.internal.DatasourceConnectionProviderImpl.getConnection(DatasourceConnectionProviderImpl.java:122)
	at org.hibernate.internal.NonContextualJdbcConnectionAccess.obtainConnection(NonContextualJdbcConnectionAccess.java:46)
	at org.hibernate.resource.jdbc.internal.LogicalConnectionManagedImpl.acquireConnectionIfNeeded(LogicalConnectionManagedImpl.java:113)
	at org.springframework.orm.jpa.vendor.HibernateJpaDialect.beginTransaction(HibernateJpaDialect.java:164)
	at org.springframework.orm.jpa.JpaTransactionManager.doBegin(JpaTransactionManager.java:420)
	at org.springframework.transaction.interceptor.TransactionAspectSupport.invokeWithinTransaction(TransactionAspectSupport.java:386)
	at org.springframework.transaction.interceptor.TransactionInterceptor.invoke(TransactionInterceptor.java:119)
	at com.example.assignment.ReportService$$SpringCGLIB$$0.buildClassReport(<generated>)
	at com.example.assignment.ReportController.classReport(ReportController.java:22)
	at java.base/jdk.internal.reflect.DirectMethodHandleAccessor.invoke(DirectMethodHandleAccessor.java:103)
	at java.base/java.lang.reflect.Method.invoke(Method.java:580)
	at org.springframework.web.method.support.InvocableHandlerMethod.doInvoke(InvocableHandlerMethod.java:255)
2026-09-16T14:49:50.045+09:00  WARN 1 --- [item-bank-api] [ool housekeeper] com.zaxxer.hikari.pool.ProxyLeakTask     : Connection leak detection triggered for org.mariadb.jdbc.Connection@71d4b8e2 on thread http-nio-8080-exec-10, stack trace follows
java.lang.Exception: Apparent connection leak detected
	at com.zaxxer.hikari.HikariDataSource.getConnection(HikariDataSource.java:127)
	at org.hibernate.engine.jdbc.connections.internal.DatasourceConnectionProviderImpl.getConnection(DatasourceConnectionProviderImpl.java:122)
	at org.hibernate.internal.NonContextualJdbcConnectionAccess.obtainConnection(NonContextualJdbcConnectionAccess.java:46)
	at org.hibernate.resource.jdbc.internal.LogicalConnectionManagedImpl.acquireConnectionIfNeeded(LogicalConnectionManagedImpl.java:113)
	at org.springframework.orm.jpa.vendor.HibernateJpaDialect.beginTransaction(HibernateJpaDialect.java:164)
	at org.springframework.orm.jpa.JpaTransactionManager.doBegin(JpaTransactionManager.java:420)
	at org.springframework.transaction.interceptor.TransactionAspectSupport.invokeWithinTransaction(TransactionAspectSupport.java:386)
	at org.springframework.transaction.interceptor.TransactionInterceptor.invoke(TransactionInterceptor.java:119)
	at com.example.assignment.ReportService$$SpringCGLIB$$0.buildClassReport(<generated>)
	at com.example.assignment.ReportController.classReport(ReportController.java:22)
	at java.base/jdk.internal.reflect.DirectMethodHandleAccessor.invoke(DirectMethodHandleAccessor.java:103)
	at java.base/java.lang.reflect.Method.invoke(Method.java:580)
	at org.springframework.web.method.support.InvocableHandlerMethod.doInvoke(InvocableHandlerMethod.java:255)
2026-09-16T14:49:51.586+09:00  WARN 1 --- [item-bank-api] [ool housekeeper] com.zaxxer.hikari.pool.ProxyLeakTask     : Connection leak detection triggered for org.mariadb.jdbc.Connection@2ac19f07 on thread http-nio-8080-exec-7, stack trace follows
java.lang.Exception: Apparent connection leak detected
	at com.zaxxer.hikari.HikariDataSource.getConnection(HikariDataSource.java:127)
	at org.hibernate.engine.jdbc.connections.internal.DatasourceConnectionProviderImpl.getConnection(DatasourceConnectionProviderImpl.java:122)
	at org.hibernate.internal.NonContextualJdbcConnectionAccess.obtainConnection(NonContextualJdbcConnectionAccess.java:46)
	at org.hibernate.resource.jdbc.internal.LogicalConnectionManagedImpl.acquireConnectionIfNeeded(LogicalConnectionManagedImpl.java:113)
	at org.springframework.orm.jpa.vendor.HibernateJpaDialect.beginTransaction(HibernateJpaDialect.java:164)
	at org.springframework.orm.jpa.JpaTransactionManager.doBegin(JpaTransactionManager.java:420)
	at org.springframework.transaction.interceptor.TransactionAspectSupport.invokeWithinTransaction(TransactionAspectSupport.java:386)
	at org.springframework.transaction.interceptor.TransactionInterceptor.invoke(TransactionInterceptor.java:119)
	at com.example.assignment.ReportService$$SpringCGLIB$$0.buildClassReport(<generated>)
	at com.example.assignment.ReportController.classReport(ReportController.java:22)
	at java.base/jdk.internal.reflect.DirectMethodHandleAccessor.invoke(DirectMethodHandleAccessor.java:103)
	at java.base/java.lang.reflect.Method.invoke(Method.java:580)
	at org.springframework.web.method.support.InvocableHandlerMethod.doInvoke(InvocableHandlerMethod.java:255)
2026-09-16T14:49:55.247+09:00  WARN 1 --- [item-bank-api] [ool housekeeper] com.zaxxer.hikari.pool.ProxyLeakTask     : Connection leak detection triggered for org.mariadb.jdbc.Connection@5b0e9e0c on thread http-nio-8080-exec-2, stack trace follows
java.lang.Exception: Apparent connection leak detected
	at com.zaxxer.hikari.HikariDataSource.getConnection(HikariDataSource.java:127)
	at org.hibernate.engine.jdbc.connections.internal.DatasourceConnectionProviderImpl.getConnection(DatasourceConnectionProviderImpl.java:122)
	at org.hibernate.internal.NonContextualJdbcConnectionAccess.obtainConnection(NonContextualJdbcConnectionAccess.java:46)
	at org.hibernate.resource.jdbc.internal.LogicalConnectionManagedImpl.acquireConnectionIfNeeded(LogicalConnectionManagedImpl.java:113)
	at org.springframework.orm.jpa.vendor.HibernateJpaDialect.beginTransaction(HibernateJpaDialect.java:164)
	at org.springframework.orm.jpa.JpaTransactionManager.doBegin(JpaTransactionManager.java:420)
	at org.springframework.transaction.interceptor.TransactionAspectSupport.invokeWithinTransaction(TransactionAspectSupport.java:386)
	at org.springframework.transaction.interceptor.TransactionInterceptor.invoke(TransactionInterceptor.java:119)
	at com.example.assignment.ReportService$$SpringCGLIB$$0.buildClassReport(<generated>)
	at com.example.assignment.ReportController.classReport(ReportController.java:22)
	at java.base/jdk.internal.reflect.DirectMethodHandleAccessor.invoke(DirectMethodHandleAccessor.java:103)
	at java.base/java.lang.reflect.Method.invoke(Method.java:580)
	at org.springframework.web.method.support.InvocableHandlerMethod.doInvoke(InvocableHandlerMethod.java:255)
2026-09-16T14:49:57.303+09:00  INFO 1 --- [item-bank-api] [io-8080-exec-10] com.example.assignment.ReportService     : built class report for class 2: 3 distributions, 10 submissions
2026-09-16T14:49:57.305+09:00  INFO 1 --- [item-bank-api] [io-8080-exec-10] com.zaxxer.hikari.pool.ProxyLeakTask     : Previously reported leaked connection org.mariadb.jdbc.Connection@71d4b8e2 on thread http-nio-8080-exec-10 was returned to the pool (unleaked)
2026-09-16T14:49:57.914+09:00  INFO 1 --- [item-bank-api] [nio-8080-exec-4] com.example.assignment.ReportService     : built class report for class 1: 3 distributions, 10 submissions
2026-09-16T14:49:57.916+09:00  INFO 1 --- [item-bank-api] [nio-8080-exec-4] com.zaxxer.hikari.pool.ProxyLeakTask     : Previously reported leaked connection org.mariadb.jdbc.Connection@3f6c2a91 on thread http-nio-8080-exec-4 was returned to the pool (unleaked)
2026-09-16T14:49:58.551+09:00  INFO 1 --- [item-bank-api] [nio-8080-exec-7] com.example.assignment.ReportService     : built class report for class 3: 3 distributions, 10 submissions
2026-09-16T14:49:58.553+09:00  INFO 1 --- [item-bank-api] [nio-8080-exec-7] com.zaxxer.hikari.pool.ProxyLeakTask     : Previously reported leaked connection org.mariadb.jdbc.Connection@2ac19f07 on thread http-nio-8080-exec-7 was returned to the pool (unleaked)
2026-09-16T14:49:59.520+09:00  WARN 1 --- [item-bank-api] [ool housekeeper] com.zaxxer.hikari.pool.ProxyLeakTask     : Connection leak detection triggered for org.mariadb.jdbc.Connection@6e8f14d3 on thread http-nio-8080-exec-1, stack trace follows
java.lang.Exception: Apparent connection leak detected
	at com.zaxxer.hikari.HikariDataSource.getConnection(HikariDataSource.java:127)
	at org.hibernate.engine.jdbc.connections.internal.DatasourceConnectionProviderImpl.getConnection(DatasourceConnectionProviderImpl.java:122)
	at org.hibernate.internal.NonContextualJdbcConnectionAccess.obtainConnection(NonContextualJdbcConnectionAccess.java:46)
	at org.hibernate.resource.jdbc.internal.LogicalConnectionManagedImpl.acquireConnectionIfNeeded(LogicalConnectionManagedImpl.java:113)
	at org.springframework.orm.jpa.vendor.HibernateJpaDialect.beginTransaction(HibernateJpaDialect.java:164)
	at org.springframework.orm.jpa.JpaTransactionManager.doBegin(JpaTransactionManager.java:420)
	at org.springframework.transaction.interceptor.TransactionAspectSupport.invokeWithinTransaction(TransactionAspectSupport.java:386)
	at org.springframework.transaction.interceptor.TransactionInterceptor.invoke(TransactionInterceptor.java:119)
	at com.example.assignment.ReportService$$SpringCGLIB$$0.buildClassReport(<generated>)
	at com.example.assignment.ReportController.classReport(ReportController.java:22)
	at java.base/jdk.internal.reflect.DirectMethodHandleAccessor.invoke(DirectMethodHandleAccessor.java:103)
	at java.base/java.lang.reflect.Method.invoke(Method.java:580)
	at org.springframework.web.method.support.InvocableHandlerMethod.doInvoke(InvocableHandlerMethod.java:255)
2026-09-16T14:50:06.719+09:00  INFO 1 --- [item-bank-api] [nio-8080-exec-2] com.example.assignment.ReportService     : built class report for class 3: 3 distributions, 10 submissions
2026-09-16T14:50:06.721+09:00  INFO 1 --- [item-bank-api] [nio-8080-exec-2] com.zaxxer.hikari.pool.ProxyLeakTask     : Previously reported leaked connection org.mariadb.jdbc.Connection@5b0e9e0c on thread http-nio-8080-exec-2 was returned to the pool (unleaked)
2026-09-16T14:50:06.950+09:00  INFO 1 --- [item-bank-api] [nio-8080-exec-1] com.example.assignment.ReportService     : built class report for class 1: 3 distributions, 10 submissions
2026-09-16T14:50:06.952+09:00  INFO 1 --- [item-bank-api] [nio-8080-exec-1] com.zaxxer.hikari.pool.ProxyLeakTask     : Previously reported leaked connection org.mariadb.jdbc.Connection@6e8f14d3 on thread http-nio-8080-exec-1 was returned to the pool (unleaked)
2026-09-16T14:50:07.720+09:00  WARN 1 --- [item-bank-api] [ool housekeeper] com.zaxxer.hikari.pool.ProxyLeakTask     : Connection leak detection triggered for org.mariadb.jdbc.Connection@71d4b8e2 on thread http-nio-8080-exec-10, stack trace follows
java.lang.Exception: Apparent connection leak detected
	at com.zaxxer.hikari.HikariDataSource.getConnection(HikariDataSource.java:127)
	at org.hibernate.engine.jdbc.connections.internal.DatasourceConnectionProviderImpl.getConnection(DatasourceConnectionProviderImpl.java:122)
	at org.hibernate.internal.NonContextualJdbcConnectionAccess.obtainConnection(NonContextualJdbcConnectionAccess.java:46)
	at org.hibernate.resource.jdbc.internal.LogicalConnectionManagedImpl.acquireConnectionIfNeeded(LogicalConnectionManagedImpl.java:113)
	at org.springframework.orm.jpa.vendor.HibernateJpaDialect.beginTransaction(HibernateJpaDialect.java:164)
	at org.springframework.orm.jpa.JpaTransactionManager.doBegin(JpaTransactionManager.java:420)
	at org.springframework.transaction.interceptor.TransactionAspectSupport.invokeWithinTransaction(TransactionAspectSupport.java:386)
	at org.springframework.transaction.interceptor.TransactionInterceptor.invoke(TransactionInterceptor.java:119)
	at com.example.assignment.ReportService$$SpringCGLIB$$0.buildClassReport(<generated>)
	at com.example.assignment.ReportController.classReport(ReportController.java:22)
	at java.base/jdk.internal.reflect.DirectMethodHandleAccessor.invoke(DirectMethodHandleAccessor.java:103)
	at java.base/java.lang.reflect.Method.invoke(Method.java:580)
	at org.springframework.web.method.support.InvocableHandlerMethod.doInvoke(InvocableHandlerMethod.java:255)
2026-09-16T14:50:07.933+09:00  WARN 1 --- [item-bank-api] [ool housekeeper] com.zaxxer.hikari.pool.ProxyLeakTask     : Connection leak detection triggered for org.mariadb.jdbc.Connection@3f6c2a91 on thread http-nio-8080-exec-9, stack trace follows
java.lang.Exception: Apparent connection leak detected
	at com.zaxxer.hikari.HikariDataSource.getConnection(HikariDataSource.java:127)
	at org.hibernate.engine.jdbc.connections.internal.DatasourceConnectionProviderImpl.getConnection(DatasourceConnectionProviderImpl.java:122)
	at org.hibernate.internal.NonContextualJdbcConnectionAccess.obtainConnection(NonContextualJdbcConnectionAccess.java:46)
	at org.hibernate.resource.jdbc.internal.LogicalConnectionManagedImpl.acquireConnectionIfNeeded(LogicalConnectionManagedImpl.java:113)
	at org.springframework.orm.jpa.vendor.HibernateJpaDialect.beginTransaction(HibernateJpaDialect.java:164)
	at org.springframework.orm.jpa.JpaTransactionManager.doBegin(JpaTransactionManager.java:420)
	at org.springframework.transaction.interceptor.TransactionAspectSupport.invokeWithinTransaction(TransactionAspectSupport.java:386)
	at org.springframework.transaction.interceptor.TransactionInterceptor.invoke(TransactionInterceptor.java:119)
	at com.example.assignment.ReportService$$SpringCGLIB$$0.buildClassReport(<generated>)
	at com.example.assignment.ReportController.classReport(ReportController.java:22)
	at java.base/jdk.internal.reflect.DirectMethodHandleAccessor.invoke(DirectMethodHandleAccessor.java:103)
	at java.base/java.lang.reflect.Method.invoke(Method.java:580)
	at org.springframework.web.method.support.InvocableHandlerMethod.doInvoke(InvocableHandlerMethod.java:255)
2026-09-16T14:50:14.784+09:00  INFO 1 --- [item-bank-api] [nio-8080-exec-9] com.example.assignment.ReportService     : built class report for class 2: 3 distributions, 10 submissions
2026-09-16T14:50:14.786+09:00  INFO 1 --- [item-bank-api] [nio-8080-exec-9] com.zaxxer.hikari.pool.ProxyLeakTask     : Previously reported leaked connection org.mariadb.jdbc.Connection@3f6c2a91 on thread http-nio-8080-exec-9 was returned to the pool (unleaked)
2026-09-16T14:50:15.387+09:00  WARN 1 --- [item-bank-api] [ool housekeeper] com.zaxxer.hikari.pool.ProxyLeakTask     : Connection leak detection triggered for org.mariadb.jdbc.Connection@2ac19f07 on thread http-nio-8080-exec-3, stack trace follows
java.lang.Exception: Apparent connection leak detected
	at com.zaxxer.hikari.HikariDataSource.getConnection(HikariDataSource.java:127)
	at org.hibernate.engine.jdbc.connections.internal.DatasourceConnectionProviderImpl.getConnection(DatasourceConnectionProviderImpl.java:122)
	at org.hibernate.internal.NonContextualJdbcConnectionAccess.obtainConnection(NonContextualJdbcConnectionAccess.java:46)
	at org.hibernate.resource.jdbc.internal.LogicalConnectionManagedImpl.acquireConnectionIfNeeded(LogicalConnectionManagedImpl.java:113)
	at org.springframework.orm.jpa.vendor.HibernateJpaDialect.beginTransaction(HibernateJpaDialect.java:164)
	at org.springframework.orm.jpa.JpaTransactionManager.doBegin(JpaTransactionManager.java:420)
	at org.springframework.transaction.interceptor.TransactionAspectSupport.invokeWithinTransaction(TransactionAspectSupport.java:386)
	at org.springframework.transaction.interceptor.TransactionInterceptor.invoke(TransactionInterceptor.java:119)
	at com.example.assignment.ReportService$$SpringCGLIB$$0.buildClassReport(<generated>)
	at com.example.assignment.ReportController.classReport(ReportController.java:22)
	at java.base/jdk.internal.reflect.DirectMethodHandleAccessor.invoke(DirectMethodHandleAccessor.java:103)
	at java.base/java.lang.reflect.Method.invoke(Method.java:580)
	at org.springframework.web.method.support.InvocableHandlerMethod.doInvoke(InvocableHandlerMethod.java:255)
2026-09-16T14:50:16.171+09:00  INFO 1 --- [item-bank-api] [io-8080-exec-10] com.example.assignment.ReportService     : built class report for class 3: 3 distributions, 10 submissions
2026-09-16T14:50:16.173+09:00  INFO 1 --- [item-bank-api] [io-8080-exec-10] com.zaxxer.hikari.pool.ProxyLeakTask     : Previously reported leaked connection org.mariadb.jdbc.Connection@71d4b8e2 on thread http-nio-8080-exec-10 was returned to the pool (unleaked)
2026-09-16T14:50:20.057+09:00  WARN 1 --- [item-bank-api] [ool housekeeper] com.zaxxer.hikari.pool.ProxyLeakTask     : Connection leak detection triggered for org.mariadb.jdbc.Connection@5b0e9e0c on thread http-nio-8080-exec-1, stack trace follows
java.lang.Exception: Apparent connection leak detected
	at com.zaxxer.hikari.HikariDataSource.getConnection(HikariDataSource.java:127)
	at org.hibernate.engine.jdbc.connections.internal.DatasourceConnectionProviderImpl.getConnection(DatasourceConnectionProviderImpl.java:122)
	at org.hibernate.internal.NonContextualJdbcConnectionAccess.obtainConnection(NonContextualJdbcConnectionAccess.java:46)
	at org.hibernate.resource.jdbc.internal.LogicalConnectionManagedImpl.acquireConnectionIfNeeded(LogicalConnectionManagedImpl.java:113)
	at org.springframework.orm.jpa.vendor.HibernateJpaDialect.beginTransaction(HibernateJpaDialect.java:164)
	at org.springframework.orm.jpa.JpaTransactionManager.doBegin(JpaTransactionManager.java:420)
	at org.springframework.transaction.interceptor.TransactionAspectSupport.invokeWithinTransaction(TransactionAspectSupport.java:386)
	at org.springframework.transaction.interceptor.TransactionInterceptor.invoke(TransactionInterceptor.java:119)
	at com.example.assignment.ReportService$$SpringCGLIB$$0.buildClassReport(<generated>)
	at com.example.assignment.ReportController.classReport(ReportController.java:22)
	at java.base/jdk.internal.reflect.DirectMethodHandleAccessor.invoke(DirectMethodHandleAccessor.java:103)
	at java.base/java.lang.reflect.Method.invoke(Method.java:580)
	at org.springframework.web.method.support.InvocableHandlerMethod.doInvoke(InvocableHandlerMethod.java:255)
2026-09-16T14:50:22.548+09:00  INFO 1 --- [item-bank-api] [nio-8080-exec-6] c.example.common.GlobalExceptionHandler  : no handler for /api/item/12
2026-09-16T14:50:25.690+09:00  INFO 1 --- [item-bank-api] [nio-8080-exec-3] com.example.assignment.ReportService     : built class report for class 3: 3 distributions, 10 submissions
2026-09-16T14:50:25.692+09:00  INFO 1 --- [item-bank-api] [nio-8080-exec-3] com.zaxxer.hikari.pool.ProxyLeakTask     : Previously reported leaked connection org.mariadb.jdbc.Connection@2ac19f07 on thread http-nio-8080-exec-3 was returned to the pool (unleaked)
2026-09-16T14:50:27.089+09:00  WARN 1 --- [item-bank-api] [ool housekeeper] com.zaxxer.hikari.pool.ProxyLeakTask     : Connection leak detection triggered for org.mariadb.jdbc.Connection@6e8f14d3 on thread http-nio-8080-exec-8, stack trace follows
java.lang.Exception: Apparent connection leak detected
	at com.zaxxer.hikari.HikariDataSource.getConnection(HikariDataSource.java:127)
	at org.hibernate.engine.jdbc.connections.internal.DatasourceConnectionProviderImpl.getConnection(DatasourceConnectionProviderImpl.java:122)
	at org.hibernate.internal.NonContextualJdbcConnectionAccess.obtainConnection(NonContextualJdbcConnectionAccess.java:46)
	at org.hibernate.resource.jdbc.internal.LogicalConnectionManagedImpl.acquireConnectionIfNeeded(LogicalConnectionManagedImpl.java:113)
	at org.springframework.orm.jpa.vendor.HibernateJpaDialect.beginTransaction(HibernateJpaDialect.java:164)
	at org.springframework.orm.jpa.JpaTransactionManager.doBegin(JpaTransactionManager.java:420)
	at org.springframework.transaction.interceptor.TransactionAspectSupport.invokeWithinTransaction(TransactionAspectSupport.java:386)
	at org.springframework.transaction.interceptor.TransactionInterceptor.invoke(TransactionInterceptor.java:119)
	at com.example.assignment.ReportService$$SpringCGLIB$$0.buildClassReport(<generated>)
	at com.example.assignment.ReportController.classReport(ReportController.java:22)
	at java.base/jdk.internal.reflect.DirectMethodHandleAccessor.invoke(DirectMethodHandleAccessor.java:103)
	at java.base/java.lang.reflect.Method.invoke(Method.java:580)
	at org.springframework.web.method.support.InvocableHandlerMethod.doInvoke(InvocableHandlerMethod.java:255)
2026-09-16T14:50:29.027+09:00  INFO 1 --- [item-bank-api] [nio-8080-exec-1] com.example.assignment.ReportService     : built class report for class 1: 3 distributions, 10 submissions
2026-09-16T14:50:29.029+09:00  INFO 1 --- [item-bank-api] [nio-8080-exec-1] com.zaxxer.hikari.pool.ProxyLeakTask     : Previously reported leaked connection org.mariadb.jdbc.Connection@5b0e9e0c on thread http-nio-8080-exec-1 was returned to the pool (unleaked)
2026-09-16T14:50:34.620+09:00  WARN 1 --- [item-bank-api] [ool housekeeper] com.zaxxer.hikari.pool.ProxyLeakTask     : Connection leak detection triggered for org.mariadb.jdbc.Connection@71d4b8e2 on thread http-nio-8080-exec-7, stack trace follows
java.lang.Exception: Apparent connection leak detected
	at com.zaxxer.hikari.HikariDataSource.getConnection(HikariDataSource.java:127)
	at org.hibernate.engine.jdbc.connections.internal.DatasourceConnectionProviderImpl.getConnection(DatasourceConnectionProviderImpl.java:122)
	at org.hibernate.internal.NonContextualJdbcConnectionAccess.obtainConnection(NonContextualJdbcConnectionAccess.java:46)
	at org.hibernate.resource.jdbc.internal.LogicalConnectionManagedImpl.acquireConnectionIfNeeded(LogicalConnectionManagedImpl.java:113)
	at org.springframework.orm.jpa.vendor.HibernateJpaDialect.beginTransaction(HibernateJpaDialect.java:164)
	at org.springframework.orm.jpa.JpaTransactionManager.doBegin(JpaTransactionManager.java:420)
	at org.springframework.transaction.interceptor.TransactionAspectSupport.invokeWithinTransaction(TransactionAspectSupport.java:386)
	at org.springframework.transaction.interceptor.TransactionInterceptor.invoke(TransactionInterceptor.java:119)
	at com.example.assignment.ReportService$$SpringCGLIB$$0.buildClassReport(<generated>)
	at com.example.assignment.ReportController.classReport(ReportController.java:22)
	at java.base/jdk.internal.reflect.DirectMethodHandleAccessor.invoke(DirectMethodHandleAccessor.java:103)
	at java.base/java.lang.reflect.Method.invoke(Method.java:580)
	at org.springframework.web.method.support.InvocableHandlerMethod.doInvoke(InvocableHandlerMethod.java:255)
2026-09-16T14:50:36.976+09:00  INFO 1 --- [item-bank-api] [nio-8080-exec-8] com.example.assignment.ReportService     : built class report for class 3: 3 distributions, 10 submissions
2026-09-16T14:50:36.978+09:00  INFO 1 --- [item-bank-api] [nio-8080-exec-8] com.zaxxer.hikari.pool.ProxyLeakTask     : Previously reported leaked connection org.mariadb.jdbc.Connection@6e8f14d3 on thread http-nio-8080-exec-8 was returned to the pool (unleaked)
2026-09-16T14:50:37.971+09:00  WARN 1 --- [item-bank-api] [ool housekeeper] com.zaxxer.hikari.pool.ProxyLeakTask     : Connection leak detection triggered for org.mariadb.jdbc.Connection@3f6c2a91 on thread http-nio-8080-exec-2, stack trace follows
java.lang.Exception: Apparent connection leak detected
	at com.zaxxer.hikari.HikariDataSource.getConnection(HikariDataSource.java:127)
	at org.hibernate.engine.jdbc.connections.internal.DatasourceConnectionProviderImpl.getConnection(DatasourceConnectionProviderImpl.java:122)
	at org.hibernate.internal.NonContextualJdbcConnectionAccess.obtainConnection(NonContextualJdbcConnectionAccess.java:46)
	at org.hibernate.resource.jdbc.internal.LogicalConnectionManagedImpl.acquireConnectionIfNeeded(LogicalConnectionManagedImpl.java:113)
	at org.springframework.orm.jpa.vendor.HibernateJpaDialect.beginTransaction(HibernateJpaDialect.java:164)
	at org.springframework.orm.jpa.JpaTransactionManager.doBegin(JpaTransactionManager.java:420)
	at org.springframework.transaction.interceptor.TransactionAspectSupport.invokeWithinTransaction(TransactionAspectSupport.java:386)
	at org.springframework.transaction.interceptor.TransactionInterceptor.invoke(TransactionInterceptor.java:119)
	at com.example.assignment.ReportService$$SpringCGLIB$$0.buildClassReport(<generated>)
	at com.example.assignment.ReportController.classReport(ReportController.java:22)
	at java.base/jdk.internal.reflect.DirectMethodHandleAccessor.invoke(DirectMethodHandleAccessor.java:103)
	at java.base/java.lang.reflect.Method.invoke(Method.java:580)
	at org.springframework.web.method.support.InvocableHandlerMethod.doInvoke(InvocableHandlerMethod.java:255)
2026-09-16T14:50:43.039+09:00  INFO 1 --- [item-bank-api] [nio-8080-exec-7] com.example.assignment.ReportService     : built class report for class 3: 3 distributions, 10 submissions
2026-09-16T14:50:43.041+09:00  INFO 1 --- [item-bank-api] [nio-8080-exec-7] com.zaxxer.hikari.pool.ProxyLeakTask     : Previously reported leaked connection org.mariadb.jdbc.Connection@71d4b8e2 on thread http-nio-8080-exec-7 was returned to the pool (unleaked)
2026-09-16T14:50:44.367+09:00  WARN 1 --- [item-bank-api] [ool housekeeper] com.zaxxer.hikari.pool.ProxyLeakTask     : Connection leak detection triggered for org.mariadb.jdbc.Connection@2ac19f07 on thread http-nio-8080-exec-6, stack trace follows
java.lang.Exception: Apparent connection leak detected
	at com.zaxxer.hikari.HikariDataSource.getConnection(HikariDataSource.java:127)
	at org.hibernate.engine.jdbc.connections.internal.DatasourceConnectionProviderImpl.getConnection(DatasourceConnectionProviderImpl.java:122)
	at org.hibernate.internal.NonContextualJdbcConnectionAccess.obtainConnection(NonContextualJdbcConnectionAccess.java:46)
	at org.hibernate.resource.jdbc.internal.LogicalConnectionManagedImpl.acquireConnectionIfNeeded(LogicalConnectionManagedImpl.java:113)
	at org.springframework.orm.jpa.vendor.HibernateJpaDialect.beginTransaction(HibernateJpaDialect.java:164)
	at org.springframework.orm.jpa.JpaTransactionManager.doBegin(JpaTransactionManager.java:420)
	at org.springframework.transaction.interceptor.TransactionAspectSupport.invokeWithinTransaction(TransactionAspectSupport.java:386)
	at org.springframework.transaction.interceptor.TransactionInterceptor.invoke(TransactionInterceptor.java:119)
	at com.example.assignment.ReportService$$SpringCGLIB$$0.buildClassReport(<generated>)
	at com.example.assignment.ReportController.classReport(ReportController.java:22)
	at java.base/jdk.internal.reflect.DirectMethodHandleAccessor.invoke(DirectMethodHandleAccessor.java:103)
	at java.base/java.lang.reflect.Method.invoke(Method.java:580)
	at org.springframework.web.method.support.InvocableHandlerMethod.doInvoke(InvocableHandlerMethod.java:255)
2026-09-16T14:50:44.528+09:00  INFO 1 --- [item-bank-api] [io-8080-exec-10] c.example.common.GlobalExceptionHandler  : not found: 문항이 없습니다: id=34 (/api/items/34)
2026-09-16T14:50:44.750+09:00  INFO 1 --- [item-bank-api] [nio-8080-exec-5] c.example.common.GlobalExceptionHandler  : no handler for /api/item/12
2026-09-16T14:50:46.094+09:00  INFO 1 --- [item-bank-api] [nio-8080-exec-2] com.example.assignment.ReportService     : built class report for class 1: 3 distributions, 10 submissions
2026-09-16T14:50:46.096+09:00  INFO 1 --- [item-bank-api] [nio-8080-exec-2] com.zaxxer.hikari.pool.ProxyLeakTask     : Previously reported leaked connection org.mariadb.jdbc.Connection@3f6c2a91 on thread http-nio-8080-exec-2 was returned to the pool (unleaked)
2026-09-16T14:50:52.392+09:00  INFO 1 --- [item-bank-api] [nio-8080-exec-6] com.example.assignment.ReportService     : built class report for class 3: 3 distributions, 10 submissions
2026-09-16T14:50:52.394+09:00  INFO 1 --- [item-bank-api] [nio-8080-exec-6] com.zaxxer.hikari.pool.ProxyLeakTask     : Previously reported leaked connection org.mariadb.jdbc.Connection@2ac19f07 on thread http-nio-8080-exec-6 was returned to the pool (unleaked)
2026-09-16T14:50:53.375+09:00  INFO 1 --- [item-bank-api] [nio-8080-exec-1] c.example.common.GlobalExceptionHandler  : no handler for /robots.txt
2026-09-16T14:50:56.335+09:00  WARN 1 --- [item-bank-api] [ool housekeeper] com.zaxxer.hikari.pool.ProxyLeakTask     : Connection leak detection triggered for org.mariadb.jdbc.Connection@6e8f14d3 on thread http-nio-8080-exec-8, stack trace follows
java.lang.Exception: Apparent connection leak detected
	at com.zaxxer.hikari.HikariDataSource.getConnection(HikariDataSource.java:127)
	at org.hibernate.engine.jdbc.connections.internal.DatasourceConnectionProviderImpl.getConnection(DatasourceConnectionProviderImpl.java:122)
	at org.hibernate.internal.NonContextualJdbcConnectionAccess.obtainConnection(NonContextualJdbcConnectionAccess.java:46)
	at org.hibernate.resource.jdbc.internal.LogicalConnectionManagedImpl.acquireConnectionIfNeeded(LogicalConnectionManagedImpl.java:113)
	at org.springframework.orm.jpa.vendor.HibernateJpaDialect.beginTransaction(HibernateJpaDialect.java:164)
	at org.springframework.orm.jpa.JpaTransactionManager.doBegin(JpaTransactionManager.java:420)
	at org.springframework.transaction.interceptor.TransactionAspectSupport.invokeWithinTransaction(TransactionAspectSupport.java:386)
	at org.springframework.transaction.interceptor.TransactionInterceptor.invoke(TransactionInterceptor.java:119)
	at com.example.assignment.ReportService$$SpringCGLIB$$0.buildClassReport(<generated>)
	at com.example.assignment.ReportController.classReport(ReportController.java:22)
	at java.base/jdk.internal.reflect.DirectMethodHandleAccessor.invoke(DirectMethodHandleAccessor.java:103)
	at java.base/java.lang.reflect.Method.invoke(Method.java:580)
	at org.springframework.web.method.support.InvocableHandlerMethod.doInvoke(InvocableHandlerMethod.java:255)
2026-09-16T14:51:01.882+09:00  WARN 1 --- [item-bank-api] [ool housekeeper] com.zaxxer.hikari.pool.ProxyLeakTask     : Connection leak detection triggered for org.mariadb.jdbc.Connection@3f6c2a91 on thread http-nio-8080-exec-5, stack trace follows
java.lang.Exception: Apparent connection leak detected
	at com.zaxxer.hikari.HikariDataSource.getConnection(HikariDataSource.java:127)
	at org.hibernate.engine.jdbc.connections.internal.DatasourceConnectionProviderImpl.getConnection(DatasourceConnectionProviderImpl.java:122)
	at org.hibernate.internal.NonContextualJdbcConnectionAccess.obtainConnection(NonContextualJdbcConnectionAccess.java:46)
	at org.hibernate.resource.jdbc.internal.LogicalConnectionManagedImpl.acquireConnectionIfNeeded(LogicalConnectionManagedImpl.java:113)
	at org.springframework.orm.jpa.vendor.HibernateJpaDialect.beginTransaction(HibernateJpaDialect.java:164)
	at org.springframework.orm.jpa.JpaTransactionManager.doBegin(JpaTransactionManager.java:420)
	at org.springframework.transaction.interceptor.TransactionAspectSupport.invokeWithinTransaction(TransactionAspectSupport.java:386)
	at org.springframework.transaction.interceptor.TransactionInterceptor.invoke(TransactionInterceptor.java:119)
	at com.example.assignment.ReportService$$SpringCGLIB$$0.buildClassReport(<generated>)
	at com.example.assignment.ReportController.classReport(ReportController.java:22)
	at java.base/jdk.internal.reflect.DirectMethodHandleAccessor.invoke(DirectMethodHandleAccessor.java:103)
	at java.base/java.lang.reflect.Method.invoke(Method.java:580)
	at org.springframework.web.method.support.InvocableHandlerMethod.doInvoke(InvocableHandlerMethod.java:255)
2026-09-16T14:51:07.403+09:00  INFO 1 --- [item-bank-api] [nio-8080-exec-8] com.example.assignment.ReportService     : built class report for class 3: 3 distributions, 10 submissions
2026-09-16T14:51:07.405+09:00  INFO 1 --- [item-bank-api] [nio-8080-exec-8] com.zaxxer.hikari.pool.ProxyLeakTask     : Previously reported leaked connection org.mariadb.jdbc.Connection@6e8f14d3 on thread http-nio-8080-exec-8 was returned to the pool (unleaked)
2026-09-16T14:51:10.498+09:00  INFO 1 --- [item-bank-api] [nio-8080-exec-5] com.example.assignment.ReportService     : built class report for class 3: 3 distributions, 10 submissions
2026-09-16T14:51:10.500+09:00  INFO 1 --- [item-bank-api] [nio-8080-exec-5] com.zaxxer.hikari.pool.ProxyLeakTask     : Previously reported leaked connection org.mariadb.jdbc.Connection@3f6c2a91 on thread http-nio-8080-exec-5 was returned to the pool (unleaked)
2026-09-16T14:51:13.904+09:00  WARN 1 --- [item-bank-api] [ool housekeeper] com.zaxxer.hikari.pool.ProxyLeakTask     : Connection leak detection triggered for org.mariadb.jdbc.Connection@5b0e9e0c on thread http-nio-8080-exec-4, stack trace follows
java.lang.Exception: Apparent connection leak detected
	at com.zaxxer.hikari.HikariDataSource.getConnection(HikariDataSource.java:127)
	at org.hibernate.engine.jdbc.connections.internal.DatasourceConnectionProviderImpl.getConnection(DatasourceConnectionProviderImpl.java:122)
	at org.hibernate.internal.NonContextualJdbcConnectionAccess.obtainConnection(NonContextualJdbcConnectionAccess.java:46)
	at org.hibernate.resource.jdbc.internal.LogicalConnectionManagedImpl.acquireConnectionIfNeeded(LogicalConnectionManagedImpl.java:113)
	at org.springframework.orm.jpa.vendor.HibernateJpaDialect.beginTransaction(HibernateJpaDialect.java:164)
	at org.springframework.orm.jpa.JpaTransactionManager.doBegin(JpaTransactionManager.java:420)
	at org.springframework.transaction.interceptor.TransactionAspectSupport.invokeWithinTransaction(TransactionAspectSupport.java:386)
	at org.springframework.transaction.interceptor.TransactionInterceptor.invoke(TransactionInterceptor.java:119)
	at com.example.assignment.ReportService$$SpringCGLIB$$0.buildClassReport(<generated>)
	at com.example.assignment.ReportController.classReport(ReportController.java:22)
	at java.base/jdk.internal.reflect.DirectMethodHandleAccessor.invoke(DirectMethodHandleAccessor.java:103)
	at java.base/java.lang.reflect.Method.invoke(Method.java:580)
	at org.springframework.web.method.support.InvocableHandlerMethod.doInvoke(InvocableHandlerMethod.java:255)
2026-09-16T14:51:17.724+09:00  WARN 1 --- [item-bank-api] [ool housekeeper] com.zaxxer.hikari.pool.ProxyLeakTask     : Connection leak detection triggered for org.mariadb.jdbc.Connection@71d4b8e2 on thread http-nio-8080-exec-7, stack trace follows
java.lang.Exception: Apparent connection leak detected
	at com.zaxxer.hikari.HikariDataSource.getConnection(HikariDataSource.java:127)
	at org.hibernate.engine.jdbc.connections.internal.DatasourceConnectionProviderImpl.getConnection(DatasourceConnectionProviderImpl.java:122)
	at org.hibernate.internal.NonContextualJdbcConnectionAccess.obtainConnection(NonContextualJdbcConnectionAccess.java:46)
	at org.hibernate.resource.jdbc.internal.LogicalConnectionManagedImpl.acquireConnectionIfNeeded(LogicalConnectionManagedImpl.java:113)
	at org.springframework.orm.jpa.vendor.HibernateJpaDialect.beginTransaction(HibernateJpaDialect.java:164)
	at org.springframework.orm.jpa.JpaTransactionManager.doBegin(JpaTransactionManager.java:420)
	at org.springframework.transaction.interceptor.TransactionAspectSupport.invokeWithinTransaction(TransactionAspectSupport.java:386)
	at org.springframework.transaction.interceptor.TransactionInterceptor.invoke(TransactionInterceptor.java:119)
	at com.example.assignment.ReportService$$SpringCGLIB$$0.buildClassReport(<generated>)
	at com.example.assignment.ReportController.classReport(ReportController.java:22)
	at java.base/jdk.internal.reflect.DirectMethodHandleAccessor.invoke(DirectMethodHandleAccessor.java:103)
	at java.base/java.lang.reflect.Method.invoke(Method.java:580)
	at org.springframework.web.method.support.InvocableHandlerMethod.doInvoke(InvocableHandlerMethod.java:255)
2026-09-16T14:51:21.417+09:00  INFO 1 --- [item-bank-api] [nio-8080-exec-4] com.example.assignment.ReportService     : built class report for class 3: 3 distributions, 10 submissions
2026-09-16T14:51:21.419+09:00  INFO 1 --- [item-bank-api] [nio-8080-exec-4] com.zaxxer.hikari.pool.ProxyLeakTask     : Previously reported leaked connection org.mariadb.jdbc.Connection@5b0e9e0c on thread http-nio-8080-exec-4 was returned to the pool (unleaked)
2026-09-16T14:51:24.599+09:00  INFO 1 --- [item-bank-api] [io-8080-exec-10] c.example.common.GlobalExceptionHandler  : not found: 문항이 없습니다: id=47 (/api/items/47)
2026-09-16T14:51:24.884+09:00  INFO 1 --- [item-bank-api] [nio-8080-exec-7] com.example.assignment.ReportService     : built class report for class 3: 3 distributions, 10 submissions
2026-09-16T14:51:24.886+09:00  INFO 1 --- [item-bank-api] [nio-8080-exec-7] com.zaxxer.hikari.pool.ProxyLeakTask     : Previously reported leaked connection org.mariadb.jdbc.Connection@71d4b8e2 on thread http-nio-8080-exec-7 was returned to the pool (unleaked)
2026-09-16T14:51:29.180+09:00  INFO 1 --- [item-bank-api] [nio-8080-exec-5] c.example.common.GlobalExceptionHandler  : no handler for /favicon.ico
2026-09-16T14:51:30.435+09:00  WARN 1 --- [item-bank-api] [ool housekeeper] com.zaxxer.hikari.pool.ProxyLeakTask     : Connection leak detection triggered for org.mariadb.jdbc.Connection@6e8f14d3 on thread http-nio-8080-exec-8, stack trace follows
java.lang.Exception: Apparent connection leak detected
	at com.zaxxer.hikari.HikariDataSource.getConnection(HikariDataSource.java:127)
	at org.hibernate.engine.jdbc.connections.internal.DatasourceConnectionProviderImpl.getConnection(DatasourceConnectionProviderImpl.java:122)
	at org.hibernate.internal.NonContextualJdbcConnectionAccess.obtainConnection(NonContextualJdbcConnectionAccess.java:46)
	at org.hibernate.resource.jdbc.internal.LogicalConnectionManagedImpl.acquireConnectionIfNeeded(LogicalConnectionManagedImpl.java:113)
	at org.springframework.orm.jpa.vendor.HibernateJpaDialect.beginTransaction(HibernateJpaDialect.java:164)
	at org.springframework.orm.jpa.JpaTransactionManager.doBegin(JpaTransactionManager.java:420)
	at org.springframework.transaction.interceptor.TransactionAspectSupport.invokeWithinTransaction(TransactionAspectSupport.java:386)
	at org.springframework.transaction.interceptor.TransactionInterceptor.invoke(TransactionInterceptor.java:119)
	at com.example.assignment.ReportService$$SpringCGLIB$$0.buildClassReport(<generated>)
	at com.example.assignment.ReportController.classReport(ReportController.java:22)
	at java.base/jdk.internal.reflect.DirectMethodHandleAccessor.invoke(DirectMethodHandleAccessor.java:103)
	at java.base/java.lang.reflect.Method.invoke(Method.java:580)
	at org.springframework.web.method.support.InvocableHandlerMethod.doInvoke(InvocableHandlerMethod.java:255)
2026-09-16T14:51:32.538+09:00  INFO 1 --- [item-bank-api] [io-8080-exec-10] c.example.common.GlobalExceptionHandler  : no handler for /api/unit
2026-09-16T14:51:39.329+09:00  INFO 1 --- [item-bank-api] [nio-8080-exec-8] com.example.assignment.ReportService     : built class report for class 3: 3 distributions, 10 submissions
2026-09-16T14:51:39.331+09:00  INFO 1 --- [item-bank-api] [nio-8080-exec-8] com.zaxxer.hikari.pool.ProxyLeakTask     : Previously reported leaked connection org.mariadb.jdbc.Connection@6e8f14d3 on thread http-nio-8080-exec-8 was returned to the pool (unleaked)
2026-09-16T14:52:01.374+09:00  INFO 1 --- [item-bank-api] [nio-8080-exec-2] c.e.assignment.DistributionService       : redistributed distribution 7 (assignment 5, class 3) reason=STU-1005 요청 — 제출 화면 오류
2026-09-16T14:52:50.953+09:00  INFO 1 --- [item-bank-api] [io-8080-exec-10] c.example.common.GlobalExceptionHandler  : no handler for /favicon.ico
2026-09-16T14:52:56.524+09:00  INFO 1 --- [item-bank-api] [nio-8080-exec-7] c.example.common.GlobalExceptionHandler  : no handler for /apple-touch-icon.png
2026-09-16T14:53:10.314+09:00  INFO 1 --- [item-bank-api] [nio-8080-exec-9] c.example.common.GlobalExceptionHandler  : no handler for /api/item/12
2026-09-16T14:53:12.075+09:00  INFO 1 --- [item-bank-api] [nio-8080-exec-7] c.example.common.GlobalExceptionHandler  : no handler for /robots.txt
2026-09-16T14:53:17.276+09:00  INFO 1 --- [item-bank-api] [nio-8080-exec-2] c.example.common.GlobalExceptionHandler  : no handler for /apple-touch-icon.png
2026-09-16T14:54:10.573+09:00  INFO 1 --- [item-bank-api] [nio-8080-exec-3] c.example.common.GlobalExceptionHandler  : no handler for /apple-touch-icon.png
2026-09-16T14:54:10.963+09:00  INFO 1 --- [item-bank-api] [nio-8080-exec-4] c.example.common.GlobalExceptionHandler  : no handler for /api/item/12
2026-09-16T14:54:27.301+09:00  INFO 1 --- [item-bank-api] [io-8080-exec-10] c.example.common.GlobalExceptionHandler  : no handler for /apple-touch-icon.png
2026-09-16T14:55:07.162+09:00  INFO 1 --- [item-bank-api] [nio-8080-exec-1] c.example.common.GlobalExceptionHandler  : no handler for /api/unit
2026-09-16T14:56:44.011+09:00  INFO 1 --- [item-bank-api] [nio-8080-exec-2] c.example.common.GlobalExceptionHandler  : no handler for /api/item/12
2026-09-16T14:57:10.600+09:00  INFO 1 --- [item-bank-api] [io-8080-exec-10] c.example.common.GlobalExceptionHandler  : no handler for /apple-touch-icon.png
2026-09-16T14:57:11.231+09:00  WARN 1 --- [item-bank-api] [nio-8080-exec-6] c.example.common.GlobalExceptionHandler  : state conflict: 마감된 과제는 재배포할 수 없습니다: distributionId=1 (/api/distributions/1/redistribute)
2026-09-16T14:57:28.125+09:00  INFO 1 --- [item-bank-api] [nio-8080-exec-6] c.example.common.GlobalExceptionHandler  : no handler for /api/unit
2026-09-16T14:57:57.901+09:00  INFO 1 --- [item-bank-api] [nio-8080-exec-4] c.example.common.GlobalExceptionHandler  : no handler for /apple-touch-icon.png
2026-09-16T15:00:24.804+09:00  INFO 1 --- [item-bank-api] [nio-8080-exec-2] c.example.common.GlobalExceptionHandler  : no handler for /api/item/12
2026-09-16T15:01:02.478+09:00  INFO 1 --- [item-bank-api] [nio-8080-exec-6] com.example.assignment.ReportService     : built class report for class 1: 3 distributions, 10 submissions
2026-09-16T15:01:05.005+09:00  INFO 1 --- [item-bank-api] [nio-8080-exec-5] c.example.common.GlobalExceptionHandler  : no handler for /robots.txt
2026-09-16T15:02:49.222+09:00  INFO 1 --- [item-bank-api] [io-8080-exec-10] c.example.common.GlobalExceptionHandler  : no handler for /api/unit
2026-09-16T15:04:59.399+09:00  INFO 1 --- [item-bank-api] [nio-8080-exec-4] c.example.common.GlobalExceptionHandler  : no handler for /api/unit
2026-09-16T15:05:01.576+09:00  INFO 1 --- [item-bank-api] [nio-8080-exec-1] c.example.common.GlobalExceptionHandler  : no handler for /robots.txt
2026-09-16T15:05:10.688+09:00  INFO 1 --- [item-bank-api] [nio-8080-exec-1] c.example.common.GlobalExceptionHandler  : not found: 문항이 없습니다: id=41 (/api/items/41)
2026-09-16T15:05:14.553+09:00  INFO 1 --- [item-bank-api] [nio-8080-exec-7] c.example.common.GlobalExceptionHandler  : no handler for /robots.txt
2026-09-16T15:05:28.112+09:00  INFO 1 --- [item-bank-api] [nio-8080-exec-2] c.example.common.GlobalExceptionHandler  : no handler for /apple-touch-icon.png
2026-09-16T15:05:52.394+09:00  INFO 1 --- [item-bank-api] [nio-8080-exec-5] c.example.common.GlobalExceptionHandler  : no handler for /api/unit
2026-09-16T15:06:03.423+09:00  INFO 1 --- [item-bank-api] [io-8080-exec-10] c.example.common.GlobalExceptionHandler  : not found: 배포가 없습니다: id=14 (/api/distributions/14)
2026-09-16T15:06:07.266+09:00  INFO 1 --- [item-bank-api] [nio-8080-exec-9] c.example.common.GlobalExceptionHandler  : no handler for /robots.txt
2026-09-16T15:06:16.900+09:00  INFO 1 --- [item-bank-api] [nio-8080-exec-3] c.example.common.GlobalExceptionHandler  : no handler for /apple-touch-icon.png
2026-09-16T15:06:22.852+09:00  INFO 1 --- [item-bank-api] [nio-8080-exec-7] c.example.common.GlobalExceptionHandler  : not found: 배포가 없습니다: id=13 (/api/distributions/13)
2026-09-16T15:06:58.603+09:00  INFO 1 --- [item-bank-api] [nio-8080-exec-2] c.example.common.GlobalExceptionHandler  : not found: 문항이 없습니다: id=38 (/api/items/38)
2026-09-16T15:07:22.390+09:00  INFO 1 --- [item-bank-api] [nio-8080-exec-2] c.example.common.GlobalExceptionHandler  : no handler for /api/item/12
2026-09-16T15:07:46.699+09:00  INFO 1 --- [item-bank-api] [nio-8080-exec-8] c.example.common.GlobalExceptionHandler  : not found: 문항이 없습니다: id=31 (/api/items/31)
2026-09-16T15:07:50.740+09:00  INFO 1 --- [item-bank-api] [nio-8080-exec-2] c.example.common.GlobalExceptionHandler  : no handler for /favicon.ico
2026-09-16T15:07:52.949+09:00  INFO 1 --- [item-bank-api] [nio-8080-exec-2] c.example.common.GlobalExceptionHandler  : no handler for /robots.txt
2026-09-16T15:07:58.112+09:00  INFO 1 --- [item-bank-api] [nio-8080-exec-6] c.example.common.GlobalExceptionHandler  : no handler for /api/item/12
2026-09-16T15:08:05.019+09:00  INFO 1 --- [item-bank-api] [io-8080-exec-10] c.example.common.GlobalExceptionHandler  : no handler for /favicon.ico
2026-09-16T15:08:32.515+09:00  INFO 1 --- [item-bank-api] [nio-8080-exec-1] c.example.common.GlobalExceptionHandler  : no handler for /robots.txt
2026-09-16T15:08:34.599+09:00  INFO 1 --- [item-bank-api] [nio-8080-exec-6] c.example.common.GlobalExceptionHandler  : no handler for /apple-touch-icon.png
2026-09-16T15:08:53.664+09:00  INFO 1 --- [item-bank-api] [io-8080-exec-10] c.example.common.GlobalExceptionHandler  : no handler for /robots.txt
2026-09-16T15:09:58.151+09:00  INFO 1 --- [item-bank-api] [nio-8080-exec-3] c.example.common.GlobalExceptionHandler  : no handler for /api/unit
2026-09-16T15:10:14.495+09:00  INFO 1 --- [item-bank-api] [nio-8080-exec-7] c.example.common.GlobalExceptionHandler  : not found: 단원이 없습니다: code=M7-1 (/api/units/M7-1/items)
2026-09-16T15:10:32.462+09:00  INFO 1 --- [item-bank-api] [nio-8080-exec-1] c.example.common.GlobalExceptionHandler  : no handler for /api/unit
2026-09-16T15:10:46.970+09:00  INFO 1 --- [item-bank-api] [nio-8080-exec-2] c.example.common.GlobalExceptionHandler  : no handler for /apple-touch-icon.png
2026-09-16T15:11:15.248+09:00  INFO 1 --- [item-bank-api] [nio-8080-exec-7] c.example.common.GlobalExceptionHandler  : no handler for /favicon.ico
2026-09-16T15:11:23.966+09:00  INFO 1 --- [item-bank-api] [nio-8080-exec-2] com.example.assignment.ReportService     : built class report for class 2: 3 distributions, 10 submissions
2026-09-16T15:11:49.051+09:00  INFO 1 --- [item-bank-api] [nio-8080-exec-6] c.example.common.GlobalExceptionHandler  : no handler for /favicon.ico
2026-09-16T15:12:05.692+09:00  INFO 1 --- [item-bank-api] [nio-8080-exec-7] c.example.common.GlobalExceptionHandler  : no handler for /api/unit
2026-09-16T15:12:09.314+09:00  INFO 1 --- [item-bank-api] [nio-8080-exec-9] c.example.common.GlobalExceptionHandler  : no handler for /apple-touch-icon.png
2026-09-16T15:12:28.120+09:00  INFO 1 --- [item-bank-api] [nio-8080-exec-1] c.example.common.GlobalExceptionHandler  : no handler for /favicon.ico
2026-09-16T15:14:29.868+09:00  INFO 1 --- [item-bank-api] [nio-8080-exec-7] c.example.common.GlobalExceptionHandler  : no handler for /api/item/12
2026-09-16T15:14:33.332+09:00  INFO 1 --- [item-bank-api] [nio-8080-exec-4] c.example.common.GlobalExceptionHandler  : no handler for /apple-touch-icon.png
2026-09-16T15:15:41.586+09:00  INFO 1 --- [item-bank-api] [nio-8080-exec-3] c.example.common.GlobalExceptionHandler  : not found: 배포가 없습니다: id=15 (/api/distributions/15)
2026-09-16T15:15:47.151+09:00  INFO 1 --- [item-bank-api] [nio-8080-exec-2] c.example.common.GlobalExceptionHandler  : no handler for /robots.txt
2026-09-16T15:15:50.163+09:00  INFO 1 --- [item-bank-api] [nio-8080-exec-9] c.example.common.GlobalExceptionHandler  : no handler for /api/item/12
2026-09-16T15:16:26.452+09:00  INFO 1 --- [item-bank-api] [nio-8080-exec-1] c.example.common.GlobalExceptionHandler  : not found: 문항이 없습니다: id=36 (/api/items/36)
2026-09-16T15:16:41.877+09:00  INFO 1 --- [item-bank-api] [nio-8080-exec-3] c.example.common.GlobalExceptionHandler  : no handler for /apple-touch-icon.png
2026-09-16T15:17:23.383+09:00  INFO 1 --- [item-bank-api] [nio-8080-exec-9] c.example.common.GlobalExceptionHandler  : not found: 단원이 없습니다: code=M7-1 (/api/units/M7-1/items)
2026-09-16T15:18:23.846+09:00  INFO 1 --- [item-bank-api] [nio-8080-exec-1] c.example.common.GlobalExceptionHandler  : no handler for /robots.txt
2026-09-16T15:18:24.831+09:00  INFO 1 --- [item-bank-api] [nio-8080-exec-4] c.example.common.GlobalExceptionHandler  : no handler for /api/unit
2026-09-16T15:18:25.427+09:00  INFO 1 --- [item-bank-api] [nio-8080-exec-7] c.example.common.GlobalExceptionHandler  : no handler for /apple-touch-icon.png
2026-09-16T15:18:50.550+09:00  INFO 1 --- [item-bank-api] [nio-8080-exec-2] c.example.common.GlobalExceptionHandler  : no handler for /favicon.ico
2026-09-16T15:19:38.453+09:00  INFO 1 --- [item-bank-api] [nio-8080-exec-7] c.example.common.GlobalExceptionHandler  : no handler for /apple-touch-icon.png
2026-09-16T15:20:12.223+09:00  INFO 1 --- [item-bank-api] [io-8080-exec-10] c.example.common.GlobalExceptionHandler  : no handler for /favicon.ico
2026-09-16T15:20:26.862+09:00  WARN 1 --- [item-bank-api] [nio-8080-exec-5] c.example.common.GlobalExceptionHandler  : state conflict: 마감된 과제는 재배포할 수 없습니다: distributionId=1 (/api/distributions/1/redistribute)
2026-09-16T15:20:36.139+09:00  INFO 1 --- [item-bank-api] [nio-8080-exec-2] c.example.common.GlobalExceptionHandler  : no handler for /api/unit
2026-09-16T15:21:00.461+09:00  INFO 1 --- [item-bank-api] [nio-8080-exec-1] c.example.common.GlobalExceptionHandler  : no handler for /favicon.ico
2026-09-16T15:21:01.671+09:00  INFO 1 --- [item-bank-api] [nio-8080-exec-7] c.example.common.GlobalExceptionHandler  : not found: 문항이 없습니다: id=48 (/api/items/48)
2026-09-16T15:21:15.577+09:00  INFO 1 --- [item-bank-api] [nio-8080-exec-8] c.example.common.GlobalExceptionHandler  : no handler for /api/unit
2026-09-16T15:21:24.235+09:00  INFO 1 --- [item-bank-api] [nio-8080-exec-2] c.example.common.GlobalExceptionHandler  : no handler for /api/item/12
2026-09-16T15:21:46.840+09:00  INFO 1 --- [item-bank-api] [nio-8080-exec-8] c.example.common.GlobalExceptionHandler  : no handler for /api/item/12
2026-09-16T15:21:47.501+09:00  INFO 1 --- [item-bank-api] [nio-8080-exec-9] c.example.common.GlobalExceptionHandler  : no handler for /api/unit
2026-09-16T15:21:56.006+09:00  INFO 1 --- [item-bank-api] [nio-8080-exec-2] c.example.common.GlobalExceptionHandler  : no handler for /api/unit
2026-09-16T15:22:22.608+09:00  INFO 1 --- [item-bank-api] [nio-8080-exec-5] c.example.common.GlobalExceptionHandler  : not found: 문항이 없습니다: id=32 (/api/items/32)
2026-09-16T15:22:37.196+09:00  INFO 1 --- [item-bank-api] [nio-8080-exec-7] c.example.common.GlobalExceptionHandler  : no handler for /apple-touch-icon.png
2026-09-16T15:22:56.839+09:00  INFO 1 --- [item-bank-api] [nio-8080-exec-9] c.example.common.GlobalExceptionHandler  : not found: 문항이 없습니다: id=45 (/api/items/45)
2026-09-16T15:23:35.277+09:00  INFO 1 --- [item-bank-api] [io-8080-exec-10] c.example.common.GlobalExceptionHandler  : no handler for /api/item/12
2026-09-16T15:23:46.603+09:00  INFO 1 --- [item-bank-api] [nio-8080-exec-3] c.example.common.GlobalExceptionHandler  : not found: 배포가 없습니다: id=15 (/api/distributions/15)
2026-09-16T15:24:03.896+09:00  INFO 1 --- [item-bank-api] [nio-8080-exec-4] c.example.common.GlobalExceptionHandler  : no handler for /robots.txt
2026-09-16T15:24:15.421+09:00  INFO 1 --- [item-bank-api] [nio-8080-exec-8] c.example.common.GlobalExceptionHandler  : no handler for /apple-touch-icon.png
2026-09-16T15:24:25.331+09:00  INFO 1 --- [item-bank-api] [io-8080-exec-10] c.example.common.GlobalExceptionHandler  : no handler for /apple-touch-icon.png
2026-09-16T15:24:26.871+09:00  INFO 1 --- [item-bank-api] [io-8080-exec-10] c.example.common.GlobalExceptionHandler  : no handler for /apple-touch-icon.png
2026-09-16T15:24:38.735+09:00  INFO 1 --- [item-bank-api] [nio-8080-exec-7] c.example.common.GlobalExceptionHandler  : no handler for /favicon.ico
2026-09-16T15:24:58.036+09:00  INFO 1 --- [item-bank-api] [nio-8080-exec-3] c.example.common.GlobalExceptionHandler  : no handler for /api/unit
2026-09-16T15:25:09.585+09:00  INFO 1 --- [item-bank-api] [nio-8080-exec-7] c.example.common.GlobalExceptionHandler  : not found: 문항이 없습니다: id=33 (/api/items/33)
2026-09-16T15:25:23.214+09:00  INFO 1 --- [item-bank-api] [nio-8080-exec-5] c.example.common.GlobalExceptionHandler  : no handler for /api/item/12
2026-09-16T15:25:34.283+09:00  INFO 1 --- [item-bank-api] [nio-8080-exec-6] c.example.common.GlobalExceptionHandler  : no handler for /apple-touch-icon.png
2026-09-16T15:25:45.386+09:00  INFO 1 --- [item-bank-api] [nio-8080-exec-8] c.example.common.GlobalExceptionHandler  : no handler for /robots.txt
2026-09-16T15:26:07.152+09:00  INFO 1 --- [item-bank-api] [nio-8080-exec-6] c.example.common.GlobalExceptionHandler  : not found: 문항이 없습니다: id=50 (/api/items/50)
2026-09-16T15:26:29.922+09:00  INFO 1 --- [item-bank-api] [nio-8080-exec-5] c.example.common.GlobalExceptionHandler  : not found: 문항이 없습니다: id=64 (/api/items/64)
2026-09-16T15:26:52.720+09:00  INFO 1 --- [item-bank-api] [nio-8080-exec-7] c.example.common.GlobalExceptionHandler  : no handler for /favicon.ico
2026-09-16T15:26:59.171+09:00  INFO 1 --- [item-bank-api] [nio-8080-exec-2] c.example.common.GlobalExceptionHandler  : no handler for /robots.txt
2026-09-16T15:27:16.732+09:00  INFO 1 --- [item-bank-api] [nio-8080-exec-5] c.example.common.GlobalExceptionHandler  : no handler for /apple-touch-icon.png
2026-09-16T15:27:34.883+09:00  INFO 1 --- [item-bank-api] [nio-8080-exec-3] c.example.common.GlobalExceptionHandler  : bad request: Method parameter 'id': Failed to convert value of type 'java.lang.String' to required type 'java.lang.Integer'; For input string: "null" (/api/items/null)
2026-09-16T15:27:35.900+09:00  INFO 1 --- [item-bank-api] [nio-8080-exec-3] c.example.common.GlobalExceptionHandler  : not found: 문항이 없습니다: id=54 (/api/items/54)
2026-09-16T15:27:56.212+09:00  INFO 1 --- [item-bank-api] [nio-8080-exec-1] c.example.common.GlobalExceptionHandler  : no handler for /favicon.ico
2026-09-16T15:28:00.427+09:00  INFO 1 --- [item-bank-api] [nio-8080-exec-3] c.example.common.GlobalExceptionHandler  : no handler for /api/unit
2026-09-16T15:28:46.857+09:00  INFO 1 --- [item-bank-api] [nio-8080-exec-9] c.example.common.GlobalExceptionHandler  : not found: 문항이 없습니다: id=41 (/api/items/41)
2026-09-16T15:29:29.661+09:00  INFO 1 --- [item-bank-api] [nio-8080-exec-7] c.example.common.GlobalExceptionHandler  : no handler for /robots.txt
2026-09-16T15:29:35.008+09:00  INFO 1 --- [item-bank-api] [nio-8080-exec-2] c.example.common.GlobalExceptionHandler  : no handler for /apple-touch-icon.png
2026-09-16T15:29:48.760+09:00  INFO 1 --- [item-bank-api] [nio-8080-exec-1] c.example.common.GlobalExceptionHandler  : no handler for /api/unit
